analysis,sample_size,elite_count,semi_elite_count,sample_id,sample_seed,perturbation_run,noise_seed,noise_amplitude,success,error,rmse
Logistic Regression,120,10,110,1,2027,1,12026,0.5,True,,0.2252711790439206
Multiple Linear Regression,120,10,110,1,2027,1,12026,0.5,True,,0.027513023469823927
Correlation Analysis,120,10,110,1,2027,1,12026,0.5,True,,0.03093009295795376
Variance Analysis,120,10,110,1,2027,1,12026,0.5,True,,0.21955137901934266
Logistic Regression,120,10,110,1,2027,2,12027,0.5,True,,0.21734149026658042
Multiple Linear Regression,120,10,110,1,2027,2,12027,0.5,True,,0.028898247807408326
Correlation Analysis,120,10,110,1,2027,2,12027,0.5,True,,0.03360496858252228
Variance Analysis,120,10,110,1,2027,2,12027,0.5,True,,0.13244176506951227
Logistic Regression,120,10,110,1,2027,3,12028,0.5,True,,0.26553491701114335
Multiple Linear Regression,120,10,110,1,2027,3,12028,0.5,True,,0.02761085991033973
Correlation Analysis,120,10,110,1,2027,3,12028,0.5,True,,0.030200678454204755
Variance Analysis,120,10,110,1,2027,3,12028,0.5,True,,0.16218980640574382
Logistic Regression,120,10,110,1,2027,4,12029,0.5,True,,0.16572416582743496
Multiple Linear Regression,120,10,110,1,2027,4,12029,0.5,True,,0.015532955769294775
Correlation Analysis,120,10,110,1,2027,4,12029,0.5,True,,0.03798535630378932
Variance Analysis,120,10,110,1,2027,4,12029,0.5,True,,0.17691167842004896
Logistic Regression,120,10,110,1,2027,5,12030,0.5,True,,0.11958914646037203
Multiple Linear Regression,120,10,110,1,2027,5,12030,0.5,True,,0.01782364879162178
Correlation Analysis,120,10,110,1,2027,5,12030,0.5,True,,0.041467885843562216
Variance Analysis,120,10,110,1,2027,5,12030,0.5,True,,0.14835155042239395
Logistic Regression,120,10,110,1,2027,6,12031,0.5,True,,0.16618584654262103
Multiple Linear Regression,120,10,110,1,2027,6,12031,0.5,True,,0.027956252148330772
Correlation Analysis,120,10,110,1,2027,6,12031,0.5,True,,0.04213956239837963
Variance Analysis,120,10,110,1,2027,6,12031,0.5,True,,0.22746388047637164
Logistic Regression,120,10,110,1,2027,7,12032,0.5,True,,0.15909326123436662
Multiple Linear Regression,120,10,110,1,2027,7,12032,0.5,True,,0.021984699311312916
Correlation Analysis,120,10,110,1,2027,7,12032,0.5,True,,0.03691093313559182
Variance Analysis,120,10,110,1,2027,7,12032,0.5,True,,0.16751082102323364
Logistic Regression,120,10,110,1,2027,8,12033,0.5,True,,0.16421547329233224
Multiple Linear Regression,120,10,110,1,2027,8,12033,0.5,True,,0.020197330908966023
Correlation Analysis,120,10,110,1,2027,8,12033,0.5,True,,0.030735762753385184
Variance Analysis,120,10,110,1,2027,8,12033,0.5,True,,0.1478342978970122
Logistic Regression,120,10,110,1,2027,9,12034,0.5,True,,0.1357280657431157
Multiple Linear Regression,120,10,110,1,2027,9,12034,0.5,True,,0.029740319550067344
Correlation Analysis,120,10,110,1,2027,9,12034,0.5,True,,0.03231707772687309
Variance Analysis,120,10,110,1,2027,9,12034,0.5,True,,0.13382700909529097
Logistic Regression,120,10,110,1,2027,10,12035,0.5,True,,0.2774235632016668
Multiple Linear Regression,120,10,110,1,2027,10,12035,0.5,True,,0.03873262290091447
Correlation Analysis,120,10,110,1,2027,10,12035,0.5,True,,0.044606295706338304
Variance Analysis,120,10,110,1,2027,10,12035,0.5,True,,0.13956031431089416
Logistic Regression,120,10,110,2,2028,1,22026,0.5,True,,0.15762818294371175
Multiple Linear Regression,120,10,110,2,2028,1,22026,0.5,True,,0.019781095931717195
Correlation Analysis,120,10,110,2,2028,1,22026,0.5,True,,0.04557971385914744
Variance Analysis,120,10,110,2,2028,1,22026,0.5,True,,0.17557549456350116
Logistic Regression,120,10,110,2,2028,2,22027,0.5,True,,0.10185245805712184
Multiple Linear Regression,120,10,110,2,2028,2,22027,0.5,True,,0.014219318870377624
Correlation Analysis,120,10,110,2,2028,2,22027,0.5,True,,0.036848075956526345
Variance Analysis,120,10,110,2,2028,2,22027,0.5,True,,0.16343251030016426
Logistic Regression,120,10,110,2,2028,3,22028,0.5,True,,0.2337889792889385
Multiple Linear Regression,120,10,110,2,2028,3,22028,0.5,True,,0.02027158356915186
Correlation Analysis,120,10,110,2,2028,3,22028,0.5,True,,0.032142037701095486
Variance Analysis,120,10,110,2,2028,3,22028,0.5,True,,0.15351017781663354
Logistic Regression,120,10,110,2,2028,4,22029,0.5,True,,0.1041578243132236
Multiple Linear Regression,120,10,110,2,2028,4,22029,0.5,True,,0.01822232166517566
Correlation Analysis,120,10,110,2,2028,4,22029,0.5,True,,0.03822616658552821
Variance Analysis,120,10,110,2,2028,4,22029,0.5,True,,0.13876843175211764
Logistic Regression,120,10,110,2,2028,5,22030,0.5,True,,0.15887508199881487
Multiple Linear Regression,120,10,110,2,2028,5,22030,0.5,True,,0.01669522726058987
Correlation Analysis,120,10,110,2,2028,5,22030,0.5,True,,0.035132566895066906
Variance Analysis,120,10,110,2,2028,5,22030,0.5,True,,0.1919336559347914
Logistic Regression,120,10,110,2,2028,6,22031,0.5,True,,0.12372660830684058
Multiple Linear Regression,120,10,110,2,2028,6,22031,0.5,True,,0.02279552196547012
Correlation Analysis,120,10,110,2,2028,6,22031,0.5,True,,0.026555445028180392
Variance Analysis,120,10,110,2,2028,6,22031,0.5,True,,0.21829676526393907
Logistic Regression,120,10,110,2,2028,7,22032,0.5,True,,0.19608936631287757
Multiple Linear Regression,120,10,110,2,2028,7,22032,0.5,True,,0.02347675306707656
Correlation Analysis,120,10,110,2,2028,7,22032,0.5,True,,0.03385434876902609
Variance Analysis,120,10,110,2,2028,7,22032,0.5,True,,0.13630326554581496
Logistic Regression,120,10,110,2,2028,8,22033,0.5,True,,0.14960263038039195
Multiple Linear Regression,120,10,110,2,2028,8,22033,0.5,True,,0.02816471204294042
Correlation Analysis,120,10,110,2,2028,8,22033,0.5,True,,0.04131872869019033
Variance Analysis,120,10,110,2,2028,8,22033,0.5,True,,0.19587095251505487
Logistic Regression,120,10,110,2,2028,9,22034,0.5,True,,0.1756421958491725
Multiple Linear Regression,120,10,110,2,2028,9,22034,0.5,True,,0.013696027324032738
Correlation Analysis,120,10,110,2,2028,9,22034,0.5,True,,0.031105014057045677
Variance Analysis,120,10,110,2,2028,9,22034,0.5,True,,0.18395868315371575
Logistic Regression,120,10,110,2,2028,10,22035,0.5,True,,0.1203993559392726
Multiple Linear Regression,120,10,110,2,2028,10,22035,0.5,True,,0.02693008124557682
Correlation Analysis,120,10,110,2,2028,10,22035,0.5,True,,0.0431866960644822
Variance Analysis,120,10,110,2,2028,10,22035,0.5,True,,0.17659193078048038
Logistic Regression,120,10,110,3,2029,1,32026,0.5,True,,0.14876239931531648
Multiple Linear Regression,120,10,110,3,2029,1,32026,0.5,True,,0.023650491396524954
Correlation Analysis,120,10,110,3,2029,1,32026,0.5,True,,0.03164290205462097
Variance Analysis,120,10,110,3,2029,1,32026,0.5,True,,0.10068094556374688
Logistic Regression,120,10,110,3,2029,2,32027,0.5,True,,0.17825724968257814
Multiple Linear Regression,120,10,110,3,2029,2,32027,0.5,True,,0.014082190406796861
Correlation Analysis,120,10,110,3,2029,2,32027,0.5,True,,0.033061915433832606
Variance Analysis,120,10,110,3,2029,2,32027,0.5,True,,0.19552245005808186
Logistic Regression,120,10,110,3,2029,3,32028,0.5,True,,0.15449155548415563
Multiple Linear Regression,120,10,110,3,2029,3,32028,0.5,True,,0.023025111662230736
Correlation Analysis,120,10,110,3,2029,3,32028,0.5,True,,0.04513131199176094
Variance Analysis,120,10,110,3,2029,3,32028,0.5,True,,0.0846914968181927
Logistic Regression,120,10,110,3,2029,4,32029,0.5,True,,0.14934652240715585
Multiple Linear Regression,120,10,110,3,2029,4,32029,0.5,True,,0.022822198063674776
Correlation Analysis,120,10,110,3,2029,4,32029,0.5,True,,0.040940798397071126
Variance Analysis,120,10,110,3,2029,4,32029,0.5,True,,0.14986361082307711
Logistic Regression,120,10,110,3,2029,5,32030,0.5,True,,0.11500625018229581
Multiple Linear Regression,120,10,110,3,2029,5,32030,0.5,True,,0.025641348943005755
Correlation Analysis,120,10,110,3,2029,5,32030,0.5,True,,0.03227898333813276
Variance Analysis,120,10,110,3,2029,5,32030,0.5,True,,0.17927192939172384
Logistic Regression,120,10,110,3,2029,6,32031,0.5,True,,0.26844713905336626
Multiple Linear Regression,120,10,110,3,2029,6,32031,0.5,True,,0.039963525376343
Correlation Analysis,120,10,110,3,2029,6,32031,0.5,True,,0.04043464490584153
Variance Analysis,120,10,110,3,2029,6,32031,0.5,True,,0.15269779764455443
Logistic Regression,120,10,110,3,2029,7,32032,0.5,True,,0.14952195154165
Multiple Linear Regression,120,10,110,3,2029,7,32032,0.5,True,,0.01897274521890637
Correlation Analysis,120,10,110,3,2029,7,32032,0.5,True,,0.03413720329827718
Variance Analysis,120,10,110,3,2029,7,32032,0.5,True,,0.21891838300892671
Logistic Regression,120,10,110,3,2029,8,32033,0.5,True,,0.166679849717756
Multiple Linear Regression,120,10,110,3,2029,8,32033,0.5,True,,0.014453116622136062
Correlation Analysis,120,10,110,3,2029,8,32033,0.5,True,,0.04511507367695778
Variance Analysis,120,10,110,3,2029,8,32033,0.5,True,,0.19302435190202955
Logistic Regression,120,10,110,3,2029,9,32034,0.5,True,,0.13888108236142133
Multiple Linear Regression,120,10,110,3,2029,9,32034,0.5,True,,0.015485308431049939
Correlation Analysis,120,10,110,3,2029,9,32034,0.5,True,,0.038218226427232035
Variance Analysis,120,10,110,3,2029,9,32034,0.5,True,,0.2182790249704617
Logistic Regression,120,10,110,3,2029,10,32035,0.5,True,,0.11661137315768236
Multiple Linear Regression,120,10,110,3,2029,10,32035,0.5,True,,0.02407102527491296
Correlation Analysis,120,10,110,3,2029,10,32035,0.5,True,,0.03717481027683481
Variance Analysis,120,10,110,3,2029,10,32035,0.5,True,,0.17967497091681195
Logistic Regression,120,10,110,4,2030,1,42026,0.5,True,,0.13751732653032725
Multiple Linear Regression,120,10,110,4,2030,1,42026,0.5,True,,0.024732889244053657
Correlation Analysis,120,10,110,4,2030,1,42026,0.5,True,,0.03512470729873703
Variance Analysis,120,10,110,4,2030,1,42026,0.5,True,,0.12167097373364198
Logistic Regression,120,10,110,4,2030,2,42027,0.5,True,,0.2603929556191118
Multiple Linear Regression,120,10,110,4,2030,2,42027,0.5,True,,0.04094637628924495
Correlation Analysis,120,10,110,4,2030,2,42027,0.5,True,,0.04060403258617808
Variance Analysis,120,10,110,4,2030,2,42027,0.5,True,,0.19794807634419875
Logistic Regression,120,10,110,4,2030,3,42028,0.5,True,,0.18162247176566043
Multiple Linear Regression,120,10,110,4,2030,3,42028,0.5,True,,0.04191656369923429
Correlation Analysis,120,10,110,4,2030,3,42028,0.5,True,,0.03337887317790102
Variance Analysis,120,10,110,4,2030,3,42028,0.5,True,,0.1122119793572979
Logistic Regression,120,10,110,4,2030,4,42029,0.5,True,,0.2380053737337532
Multiple Linear Regression,120,10,110,4,2030,4,42029,0.5,True,,0.025638434487852454
Correlation Analysis,120,10,110,4,2030,4,42029,0.5,True,,0.03633650880506101
Variance Analysis,120,10,110,4,2030,4,42029,0.5,True,,0.14116180348731683
Logistic Regression,120,10,110,4,2030,5,42030,0.5,True,,0.07911898691018546
Multiple Linear Regression,120,10,110,4,2030,5,42030,0.5,True,,0.01581927997928686
Correlation Analysis,120,10,110,4,2030,5,42030,0.5,True,,0.035949807276620095
Variance Analysis,120,10,110,4,2030,5,42030,0.5,True,,0.19513925491822087
Logistic Regression,120,10,110,4,2030,6,42031,0.5,True,,0.20816527685179342
Multiple Linear Regression,120,10,110,4,2030,6,42031,0.5,True,,0.013954024228985007
Correlation Analysis,120,10,110,4,2030,6,42031,0.5,True,,0.03830628262674767
Variance Analysis,120,10,110,4,2030,6,42031,0.5,True,,0.15802653224518534
Logistic Regression,120,10,110,4,2030,7,42032,0.5,True,,0.309072024878972
Multiple Linear Regression,120,10,110,4,2030,7,42032,0.5,True,,0.011264074350848455
Correlation Analysis,120,10,110,4,2030,7,42032,0.5,True,,0.03602705312531624
Variance Analysis,120,10,110,4,2030,7,42032,0.5,True,,0.17773962458896905
Logistic Regression,120,10,110,4,2030,8,42033,0.5,True,,0.16281046617922054
Multiple Linear Regression,120,10,110,4,2030,8,42033,0.5,True,,0.02048466376514407
Correlation Analysis,120,10,110,4,2030,8,42033,0.5,True,,0.03357152135857378
Variance Analysis,120,10,110,4,2030,8,42033,0.5,True,,0.19388733071185188
Logistic Regression,120,10,110,4,2030,9,42034,0.5,True,,0.1405517679940376
Multiple Linear Regression,120,10,110,4,2030,9,42034,0.5,True,,0.017587140192877587
Correlation Analysis,120,10,110,4,2030,9,42034,0.5,True,,0.040591135953851554
Variance Analysis,120,10,110,4,2030,9,42034,0.5,True,,0.14324654753215105
Logistic Regression,120,10,110,4,2030,10,42035,0.5,True,,0.2489845356744704
Multiple Linear Regression,120,10,110,4,2030,10,42035,0.5,True,,0.022722487302514267
Correlation Analysis,120,10,110,4,2030,10,42035,0.5,True,,0.029636603631789677
Variance Analysis,120,10,110,4,2030,10,42035,0.5,True,,0.12428886287298245
Logistic Regression,120,10,110,5,2031,1,52026,0.5,True,,0.1243216226982555
Multiple Linear Regression,120,10,110,5,2031,1,52026,0.5,True,,0.01648589452683524
Correlation Analysis,120,10,110,5,2031,1,52026,0.5,True,,0.030976811512775707
Variance Analysis,120,10,110,5,2031,1,52026,0.5,True,,0.1367968798986896
Logistic Regression,120,10,110,5,2031,2,52027,0.5,True,,0.21784768913749059
Multiple Linear Regression,120,10,110,5,2031,2,52027,0.5,True,,0.03386712567598457
Correlation Analysis,120,10,110,5,2031,2,52027,0.5,True,,0.030973897489045686
Variance Analysis,120,10,110,5,2031,2,52027,0.5,True,,0.1202344428952514
Logistic Regression,120,10,110,5,2031,3,52028,0.5,True,,0.09733464107188693
Multiple Linear Regression,120,10,110,5,2031,3,52028,0.5,True,,0.020184971648845383
Correlation Analysis,120,10,110,5,2031,3,52028,0.5,True,,0.04236077215425186
Variance Analysis,120,10,110,5,2031,3,52028,0.5,True,,0.151245873597911
Logistic Regression,120,10,110,5,2031,4,52029,0.5,True,,0.07643054461464353
Multiple Linear Regression,120,10,110,5,2031,4,52029,0.5,True,,0.02343230690777631
Correlation Analysis,120,10,110,5,2031,4,52029,0.5,True,,0.033980071108004085
Variance Analysis,120,10,110,5,2031,4,52029,0.5,True,,0.21547328919308492
Logistic Regression,120,10,110,5,2031,5,52030,0.5,True,,0.1656942655162141
Multiple Linear Regression,120,10,110,5,2031,5,52030,0.5,True,,0.018910894488590006
Correlation Analysis,120,10,110,5,2031,5,52030,0.5,True,,0.03614569216894828
Variance Analysis,120,10,110,5,2031,5,52030,0.5,True,,0.16541164070582928
Logistic Regression,120,10,110,5,2031,6,52031,0.5,True,,0.05781117324311342
Multiple Linear Regression,120,10,110,5,2031,6,52031,0.5,True,,0.013206779096510109
Correlation Analysis,120,10,110,5,2031,6,52031,0.5,True,,0.03558778375182922
Variance Analysis,120,10,110,5,2031,6,52031,0.5,True,,0.1705423513058796
Logistic Regression,120,10,110,5,2031,7,52032,0.5,True,,0.10551522804364595
Multiple Linear Regression,120,10,110,5,2031,7,52032,0.5,True,,0.02394454956916984
Correlation Analysis,120,10,110,5,2031,7,52032,0.5,True,,0.032977273973142575
Variance Analysis,120,10,110,5,2031,7,52032,0.5,True,,0.11695212065559804
Logistic Regression,120,10,110,5,2031,8,52033,0.5,True,,0.10713175583814538
Multiple Linear Regression,120,10,110,5,2031,8,52033,0.5,True,,0.028742807515570058
Correlation Analysis,120,10,110,5,2031,8,52033,0.5,True,,0.03429930851864056
Variance Analysis,120,10,110,5,2031,8,52033,0.5,True,,0.16259545472710304
Logistic Regression,120,10,110,5,2031,9,52034,0.5,True,,0.08002829191653046
Multiple Linear Regression,120,10,110,5,2031,9,52034,0.5,True,,0.012630287857225425
Correlation Analysis,120,10,110,5,2031,9,52034,0.5,True,,0.03565511918565828
Variance Analysis,120,10,110,5,2031,9,52034,0.5,True,,0.18148488840566354
Logistic Regression,120,10,110,5,2031,10,52035,0.5,True,,0.14076872938935145
Multiple Linear Regression,120,10,110,5,2031,10,52035,0.5,True,,0.031779029419448546
Correlation Analysis,120,10,110,5,2031,10,52035,0.5,True,,0.0393131581844688
Variance Analysis,120,10,110,5,2031,10,52035,0.5,True,,0.21963927658885102
Logistic Regression,120,10,110,6,2032,1,62026,0.5,True,,0.1212699346806821
Multiple Linear Regression,120,10,110,6,2032,1,62026,0.5,True,,0.01646816181855802
Correlation Analysis,120,10,110,6,2032,1,62026,0.5,True,,0.03071124848546028
Variance Analysis,120,10,110,6,2032,1,62026,0.5,True,,0.13076617074192476
Logistic Regression,120,10,110,6,2032,2,62027,0.5,True,,0.15133994535235432
Multiple Linear Regression,120,10,110,6,2032,2,62027,0.5,True,,0.021156280213179102
Correlation Analysis,120,10,110,6,2032,2,62027,0.5,True,,0.03814166139020915
Variance Analysis,120,10,110,6,2032,2,62027,0.5,True,,0.12925045478689387
Logistic Regression,120,10,110,6,2032,3,62028,0.5,True,,0.1536056303488533
Multiple Linear Regression,120,10,110,6,2032,3,62028,0.5,True,,0.029341185209446567
Correlation Analysis,120,10,110,6,2032,3,62028,0.5,True,,0.034447236651815795
Variance Analysis,120,10,110,6,2032,3,62028,0.5,True,,0.15111962093996523
Logistic Regression,120,10,110,6,2032,4,62029,0.5,True,,0.2135323499266049
Multiple Linear Regression,120,10,110,6,2032,4,62029,0.5,True,,0.032335084170993046
Correlation Analysis,120,10,110,6,2032,4,62029,0.5,True,,0.03218608685484642
Variance Analysis,120,10,110,6,2032,4,62029,0.5,True,,0.22221927601853342
Logistic Regression,120,10,110,6,2032,5,62030,0.5,True,,0.14987504494104162
Multiple Linear Regression,120,10,110,6,2032,5,62030,0.5,True,,0.01986167677156458
Correlation Analysis,120,10,110,6,2032,5,62030,0.5,True,,0.0484377963913849
Variance Analysis,120,10,110,6,2032,5,62030,0.5,True,,0.12693948971824992
Logistic Regression,120,10,110,6,2032,6,62031,0.5,True,,0.08691724143641957
Multiple Linear Regression,120,10,110,6,2032,6,62031,0.5,True,,0.02324429339937969
Correlation Analysis,120,10,110,6,2032,6,62031,0.5,True,,0.04162845535029031
Variance Analysis,120,10,110,6,2032,6,62031,0.5,True,,0.1638598978495671
Logistic Regression,120,10,110,6,2032,7,62032,0.5,True,,0.11336746408303978
Multiple Linear Regression,120,10,110,6,2032,7,62032,0.5,True,,0.020391431684082344
Correlation Analysis,120,10,110,6,2032,7,62032,0.5,True,,0.030047234061812245
Variance Analysis,120,10,110,6,2032,7,62032,0.5,True,,0.19236477041985023
Logistic Regression,120,10,110,6,2032,8,62033,0.5,True,,0.14121272179159158
Multiple Linear Regression,120,10,110,6,2032,8,62033,0.5,True,,0.02265754944705006
Correlation Analysis,120,10,110,6,2032,8,62033,0.5,True,,0.03160406372554544
Variance Analysis,120,10,110,6,2032,8,62033,0.5,True,,0.12114190465873192
Logistic Regression,120,10,110,6,2032,9,62034,0.5,True,,0.21344396554982062
Multiple Linear Regression,120,10,110,6,2032,9,62034,0.5,True,,0.0359419204086557
Correlation Analysis,120,10,110,6,2032,9,62034,0.5,True,,0.04480213914144926
Variance Analysis,120,10,110,6,2032,9,62034,0.5,True,,0.16867428756371716
Logistic Regression,120,10,110,6,2032,10,62035,0.5,True,,0.1259295014356058
Multiple Linear Regression,120,10,110,6,2032,10,62035,0.5,True,,0.02501059672984938
Correlation Analysis,120,10,110,6,2032,10,62035,0.5,True,,0.03531303080835175
Variance Analysis,120,10,110,6,2032,10,62035,0.5,True,,0.13377848460124683
Logistic Regression,120,10,110,7,2033,1,72026,0.5,True,,0.218527648641103
Multiple Linear Regression,120,10,110,7,2033,1,72026,0.5,True,,0.032792655736914436
Correlation Analysis,120,10,110,7,2033,1,72026,0.5,True,,0.029028477787150286
Variance Analysis,120,10,110,7,2033,1,72026,0.5,True,,0.167864914829325
Logistic Regression,120,10,110,7,2033,2,72027,0.5,True,,0.1787634748343564
Multiple Linear Regression,120,10,110,7,2033,2,72027,0.5,True,,0.020745841588702515
Correlation Analysis,120,10,110,7,2033,2,72027,0.5,True,,0.03054318395155988
Variance Analysis,120,10,110,7,2033,2,72027,0.5,True,,0.1905359530845563
Logistic Regression,120,10,110,7,2033,3,72028,0.5,True,,0.20912074702732839
Multiple Linear Regression,120,10,110,7,2033,3,72028,0.5,True,,0.014953887332155727
Correlation Analysis,120,10,110,7,2033,3,72028,0.5,True,,0.04645106553216522
Variance Analysis,120,10,110,7,2033,3,72028,0.5,True,,0.16929940987105452
Logistic Regression,120,10,110,7,2033,4,72029,0.5,True,,0.2350818576875582
Multiple Linear Regression,120,10,110,7,2033,4,72029,0.5,True,,0.016209981543331316
Correlation Analysis,120,10,110,7,2033,4,72029,0.5,True,,0.030734198974617526
Variance Analysis,120,10,110,7,2033,4,72029,0.5,True,,0.16792170305458062
Logistic Regression,120,10,110,7,2033,5,72030,0.5,True,,0.2081954139921579
Multiple Linear Regression,120,10,110,7,2033,5,72030,0.5,True,,0.02362010948476518
Correlation Analysis,120,10,110,7,2033,5,72030,0.5,True,,0.040005698599726774
Variance Analysis,120,10,110,7,2033,5,72030,0.5,True,,0.19206871740571835
Logistic Regression,120,10,110,7,2033,6,72031,0.5,True,,0.10818933881581125
Multiple Linear Regression,120,10,110,7,2033,6,72031,0.5,True,,0.019026976011256597
Correlation Analysis,120,10,110,7,2033,6,72031,0.5,True,,0.03872451219622997
Variance Analysis,120,10,110,7,2033,6,72031,0.5,True,,0.12665586429987266
Logistic Regression,120,10,110,7,2033,7,72032,0.5,True,,0.20843560495957145
Multiple Linear Regression,120,10,110,7,2033,7,72032,0.5,True,,0.027176637302536874
Correlation Analysis,120,10,110,7,2033,7,72032,0.5,True,,0.03453948298375952
Variance Analysis,120,10,110,7,2033,7,72032,0.5,True,,0.15714223296753585
Logistic Regression,120,10,110,7,2033,8,72033,0.5,True,,0.16815905652164417
Multiple Linear Regression,120,10,110,7,2033,8,72033,0.5,True,,0.019967488918172353
Correlation Analysis,120,10,110,7,2033,8,72033,0.5,True,,0.040742803259821464
Variance Analysis,120,10,110,7,2033,8,72033,0.5,True,,0.25781559673521715
Logistic Regression,120,10,110,7,2033,9,72034,0.5,True,,0.2133774623595732
Multiple Linear Regression,120,10,110,7,2033,9,72034,0.5,True,,0.02782125829532482
Correlation Analysis,120,10,110,7,2033,9,72034,0.5,True,,0.04222450385355562
Variance Analysis,120,10,110,7,2033,9,72034,0.5,True,,0.17584681759452603
Logistic Regression,120,10,110,7,2033,10,72035,0.5,True,,0.15743312738940937
Multiple Linear Regression,120,10,110,7,2033,10,72035,0.5,True,,0.020697125168217305
Correlation Analysis,120,10,110,7,2033,10,72035,0.5,True,,0.03417033227656603
Variance Analysis,120,10,110,7,2033,10,72035,0.5,True,,0.13666188410877436
Logistic Regression,120,10,110,8,2034,1,82026,0.5,True,,0.1425570716922232
Multiple Linear Regression,120,10,110,8,2034,1,82026,0.5,True,,0.024978291947089434
Correlation Analysis,120,10,110,8,2034,1,82026,0.5,True,,0.037490007023513114
Variance Analysis,120,10,110,8,2034,1,82026,0.5,True,,0.17144820952504888
Logistic Regression,120,10,110,8,2034,2,82027,0.5,True,,0.19977021895575076
Multiple Linear Regression,120,10,110,8,2034,2,82027,0.5,True,,0.02479653219882898
Correlation Analysis,120,10,110,8,2034,2,82027,0.5,True,,0.036215933143653234
Variance Analysis,120,10,110,8,2034,2,82027,0.5,True,,0.19355295216077997
Logistic Regression,120,10,110,8,2034,3,82028,0.5,True,,0.18498444978333942
Multiple Linear Regression,120,10,110,8,2034,3,82028,0.5,True,,0.0227217827227597
Correlation Analysis,120,10,110,8,2034,3,82028,0.5,True,,0.03131148272615908
Variance Analysis,120,10,110,8,2034,3,82028,0.5,True,,0.23459112876031432
Logistic Regression,120,10,110,8,2034,4,82029,0.5,True,,0.1818025276353434
Multiple Linear Regression,120,10,110,8,2034,4,82029,0.5,True,,0.01834266901749387
Correlation Analysis,120,10,110,8,2034,4,82029,0.5,True,,0.02621269339552833
Variance Analysis,120,10,110,8,2034,4,82029,0.5,True,,0.18908529161654922
Logistic Regression,120,10,110,8,2034,5,82030,0.5,True,,0.20598533105609096
Multiple Linear Regression,120,10,110,8,2034,5,82030,0.5,True,,0.02666805836975025
Correlation Analysis,120,10,110,8,2034,5,82030,0.5,True,,0.03313237438691945
Variance Analysis,120,10,110,8,2034,5,82030,0.5,True,,0.13458022164244648
Logistic Regression,120,10,110,8,2034,6,82031,0.5,True,,0.09988261258239946
Multiple Linear Regression,120,10,110,8,2034,6,82031,0.5,True,,0.01370742782209978
Correlation Analysis,120,10,110,8,2034,6,82031,0.5,True,,0.03786266426819739
Variance Analysis,120,10,110,8,2034,6,82031,0.5,True,,0.11328972780345944
Logistic Regression,120,10,110,8,2034,7,82032,0.5,True,,0.15900869801247647
Multiple Linear Regression,120,10,110,8,2034,7,82032,0.5,True,,0.030906605889995015
Correlation Analysis,120,10,110,8,2034,7,82032,0.5,True,,0.03808932383150053
Variance Analysis,120,10,110,8,2034,7,82032,0.5,True,,0.10656637315176434
Logistic Regression,120,10,110,8,2034,8,82033,0.5,True,,0.1370653305460975
Multiple Linear Regression,120,10,110,8,2034,8,82033,0.5,True,,0.02353445327811048
Correlation Analysis,120,10,110,8,2034,8,82033,0.5,True,,0.03147698405451536
Variance Analysis,120,10,110,8,2034,8,82033,0.5,True,,0.10501048999857605
Logistic Regression,120,10,110,8,2034,9,82034,0.5,True,,0.13239337923628952
Multiple Linear Regression,120,10,110,8,2034,9,82034,0.5,True,,0.019549617847740685
Correlation Analysis,120,10,110,8,2034,9,82034,0.5,True,,0.033513603748805014
Variance Analysis,120,10,110,8,2034,9,82034,0.5,True,,0.19937938404596117
Logistic Regression,120,10,110,8,2034,10,82035,0.5,True,,0.19887174537403277
Multiple Linear Regression,120,10,110,8,2034,10,82035,0.5,True,,0.011508606829075781
Correlation Analysis,120,10,110,8,2034,10,82035,0.5,True,,0.029890727898047822
Variance Analysis,120,10,110,8,2034,10,82035,0.5,True,,0.1611850590113009
Logistic Regression,120,10,110,9,2035,1,92026,0.5,True,,0.11525781215924297
Multiple Linear Regression,120,10,110,9,2035,1,92026,0.5,True,,0.017145259639636964
Correlation Analysis,120,10,110,9,2035,1,92026,0.5,True,,0.03640114040544088
Variance Analysis,120,10,110,9,2035,1,92026,0.5,True,,0.1681879633864769
Logistic Regression,120,10,110,9,2035,2,92027,0.5,True,,0.24597426446212814
Multiple Linear Regression,120,10,110,9,2035,2,92027,0.5,True,,0.029393086364754555
Correlation Analysis,120,10,110,9,2035,2,92027,0.5,True,,0.030891535454784253
Variance Analysis,120,10,110,9,2035,2,92027,0.5,True,,0.156171163868085
Logistic Regression,120,10,110,9,2035,3,92028,0.5,True,,0.20214551308777773
Multiple Linear Regression,120,10,110,9,2035,3,92028,0.5,True,,0.019124649454116092
Correlation Analysis,120,10,110,9,2035,3,92028,0.5,True,,0.03759157663474381
Variance Analysis,120,10,110,9,2035,3,92028,0.5,True,,0.265528083422423
Logistic Regression,120,10,110,9,2035,4,92029,0.5,True,,0.17497508539145945
Multiple Linear Regression,120,10,110,9,2035,4,92029,0.5,True,,0.023202762599557527
Correlation Analysis,120,10,110,9,2035,4,92029,0.5,True,,0.030226858484919253
Variance Analysis,120,10,110,9,2035,4,92029,0.5,True,,0.1422321255415004
Logistic Regression,120,10,110,9,2035,5,92030,0.5,True,,0.09484340793013836
Multiple Linear Regression,120,10,110,9,2035,5,92030,0.5,True,,0.016755799210922847
Correlation Analysis,120,10,110,9,2035,5,92030,0.5,True,,0.03143033477279077
Variance Analysis,120,10,110,9,2035,5,92030,0.5,True,,0.1990496662455616
Logistic Regression,120,10,110,9,2035,6,92031,0.5,True,,0.15734886526827407
Multiple Linear Regression,120,10,110,9,2035,6,92031,0.5,True,,0.023799664054397547
Correlation Analysis,120,10,110,9,2035,6,92031,0.5,True,,0.03755770203258658
Variance Analysis,120,10,110,9,2035,6,92031,0.5,True,,0.1695259339044288
Logistic Regression,120,10,110,9,2035,7,92032,0.5,True,,0.18705880554449494
Multiple Linear Regression,120,10,110,9,2035,7,92032,0.5,True,,0.027669231973822345
Correlation Analysis,120,10,110,9,2035,7,92032,0.5,True,,0.03653311791947409
Variance Analysis,120,10,110,9,2035,7,92032,0.5,True,,0.1500793201868723
Logistic Regression,120,10,110,9,2035,8,92033,0.5,True,,0.09382953619142129
Multiple Linear Regression,120,10,110,9,2035,8,92033,0.5,True,,0.020189237006480606
Correlation Analysis,120,10,110,9,2035,8,92033,0.5,True,,0.033763566354622784
Variance Analysis,120,10,110,9,2035,8,92033,0.5,True,,0.09438450722810376
Logistic Regression,120,10,110,9,2035,9,92034,0.5,True,,0.25873348042748445
Multiple Linear Regression,120,10,110,9,2035,9,92034,0.5,True,,0.014532209318952903
Correlation Analysis,120,10,110,9,2035,9,92034,0.5,True,,0.03892383405875724
Variance Analysis,120,10,110,9,2035,9,92034,0.5,True,,0.193118452133794
Logistic Regression,120,10,110,9,2035,10,92035,0.5,True,,0.1449286149645749
Multiple Linear Regression,120,10,110,9,2035,10,92035,0.5,True,,0.02495512117595737
Correlation Analysis,120,10,110,9,2035,10,92035,0.5,True,,0.033477404908758446
Variance Analysis,120,10,110,9,2035,10,92035,0.5,True,,0.15730586976283858
Logistic Regression,120,10,110,10,2036,1,102026,0.5,True,,0.19208238499347594
Multiple Linear Regression,120,10,110,10,2036,1,102026,0.5,True,,0.02159527628560602
Correlation Analysis,120,10,110,10,2036,1,102026,0.5,True,,0.03510210831672626
Variance Analysis,120,10,110,10,2036,1,102026,0.5,True,,0.21618535325418606
Logistic Regression,120,10,110,10,2036,2,102027,0.5,True,,0.09072346857616183
Multiple Linear Regression,120,10,110,10,2036,2,102027,0.5,True,,0.012921735251159165
Correlation Analysis,120,10,110,10,2036,2,102027,0.5,True,,0.038944215745937746
Variance Analysis,120,10,110,10,2036,2,102027,0.5,True,,0.18044007302951562
Logistic Regression,120,10,110,10,2036,3,102028,0.5,True,,0.12638668250225504
Multiple Linear Regression,120,10,110,10,2036,3,102028,0.5,True,,0.023453241328731587
Correlation Analysis,120,10,110,10,2036,3,102028,0.5,True,,0.03111390695893804
Variance Analysis,120,10,110,10,2036,3,102028,0.5,True,,0.2083222481972654
Logistic Regression,120,10,110,10,2036,4,102029,0.5,True,,0.17601608041107483
Multiple Linear Regression,120,10,110,10,2036,4,102029,0.5,True,,0.025390069448015477
Correlation Analysis,120,10,110,10,2036,4,102029,0.5,True,,0.03191927085870119
Variance Analysis,120,10,110,10,2036,4,102029,0.5,True,,0.1885341019275199
Logistic Regression,120,10,110,10,2036,5,102030,0.5,True,,0.2574684771604517
Multiple Linear Regression,120,10,110,10,2036,5,102030,0.5,True,,0.018918256325961655
Correlation Analysis,120,10,110,10,2036,5,102030,0.5,True,,0.031032275021615444
Variance Analysis,120,10,110,10,2036,5,102030,0.5,True,,0.22593913752166614
Logistic Regression,120,10,110,10,2036,6,102031,0.5,True,,0.10093006039537636
Multiple Linear Regression,120,10,110,10,2036,6,102031,0.5,True,,0.020723490123993757
Correlation Analysis,120,10,110,10,2036,6,102031,0.5,True,,0.03698767563169732
Variance Analysis,120,10,110,10,2036,6,102031,0.5,True,,0.18133819017249914
Logistic Regression,120,10,110,10,2036,7,102032,0.5,True,,0.16061171126274565
Multiple Linear Regression,120,10,110,10,2036,7,102032,0.5,True,,0.018283311357056093
Correlation Analysis,120,10,110,10,2036,7,102032,0.5,True,,0.035669494995662854
Variance Analysis,120,10,110,10,2036,7,102032,0.5,True,,0.18318703162067337
Logistic Regression,120,10,110,10,2036,8,102033,0.5,True,,0.1099613497179766
Multiple Linear Regression,120,10,110,10,2036,8,102033,0.5,True,,0.010639024525642322
Correlation Analysis,120,10,110,10,2036,8,102033,0.5,True,,0.03345175217967429
Variance Analysis,120,10,110,10,2036,8,102033,0.5,True,,0.13392849554450378
Logistic Regression,120,10,110,10,2036,9,102034,0.5,True,,0.17656391707004138
Multiple Linear Regression,120,10,110,10,2036,9,102034,0.5,True,,0.025381837417832342
Correlation Analysis,120,10,110,10,2036,9,102034,0.5,True,,0.03083683221113489
Variance Analysis,120,10,110,10,2036,9,102034,0.5,True,,0.1959330180869628
Logistic Regression,120,10,110,10,2036,10,102035,0.5,True,,0.17645470415121625
Multiple Linear Regression,120,10,110,10,2036,10,102035,0.5,True,,0.0196791416601065
Correlation Analysis,120,10,110,10,2036,10,102035,0.5,True,,0.030624434800322668
Variance Analysis,120,10,110,10,2036,10,102035,0.5,True,,0.1924357995519851
Logistic Regression,180,15,165,1,2027,1,12026,0.5,True,,0.158162493113053
Multiple Linear Regression,180,15,165,1,2027,1,12026,0.5,True,,0.01946012949491673
Correlation Analysis,180,15,165,1,2027,1,12026,0.5,True,,0.02633781520798005
Variance Analysis,180,15,165,1,2027,1,12026,0.5,True,,0.14006330747794593
Logistic Regression,180,15,165,1,2027,2,12027,0.5,True,,0.11074940896250905
Multiple Linear Regression,180,15,165,1,2027,2,12027,0.5,True,,0.014549975102013212
Correlation Analysis,180,15,165,1,2027,2,12027,0.5,True,,0.03593879444971223
Variance Analysis,180,15,165,1,2027,2,12027,0.5,True,,0.10467515388985502
Logistic Regression,180,15,165,1,2027,3,12028,0.5,True,,0.24892731900590548
Multiple Linear Regression,180,15,165,1,2027,3,12028,0.5,True,,0.0281676933552011
Correlation Analysis,180,15,165,1,2027,3,12028,0.5,True,,0.026621280542296198
Variance Analysis,180,15,165,1,2027,3,12028,0.5,True,,0.1659736233049065
Logistic Regression,180,15,165,1,2027,4,12029,0.5,True,,0.07204723243172688
Multiple Linear Regression,180,15,165,1,2027,4,12029,0.5,True,,0.013849819538307037
Correlation Analysis,180,15,165,1,2027,4,12029,0.5,True,,0.030222885350691644
Variance Analysis,180,15,165,1,2027,4,12029,0.5,True,,0.18372308514792435
Logistic Regression,180,15,165,1,2027,5,12030,0.5,True,,0.14805001229490045
Multiple Linear Regression,180,15,165,1,2027,5,12030,0.5,True,,0.02242918932379718
Correlation Analysis,180,15,165,1,2027,5,12030,0.5,True,,0.024051647584992536
Variance Analysis,180,15,165,1,2027,5,12030,0.5,True,,0.12568809190661648
Logistic Regression,180,15,165,1,2027,6,12031,0.5,True,,0.06217193101054103
Multiple Linear Regression,180,15,165,1,2027,6,12031,0.5,True,,0.024335406464983042
Correlation Analysis,180,15,165,1,2027,6,12031,0.5,True,,0.031066172850004153
Variance Analysis,180,15,165,1,2027,6,12031,0.5,True,,0.11266570860239199
Logistic Regression,180,15,165,1,2027,7,12032,0.5,True,,0.07836383842886181
Multiple Linear Regression,180,15,165,1,2027,7,12032,0.5,True,,0.017930736656158245
Correlation Analysis,180,15,165,1,2027,7,12032,0.5,True,,0.02516294166416134
Variance Analysis,180,15,165,1,2027,7,12032,0.5,True,,0.13712856610420915
Logistic Regression,180,15,165,1,2027,8,12033,0.5,True,,0.19014701317287563
Multiple Linear Regression,180,15,165,1,2027,8,12033,0.5,True,,0.013994993412501742
Correlation Analysis,180,15,165,1,2027,8,12033,0.5,True,,0.025087197008990855
Variance Analysis,180,15,165,1,2027,8,12033,0.5,True,,0.08806557921596123
Logistic Regression,180,15,165,1,2027,9,12034,0.5,True,,0.08722364537222049
Multiple Linear Regression,180,15,165,1,2027,9,12034,0.5,True,,0.028173848417543314
Correlation Analysis,180,15,165,1,2027,9,12034,0.5,True,,0.032399118794680826
Variance Analysis,180,15,165,1,2027,9,12034,0.5,True,,0.14137680133841166
Logistic Regression,180,15,165,1,2027,10,12035,0.5,True,,0.07394511027233208
Multiple Linear Regression,180,15,165,1,2027,10,12035,0.5,True,,0.016855929429438955
Correlation Analysis,180,15,165,1,2027,10,12035,0.5,True,,0.033087854962301724
Variance Analysis,180,15,165,1,2027,10,12035,0.5,True,,0.19408952647697283
Logistic Regression,180,15,165,2,2028,1,22026,0.5,True,,0.12373225708676912
Multiple Linear Regression,180,15,165,2,2028,1,22026,0.5,True,,0.023578815746823235
Correlation Analysis,180,15,165,2,2028,1,22026,0.5,True,,0.03399599815105066
Variance Analysis,180,15,165,2,2028,1,22026,0.5,True,,0.11006798416061857
Logistic Regression,180,15,165,2,2028,2,22027,0.5,True,,0.14687756296367932
Multiple Linear Regression,180,15,165,2,2028,2,22027,0.5,True,,0.02299887942619002
Correlation Analysis,180,15,165,2,2028,2,22027,0.5,True,,0.027337196070763754
Variance Analysis,180,15,165,2,2028,2,22027,0.5,True,,0.178065599639731
Logistic Regression,180,15,165,2,2028,3,22028,0.5,True,,0.09822179582222225
Multiple Linear Regression,180,15,165,2,2028,3,22028,0.5,True,,0.018478282425435016
Correlation Analysis,180,15,165,2,2028,3,22028,0.5,True,,0.023990703496436182
Variance Analysis,180,15,165,2,2028,3,22028,0.5,True,,0.10665665096431093
Logistic Regression,180,15,165,2,2028,4,22029,0.5,True,,0.10005536397933648
Multiple Linear Regression,180,15,165,2,2028,4,22029,0.5,True,,0.008197716834589764
Correlation Analysis,180,15,165,2,2028,4,22029,0.5,True,,0.03255761062231856
Variance Analysis,180,15,165,2,2028,4,22029,0.5,True,,0.11514371447306956
Logistic Regression,180,15,165,2,2028,5,22030,0.5,True,,0.13514905220628837
Multiple Linear Regression,180,15,165,2,2028,5,22030,0.5,True,,0.015832617187151753
Correlation Analysis,180,15,165,2,2028,5,22030,0.5,True,,0.028178709730915272
Variance Analysis,180,15,165,2,2028,5,22030,0.5,True,,0.14047513989700888
Logistic Regression,180,15,165,2,2028,6,22031,0.5,True,,0.13394327565078978
Multiple Linear Regression,180,15,165,2,2028,6,22031,0.5,True,,0.01986736331940604
Correlation Analysis,180,15,165,2,2028,6,22031,0.5,True,,0.03234767539578993
Variance Analysis,180,15,165,2,2028,6,22031,0.5,True,,0.20189737794129659
Logistic Regression,180,15,165,2,2028,7,22032,0.5,True,,0.08666833062124267
Multiple Linear Regression,180,15,165,2,2028,7,22032,0.5,True,,0.016050658429032336
Correlation Analysis,180,15,165,2,2028,7,22032,0.5,True,,0.03041127069553262
Variance Analysis,180,15,165,2,2028,7,22032,0.5,True,,0.13463792252283854
Logistic Regression,180,15,165,2,2028,8,22033,0.5,True,,0.11164513845028864
Multiple Linear Regression,180,15,165,2,2028,8,22033,0.5,True,,0.01648103187793144
Correlation Analysis,180,15,165,2,2028,8,22033,0.5,True,,0.028649623290705396
Variance Analysis,180,15,165,2,2028,8,22033,0.5,True,,0.1035072735010334
Logistic Regression,180,15,165,2,2028,9,22034,0.5,True,,0.0644673586934905
Multiple Linear Regression,180,15,165,2,2028,9,22034,0.5,True,,0.009733557297396885
Correlation Analysis,180,15,165,2,2028,9,22034,0.5,True,,0.026271858123992457
Variance Analysis,180,15,165,2,2028,9,22034,0.5,True,,0.13662310363189434
Logistic Regression,180,15,165,2,2028,10,22035,0.5,True,,0.08884842616859082
Multiple Linear Regression,180,15,165,2,2028,10,22035,0.5,True,,0.015014773325705343
Correlation Analysis,180,15,165,2,2028,10,22035,0.5,True,,0.03853002628186504
Variance Analysis,180,15,165,2,2028,10,22035,0.5,True,,0.14905969789986276
Logistic Regression,180,15,165,3,2029,1,32026,0.5,True,,0.1134331452995762
Multiple Linear Regression,180,15,165,3,2029,1,32026,0.5,True,,0.016659864702788376
Correlation Analysis,180,15,165,3,2029,1,32026,0.5,True,,0.027108057533028154
Variance Analysis,180,15,165,3,2029,1,32026,0.5,True,,0.15996765506173938
Logistic Regression,180,15,165,3,2029,2,32027,0.5,True,,0.09998451327786946
Multiple Linear Regression,180,15,165,3,2029,2,32027,0.5,True,,0.02046683927500457
Correlation Analysis,180,15,165,3,2029,2,32027,0.5,True,,0.028797620704961203
Variance Analysis,180,15,165,3,2029,2,32027,0.5,True,,0.1068839944527717
Logistic Regression,180,15,165,3,2029,3,32028,0.5,True,,0.11185084813698488
Multiple Linear Regression,180,15,165,3,2029,3,32028,0.5,True,,0.015804391925147997
Correlation Analysis,180,15,165,3,2029,3,32028,0.5,True,,0.02802038269727815
Variance Analysis,180,15,165,3,2029,3,32028,0.5,True,,0.15577090714801736
Logistic Regression,180,15,165,3,2029,4,32029,0.5,True,,0.04725619754508661
Multiple Linear Regression,180,15,165,3,2029,4,32029,0.5,True,,0.007890575112164585
Correlation Analysis,180,15,165,3,2029,4,32029,0.5,True,,0.02930294548516501
Variance Analysis,180,15,165,3,2029,4,32029,0.5,True,,0.1176055904450583
Logistic Regression,180,15,165,3,2029,5,32030,0.5,True,,0.12875566010293035
Multiple Linear Regression,180,15,165,3,2029,5,32030,0.5,True,,0.020175059983506157
Correlation Analysis,180,15,165,3,2029,5,32030,0.5,True,,0.033277295827486224
Variance Analysis,180,15,165,3,2029,5,32030,0.5,True,,0.11693752088957277
Logistic Regression,180,15,165,3,2029,6,32031,0.5,True,,0.055532326228417146
Multiple Linear Regression,180,15,165,3,2029,6,32031,0.5,True,,0.010169826469047414
Correlation Analysis,180,15,165,3,2029,6,32031,0.5,True,,0.02954371530841421
Variance Analysis,180,15,165,3,2029,6,32031,0.5,True,,0.15348318217436635
Logistic Regression,180,15,165,3,2029,7,32032,0.5,True,,0.13080302428720741
Multiple Linear Regression,180,15,165,3,2029,7,32032,0.5,True,,0.021223357473892875
Correlation Analysis,180,15,165,3,2029,7,32032,0.5,True,,0.026016948137478797
Variance Analysis,180,15,165,3,2029,7,32032,0.5,True,,0.09639631208391806
Logistic Regression,180,15,165,3,2029,8,32033,0.5,True,,0.09726862107108761
Multiple Linear Regression,180,15,165,3,2029,8,32033,0.5,True,,0.019138180155495236
Correlation Analysis,180,15,165,3,2029,8,32033,0.5,True,,0.025874962924737687
Variance Analysis,180,15,165,3,2029,8,32033,0.5,True,,0.1697749532535381
Logistic Regression,180,15,165,3,2029,9,32034,0.5,True,,0.08656416416335477
Multiple Linear Regression,180,15,165,3,2029,9,32034,0.5,True,,0.015946740361104977
Correlation Analysis,180,15,165,3,2029,9,32034,0.5,True,,0.027060607620193074
Variance Analysis,180,15,165,3,2029,9,32034,0.5,True,,0.14714636268993858
Logistic Regression,180,15,165,3,2029,10,32035,0.5,True,,0.10426177816895572
Multiple Linear Regression,180,15,165,3,2029,10,32035,0.5,True,,0.021365907976529458
Correlation Analysis,180,15,165,3,2029,10,32035,0.5,True,,0.034060896673219376
Variance Analysis,180,15,165,3,2029,10,32035,0.5,True,,0.12876203290446187
Logistic Regression,180,15,165,4,2030,1,42026,0.5,True,,0.09386030019457224
Multiple Linear Regression,180,15,165,4,2030,1,42026,0.5,True,,0.013650611347941549
Correlation Analysis,180,15,165,4,2030,1,42026,0.5,True,,0.030346445760103043
Variance Analysis,180,15,165,4,2030,1,42026,0.5,True,,0.12047850186690187
Logistic Regression,180,15,165,4,2030,2,42027,0.5,True,,0.08175851026136914
Multiple Linear Regression,180,15,165,4,2030,2,42027,0.5,True,,0.02304325612885624
Correlation Analysis,180,15,165,4,2030,2,42027,0.5,True,,0.030759112477163283
Variance Analysis,180,15,165,4,2030,2,42027,0.5,True,,0.126358550896545
Logistic Regression,180,15,165,4,2030,3,42028,0.5,True,,0.13942081604167186
Multiple Linear Regression,180,15,165,4,2030,3,42028,0.5,True,,0.020067951059877995
Correlation Analysis,180,15,165,4,2030,3,42028,0.5,True,,0.03374786549216671
Variance Analysis,180,15,165,4,2030,3,42028,0.5,True,,0.11474511827191812
Logistic Regression,180,15,165,4,2030,4,42029,0.5,True,,0.11738891648190682
Multiple Linear Regression,180,15,165,4,2030,4,42029,0.5,True,,0.013445184997220078
Correlation Analysis,180,15,165,4,2030,4,42029,0.5,True,,0.029636449916844828
Variance Analysis,180,15,165,4,2030,4,42029,0.5,True,,0.08681613459316782
Logistic Regression,180,15,165,4,2030,5,42030,0.5,True,,0.08110171070535209
Multiple Linear Regression,180,15,165,4,2030,5,42030,0.5,True,,0.013686788114473386
Correlation Analysis,180,15,165,4,2030,5,42030,0.5,True,,0.02783474847891526
Variance Analysis,180,15,165,4,2030,5,42030,0.5,True,,0.08649900472738568
Logistic Regression,180,15,165,4,2030,6,42031,0.5,True,,0.10317332586796228
Multiple Linear Regression,180,15,165,4,2030,6,42031,0.5,True,,0.021699278789263376
Correlation Analysis,180,15,165,4,2030,6,42031,0.5,True,,0.027749100227144125
Variance Analysis,180,15,165,4,2030,6,42031,0.5,True,,0.1227646628633121
Logistic Regression,180,15,165,4,2030,7,42032,0.5,True,,0.10166100872744241
Multiple Linear Regression,180,15,165,4,2030,7,42032,0.5,True,,0.018604583102277302
Correlation Analysis,180,15,165,4,2030,7,42032,0.5,True,,0.02831427077036026
Variance Analysis,180,15,165,4,2030,7,42032,0.5,True,,0.2565587329436416
Logistic Regression,180,15,165,4,2030,8,42033,0.5,True,,0.07569978402337715
Multiple Linear Regression,180,15,165,4,2030,8,42033,0.5,True,,0.018887542267601084
Correlation Analysis,180,15,165,4,2030,8,42033,0.5,True,,0.02762174838985294
Variance Analysis,180,15,165,4,2030,8,42033,0.5,True,,0.1580146665214945
Logistic Regression,180,15,165,4,2030,9,42034,0.5,True,,0.08500578224833574
Multiple Linear Regression,180,15,165,4,2030,9,42034,0.5,True,,0.00999983987546532
Correlation Analysis,180,15,165,4,2030,9,42034,0.5,True,,0.031060107360063552
Variance Analysis,180,15,165,4,2030,9,42034,0.5,True,,0.08897071515912348
Logistic Regression,180,15,165,4,2030,10,42035,0.5,True,,0.09382731179595395
Multiple Linear Regression,180,15,165,4,2030,10,42035,0.5,True,,0.014502033626335342
Correlation Analysis,180,15,165,4,2030,10,42035,0.5,True,,0.031004803990100433
Variance Analysis,180,15,165,4,2030,10,42035,0.5,True,,0.111231294904213
Logistic Regression,180,15,165,5,2031,1,52026,0.5,True,,0.09561662431996765
Multiple Linear Regression,180,15,165,5,2031,1,52026,0.5,True,,0.008123817620073222
Correlation Analysis,180,15,165,5,2031,1,52026,0.5,True,,0.0192865386088592
Variance Analysis,180,15,165,5,2031,1,52026,0.5,True,,0.08761327099920117
Logistic Regression,180,15,165,5,2031,2,52027,0.5,True,,0.1403885711472662
Multiple Linear Regression,180,15,165,5,2031,2,52027,0.5,True,,0.022675398200080715
Correlation Analysis,180,15,165,5,2031,2,52027,0.5,True,,0.022779587841456426
Variance Analysis,180,15,165,5,2031,2,52027,0.5,True,,0.136123366995353
Logistic Regression,180,15,165,5,2031,3,52028,0.5,True,,0.1267313296074012
Multiple Linear Regression,180,15,165,5,2031,3,52028,0.5,True,,0.016084504073446595
Correlation Analysis,180,15,165,5,2031,3,52028,0.5,True,,0.03586534537860798
Variance Analysis,180,15,165,5,2031,3,52028,0.5,True,,0.14138476682013054
Logistic Regression,180,15,165,5,2031,4,52029,0.5,True,,0.13497384739513887
Multiple Linear Regression,180,15,165,5,2031,4,52029,0.5,True,,0.015319650669582267
Correlation Analysis,180,15,165,5,2031,4,52029,0.5,True,,0.036407986279517565
Variance Analysis,180,15,165,5,2031,4,52029,0.5,True,,0.16376171841131415
Logistic Regression,180,15,165,5,2031,5,52030,0.5,True,,0.1023552148102142
Multiple Linear Regression,180,15,165,5,2031,5,52030,0.5,True,,0.020024840346295397
Correlation Analysis,180,15,165,5,2031,5,52030,0.5,True,,0.027918957730185625
Variance Analysis,180,15,165,5,2031,5,52030,0.5,True,,0.1419261595714723
Logistic Regression,180,15,165,5,2031,6,52031,0.5,True,,0.09086935309990661
Multiple Linear Regression,180,15,165,5,2031,6,52031,0.5,True,,0.02864236986409959
Correlation Analysis,180,15,165,5,2031,6,52031,0.5,True,,0.03346691422447064
Variance Analysis,180,15,165,5,2031,6,52031,0.5,True,,0.12472091222178014
Logistic Regression,180,15,165,5,2031,7,52032,0.5,True,,0.1358668309953309
Multiple Linear Regression,180,15,165,5,2031,7,52032,0.5,True,,0.021645110431107575
Correlation Analysis,180,15,165,5,2031,7,52032,0.5,True,,0.025778894250141203
Variance Analysis,180,15,165,5,2031,7,52032,0.5,True,,0.11895125093752736
Logistic Regression,180,15,165,5,2031,8,52033,0.5,True,,0.1166171705160502
Multiple Linear Regression,180,15,165,5,2031,8,52033,0.5,True,,0.02600246550257962
Correlation Analysis,180,15,165,5,2031,8,52033,0.5,True,,0.03125227442813209
Variance Analysis,180,15,165,5,2031,8,52033,0.5,True,,0.11970455803978808
Logistic Regression,180,15,165,5,2031,9,52034,0.5,True,,0.09864557972957883
Multiple Linear Regression,180,15,165,5,2031,9,52034,0.5,True,,0.013534682508581322
Correlation Analysis,180,15,165,5,2031,9,52034,0.5,True,,0.024781000944861603
Variance Analysis,180,15,165,5,2031,9,52034,0.5,True,,0.09924818738795677
Logistic Regression,180,15,165,5,2031,10,52035,0.5,True,,0.08190368393868139
Multiple Linear Regression,180,15,165,5,2031,10,52035,0.5,True,,0.018005670792813868
Correlation Analysis,180,15,165,5,2031,10,52035,0.5,True,,0.03443458336851748
Variance Analysis,180,15,165,5,2031,10,52035,0.5,True,,0.1484219474609181
Logistic Regression,180,15,165,6,2032,1,62026,0.5,True,,0.10388848654481786
Multiple Linear Regression,180,15,165,6,2032,1,62026,0.5,True,,0.006281199710598092
Correlation Analysis,180,15,165,6,2032,1,62026,0.5,True,,0.03092787324225829
Variance Analysis,180,15,165,6,2032,1,62026,0.5,True,,0.09425544397937972
Logistic Regression,180,15,165,6,2032,2,62027,0.5,True,,0.10953014896842375
Multiple Linear Regression,180,15,165,6,2032,2,62027,0.5,True,,0.022242961572409008
Correlation Analysis,180,15,165,6,2032,2,62027,0.5,True,,0.034526627265422126
Variance Analysis,180,15,165,6,2032,2,62027,0.5,True,,0.14180102351842927
Logistic Regression,180,15,165,6,2032,3,62028,0.5,True,,0.06544352354609184
Multiple Linear Regression,180,15,165,6,2032,3,62028,0.5,True,,0.016463385757876415
Correlation Analysis,180,15,165,6,2032,3,62028,0.5,True,,0.022645881963905604
Variance Analysis,180,15,165,6,2032,3,62028,0.5,True,,0.15439839151375703
Logistic Regression,180,15,165,6,2032,4,62029,0.5,True,,0.12767273378156313
Multiple Linear Regression,180,15,165,6,2032,4,62029,0.5,True,,0.021693317194007106
Correlation Analysis,180,15,165,6,2032,4,62029,0.5,True,,0.026663173104592264
Variance Analysis,180,15,165,6,2032,4,62029,0.5,True,,0.13756036639145922
Logistic Regression,180,15,165,6,2032,5,62030,0.5,True,,0.1222583360574652
Multiple Linear Regression,180,15,165,6,2032,5,62030,0.5,True,,0.012992905878658338
Correlation Analysis,180,15,165,6,2032,5,62030,0.5,True,,0.031647406349312304
Variance Analysis,180,15,165,6,2032,5,62030,0.5,True,,0.13889346694881388
Logistic Regression,180,15,165,6,2032,6,62031,0.5,True,,0.06195846539414861
Multiple Linear Regression,180,15,165,6,2032,6,62031,0.5,True,,0.010031833442493015
Correlation Analysis,180,15,165,6,2032,6,62031,0.5,True,,0.0411953771861603
Variance Analysis,180,15,165,6,2032,6,62031,0.5,True,,0.13338261854012579
Logistic Regression,180,15,165,6,2032,7,62032,0.5,True,,0.15712958621524548
Multiple Linear Regression,180,15,165,6,2032,7,62032,0.5,True,,0.02224884512663561
Correlation Analysis,180,15,165,6,2032,7,62032,0.5,True,,0.029703027828295425
Variance Analysis,180,15,165,6,2032,7,62032,0.5,True,,0.11594980196608526
Logistic Regression,180,15,165,6,2032,8,62033,0.5,True,,0.11627651384070083
Multiple Linear Regression,180,15,165,6,2032,8,62033,0.5,True,,0.021162743956212714
Correlation Analysis,180,15,165,6,2032,8,62033,0.5,True,,0.03121052187431766
Variance Analysis,180,15,165,6,2032,8,62033,0.5,True,,0.15366079236699018
Logistic Regression,180,15,165,6,2032,9,62034,0.5,True,,0.08130753760798537
Multiple Linear Regression,180,15,165,6,2032,9,62034,0.5,True,,0.01806222941064748
Correlation Analysis,180,15,165,6,2032,9,62034,0.5,True,,0.03514481177469258
Variance Analysis,180,15,165,6,2032,9,62034,0.5,True,,0.12573919644846665
Logistic Regression,180,15,165,6,2032,10,62035,0.5,True,,0.05876168312718144
Multiple Linear Regression,180,15,165,6,2032,10,62035,0.5,True,,0.01476409608098415
Correlation Analysis,180,15,165,6,2032,10,62035,0.5,True,,0.02606864735435135
Variance Analysis,180,15,165,6,2032,10,62035,0.5,True,,0.15184556296687
Logistic Regression,180,15,165,7,2033,1,72026,0.5,True,,0.1025276902843272
Multiple Linear Regression,180,15,165,7,2033,1,72026,0.5,True,,0.019337574004274438
Correlation Analysis,180,15,165,7,2033,1,72026,0.5,True,,0.03453174787556298
Variance Analysis,180,15,165,7,2033,1,72026,0.5,True,,0.11569093862665102
Logistic Regression,180,15,165,7,2033,2,72027,0.5,True,,0.14847847967650007
Multiple Linear Regression,180,15,165,7,2033,2,72027,0.5,True,,0.02330628692477586
Correlation Analysis,180,15,165,7,2033,2,72027,0.5,True,,0.022831748264548077
Variance Analysis,180,15,165,7,2033,2,72027,0.5,True,,0.1058603942109368
Logistic Regression,180,15,165,7,2033,3,72028,0.5,True,,0.0996373669295613
Multiple Linear Regression,180,15,165,7,2033,3,72028,0.5,True,,0.02008628034365382
Correlation Analysis,180,15,165,7,2033,3,72028,0.5,True,,0.03249396392497215
Variance Analysis,180,15,165,7,2033,3,72028,0.5,True,,0.143528919012078
Logistic Regression,180,15,165,7,2033,4,72029,0.5,True,,0.08443540761615954
Multiple Linear Regression,180,15,165,7,2033,4,72029,0.5,True,,0.027170946945862657
Correlation Analysis,180,15,165,7,2033,4,72029,0.5,True,,0.030988587793280144
Variance Analysis,180,15,165,7,2033,4,72029,0.5,True,,0.15244073514599402
Logistic Regression,180,15,165,7,2033,5,72030,0.5,True,,0.1122587913396737
Multiple Linear Regression,180,15,165,7,2033,5,72030,0.5,True,,0.021443435296013395
Correlation Analysis,180,15,165,7,2033,5,72030,0.5,True,,0.033025752131453735
Variance Analysis,180,15,165,7,2033,5,72030,0.5,True,,0.14838841729324842
Logistic Regression,180,15,165,7,2033,6,72031,0.5,True,,0.11217398690341304
Multiple Linear Regression,180,15,165,7,2033,6,72031,0.5,True,,0.012682643315930999
Correlation Analysis,180,15,165,7,2033,6,72031,0.5,True,,0.03322398036205997
Variance Analysis,180,15,165,7,2033,6,72031,0.5,True,,0.10752787739492342
Logistic Regression,180,15,165,7,2033,7,72032,0.5,True,,0.16816466644717112
Multiple Linear Regression,180,15,165,7,2033,7,72032,0.5,True,,0.02099892838431628
Correlation Analysis,180,15,165,7,2033,7,72032,0.5,True,,0.03321920389650706
Variance Analysis,180,15,165,7,2033,7,72032,0.5,True,,0.14437278966045602
Logistic Regression,180,15,165,7,2033,8,72033,0.5,True,,0.09065765879322157
Multiple Linear Regression,180,15,165,7,2033,8,72033,0.5,True,,0.017440129510802125
Correlation Analysis,180,15,165,7,2033,8,72033,0.5,True,,0.039666389773254436
Variance Analysis,180,15,165,7,2033,8,72033,0.5,True,,0.10853919377517057
Logistic Regression,180,15,165,7,2033,9,72034,0.5,True,,0.08116085501232553
Multiple Linear Regression,180,15,165,7,2033,9,72034,0.5,True,,0.01680843852872877
Correlation Analysis,180,15,165,7,2033,9,72034,0.5,True,,0.03320909172431359
Variance Analysis,180,15,165,7,2033,9,72034,0.5,True,,0.09488459377995516
Logistic Regression,180,15,165,7,2033,10,72035,0.5,True,,0.0915953233001039
Multiple Linear Regression,180,15,165,7,2033,10,72035,0.5,True,,0.011552897548900517
Correlation Analysis,180,15,165,7,2033,10,72035,0.5,True,,0.024040934464612734
Variance Analysis,180,15,165,7,2033,10,72035,0.5,True,,0.1503859534963757
Logistic Regression,180,15,165,8,2034,1,82026,0.5,True,,0.10772519321808052
Multiple Linear Regression,180,15,165,8,2034,1,82026,0.5,True,,0.015228337060091813
Correlation Analysis,180,15,165,8,2034,1,82026,0.5,True,,0.03218396089254449
Variance Analysis,180,15,165,8,2034,1,82026,0.5,True,,0.19703596414556546
Logistic Regression,180,15,165,8,2034,2,82027,0.5,True,,0.2663063290055082
Multiple Linear Regression,180,15,165,8,2034,2,82027,0.5,True,,0.021820922663175462
Correlation Analysis,180,15,165,8,2034,2,82027,0.5,True,,0.024543482319743723
Variance Analysis,180,15,165,8,2034,2,82027,0.5,True,,0.13200189426678607
Logistic Regression,180,15,165,8,2034,3,82028,0.5,True,,0.16414257963817366
Multiple Linear Regression,180,15,165,8,2034,3,82028,0.5,True,,0.01902312129444117
Correlation Analysis,180,15,165,8,2034,3,82028,0.5,True,,0.02930858842549361
Variance Analysis,180,15,165,8,2034,3,82028,0.5,True,,0.1906061667024775
Logistic Regression,180,15,165,8,2034,4,82029,0.5,True,,0.12536815179544478
Multiple Linear Regression,180,15,165,8,2034,4,82029,0.5,True,,0.016551894788958115
Correlation Analysis,180,15,165,8,2034,4,82029,0.5,True,,0.024320470352797552
Variance Analysis,180,15,165,8,2034,4,82029,0.5,True,,0.18760961433058612
Logistic Regression,180,15,165,8,2034,5,82030,0.5,True,,0.09877004608957198
Multiple Linear Regression,180,15,165,8,2034,5,82030,0.5,True,,0.011656184592733968
Correlation Analysis,180,15,165,8,2034,5,82030,0.5,True,,0.024749149627038294
Variance Analysis,180,15,165,8,2034,5,82030,0.5,True,,0.1051977348492455
Logistic Regression,180,15,165,8,2034,6,82031,0.5,True,,0.2616321241909083
Multiple Linear Regression,180,15,165,8,2034,6,82031,0.5,True,,0.0227173315924622
Correlation Analysis,180,15,165,8,2034,6,82031,0.5,True,,0.024290421342032457
Variance Analysis,180,15,165,8,2034,6,82031,0.5,True,,0.12094393691355868
Logistic Regression,180,15,165,8,2034,7,82032,0.5,True,,0.20630680204097368
Multiple Linear Regression,180,15,165,8,2034,7,82032,0.5,True,,0.024258065107598144
Correlation Analysis,180,15,165,8,2034,7,82032,0.5,True,,0.024787678861831582
Variance Analysis,180,15,165,8,2034,7,82032,0.5,True,,0.19257834998117612
Logistic Regression,180,15,165,8,2034,8,82033,0.5,True,,0.121722617833489
Multiple Linear Regression,180,15,165,8,2034,8,82033,0.5,True,,0.022260888007355643
Correlation Analysis,180,15,165,8,2034,8,82033,0.5,True,,0.03282380814795322
Variance Analysis,180,15,165,8,2034,8,82033,0.5,True,,0.1357288549994497
Logistic Regression,180,15,165,8,2034,9,82034,0.5,True,,0.17718743765206732
Multiple Linear Regression,180,15,165,8,2034,9,82034,0.5,True,,0.014099746971097612
Correlation Analysis,180,15,165,8,2034,9,82034,0.5,True,,0.025174640526000124
Variance Analysis,180,15,165,8,2034,9,82034,0.5,True,,0.10721826161022137
Logistic Regression,180,15,165,8,2034,10,82035,0.5,True,,0.19531447430491258
Multiple Linear Regression,180,15,165,8,2034,10,82035,0.5,True,,0.01495275584134274
Correlation Analysis,180,15,165,8,2034,10,82035,0.5,True,,0.02247851046042624
Variance Analysis,180,15,165,8,2034,10,82035,0.5,True,,0.20726831650256525
Logistic Regression,180,15,165,9,2035,1,92026,0.5,True,,0.07941292618898227
Multiple Linear Regression,180,15,165,9,2035,1,92026,0.5,True,,0.01958868806583105
Correlation Analysis,180,15,165,9,2035,1,92026,0.5,True,,0.03300942596418503
Variance Analysis,180,15,165,9,2035,1,92026,0.5,True,,0.12058636184543953
Logistic Regression,180,15,165,9,2035,2,92027,0.5,True,,0.09663351141287314
Multiple Linear Regression,180,15,165,9,2035,2,92027,0.5,True,,0.012282958032107842
Correlation Analysis,180,15,165,9,2035,2,92027,0.5,True,,0.033856283824920376
Variance Analysis,180,15,165,9,2035,2,92027,0.5,True,,0.12066474959365411
Logistic Regression,180,15,165,9,2035,3,92028,0.5,True,,0.1182025487845074
Multiple Linear Regression,180,15,165,9,2035,3,92028,0.5,True,,0.013952932123572428
Correlation Analysis,180,15,165,9,2035,3,92028,0.5,True,,0.030867239652298276
Variance Analysis,180,15,165,9,2035,3,92028,0.5,True,,0.15184830419936687
Logistic Regression,180,15,165,9,2035,4,92029,0.5,True,,0.1436793518443711
Multiple Linear Regression,180,15,165,9,2035,4,92029,0.5,True,,0.021256269865125944
Correlation Analysis,180,15,165,9,2035,4,92029,0.5,True,,0.031382824175669344
Variance Analysis,180,15,165,9,2035,4,92029,0.5,True,,0.16508834781331122
Logistic Regression,180,15,165,9,2035,5,92030,0.5,True,,0.16665936846224352
Multiple Linear Regression,180,15,165,9,2035,5,92030,0.5,True,,0.013593514222940051
Correlation Analysis,180,15,165,9,2035,5,92030,0.5,True,,0.02645075917012013
Variance Analysis,180,15,165,9,2035,5,92030,0.5,True,,0.13352871999592272
Logistic Regression,180,15,165,9,2035,6,92031,0.5,True,,0.14614407707861354
Multiple Linear Regression,180,15,165,9,2035,6,92031,0.5,True,,0.016391349321656316
Correlation Analysis,180,15,165,9,2035,6,92031,0.5,True,,0.03741228306553403
Variance Analysis,180,15,165,9,2035,6,92031,0.5,True,,0.15871661707574258
Logistic Regression,180,15,165,9,2035,7,92032,0.5,True,,0.07921849163523283
Multiple Linear Regression,180,15,165,9,2035,7,92032,0.5,True,,0.014961069040059323
Correlation Analysis,180,15,165,9,2035,7,92032,0.5,True,,0.03598708340730102
Variance Analysis,180,15,165,9,2035,7,92032,0.5,True,,0.13245145008925374
Logistic Regression,180,15,165,9,2035,8,92033,0.5,True,,0.11210069236352731
Multiple Linear Regression,180,15,165,9,2035,8,92033,0.5,True,,0.025876607309375743
Correlation Analysis,180,15,165,9,2035,8,92033,0.5,True,,0.03341564465233151
Variance Analysis,180,15,165,9,2035,8,92033,0.5,True,,0.1793462192724183
Logistic Regression,180,15,165,9,2035,9,92034,0.5,True,,0.1385646769345803
Multiple Linear Regression,180,15,165,9,2035,9,92034,0.5,True,,0.016098856165085242
Correlation Analysis,180,15,165,9,2035,9,92034,0.5,True,,0.033749907964279846
Variance Analysis,180,15,165,9,2035,9,92034,0.5,True,,0.17847615512111745
Logistic Regression,180,15,165,9,2035,10,92035,0.5,True,,0.19614009236614754
Multiple Linear Regression,180,15,165,9,2035,10,92035,0.5,True,,0.020369541155307244
Correlation Analysis,180,15,165,9,2035,10,92035,0.5,True,,0.025629196634797128
Variance Analysis,180,15,165,9,2035,10,92035,0.5,True,,0.13260166144981428
Logistic Regression,180,15,165,10,2036,1,102026,0.5,True,,0.11903304876478532
Multiple Linear Regression,180,15,165,10,2036,1,102026,0.5,True,,0.01594772082397364
Correlation Analysis,180,15,165,10,2036,1,102026,0.5,True,,0.036005825689763044
Variance Analysis,180,15,165,10,2036,1,102026,0.5,True,,0.1043541659960962
Logistic Regression,180,15,165,10,2036,2,102027,0.5,True,,0.11983707817602712
Multiple Linear Regression,180,15,165,10,2036,2,102027,0.5,True,,0.02776953815781592
Correlation Analysis,180,15,165,10,2036,2,102027,0.5,True,,0.019868731423225337
Variance Analysis,180,15,165,10,2036,2,102027,0.5,True,,0.06456621395046831
Logistic Regression,180,15,165,10,2036,3,102028,0.5,True,,0.10750309462015323
Multiple Linear Regression,180,15,165,10,2036,3,102028,0.5,True,,0.019890438124733036
Correlation Analysis,180,15,165,10,2036,3,102028,0.5,True,,0.03875853658461066
Variance Analysis,180,15,165,10,2036,3,102028,0.5,True,,0.1403505051046234
Logistic Regression,180,15,165,10,2036,4,102029,0.5,True,,0.10412541718350748
Multiple Linear Regression,180,15,165,10,2036,4,102029,0.5,True,,0.017534798923371762
Correlation Analysis,180,15,165,10,2036,4,102029,0.5,True,,0.03141085905470995
Variance Analysis,180,15,165,10,2036,4,102029,0.5,True,,0.19071217963129508
Logistic Regression,180,15,165,10,2036,5,102030,0.5,True,,0.13290820869548206
Multiple Linear Regression,180,15,165,10,2036,5,102030,0.5,True,,0.023899697210845644
Correlation Analysis,180,15,165,10,2036,5,102030,0.5,True,,0.02984695573359322
Variance Analysis,180,15,165,10,2036,5,102030,0.5,True,,0.11332081540491963
Logistic Regression,180,15,165,10,2036,6,102031,0.5,True,,0.05687646004809619
Multiple Linear Regression,180,15,165,10,2036,6,102031,0.5,True,,0.014867404282810682
Correlation Analysis,180,15,165,10,2036,6,102031,0.5,True,,0.025363158551070495
Variance Analysis,180,15,165,10,2036,6,102031,0.5,True,,0.13599251651199654
Logistic Regression,180,15,165,10,2036,7,102032,0.5,True,,0.10101509724975107
Multiple Linear Regression,180,15,165,10,2036,7,102032,0.5,True,,0.016242249707729018
Correlation Analysis,180,15,165,10,2036,7,102032,0.5,True,,0.029506480345285677
Variance Analysis,180,15,165,10,2036,7,102032,0.5,True,,0.12482948073059741
Logistic Regression,180,15,165,10,2036,8,102033,0.5,True,,0.07362747520885102
Multiple Linear Regression,180,15,165,10,2036,8,102033,0.5,True,,0.016611672594151798
Correlation Analysis,180,15,165,10,2036,8,102033,0.5,True,,0.03302531826161054
Variance Analysis,180,15,165,10,2036,8,102033,0.5,True,,0.10757398535020324
Logistic Regression,180,15,165,10,2036,9,102034,0.5,True,,0.17073247094813887
Multiple Linear Regression,180,15,165,10,2036,9,102034,0.5,True,,0.02978557636298124
Correlation Analysis,180,15,165,10,2036,9,102034,0.5,True,,0.02736788680182513
Variance Analysis,180,15,165,10,2036,9,102034,0.5,True,,0.16668950282418588
Logistic Regression,180,15,165,10,2036,10,102035,0.5,True,,0.11737814367011724
Multiple Linear Regression,180,15,165,10,2036,10,102035,0.5,True,,0.01649945543221726
Correlation Analysis,180,15,165,10,2036,10,102035,0.5,True,,0.019548625176516846
Variance Analysis,180,15,165,10,2036,10,102035,0.5,True,,0.09978518021700537
Logistic Regression,240,20,220,1,2027,1,12026,0.5,True,,0.10760818550592786
Multiple Linear Regression,240,20,220,1,2027,1,12026,0.5,True,,0.019896370882508122
Correlation Analysis,240,20,220,1,2027,1,12026,0.5,True,,0.02494645704747614
Variance Analysis,240,20,220,1,2027,1,12026,0.5,True,,0.1257412838119091
Logistic Regression,240,20,220,1,2027,2,12027,0.5,True,,0.08384779011001549
Multiple Linear Regression,240,20,220,1,2027,2,12027,0.5,True,,0.013962885816120195
Correlation Analysis,240,20,220,1,2027,2,12027,0.5,True,,0.023893687567930845
Variance Analysis,240,20,220,1,2027,2,12027,0.5,True,,0.10728590409823907
Logistic Regression,240,20,220,1,2027,3,12028,0.5,True,,0.13637489635175618
Multiple Linear Regression,240,20,220,1,2027,3,12028,0.5,True,,0.02120647873604046
Correlation Analysis,240,20,220,1,2027,3,12028,0.5,True,,0.02633130230520316
Variance Analysis,240,20,220,1,2027,3,12028,0.5,True,,0.15865676684876912
Logistic Regression,240,20,220,1,2027,4,12029,0.5,True,,0.09170037326447404
Multiple Linear Regression,240,20,220,1,2027,4,12029,0.5,True,,0.012844332851959026
Correlation Analysis,240,20,220,1,2027,4,12029,0.5,True,,0.026867013306620918
Variance Analysis,240,20,220,1,2027,4,12029,0.5,True,,0.14439081189555036
Logistic Regression,240,20,220,1,2027,5,12030,0.5,True,,0.12242165838005781
Multiple Linear Regression,240,20,220,1,2027,5,12030,0.5,True,,0.015545903661259741
Correlation Analysis,240,20,220,1,2027,5,12030,0.5,True,,0.02425952724763
Variance Analysis,240,20,220,1,2027,5,12030,0.5,True,,0.1517586185760597
Logistic Regression,240,20,220,1,2027,6,12031,0.5,True,,0.1363861412916902
Multiple Linear Regression,240,20,220,1,2027,6,12031,0.5,True,,0.015592618063094758
Correlation Analysis,240,20,220,1,2027,6,12031,0.5,True,,0.01976541980355538
Variance Analysis,240,20,220,1,2027,6,12031,0.5,True,,0.11307164638776594
Logistic Regression,240,20,220,1,2027,7,12032,0.5,True,,0.11531699200180374
Multiple Linear Regression,240,20,220,1,2027,7,12032,0.5,True,,0.013719027486025109
Correlation Analysis,240,20,220,1,2027,7,12032,0.5,True,,0.02378232150587176
Variance Analysis,240,20,220,1,2027,7,12032,0.5,True,,0.09046098255304266
Logistic Regression,240,20,220,1,2027,8,12033,0.5,True,,0.07112426734048509
Multiple Linear Regression,240,20,220,1,2027,8,12033,0.5,True,,0.01861293805658177
Correlation Analysis,240,20,220,1,2027,8,12033,0.5,True,,0.026148695350523624
Variance Analysis,240,20,220,1,2027,8,12033,0.5,True,,0.08701057639795465
Logistic Regression,240,20,220,1,2027,9,12034,0.5,True,,0.1307303046619328
Multiple Linear Regression,240,20,220,1,2027,9,12034,0.5,True,,0.015676020096807134
Correlation Analysis,240,20,220,1,2027,9,12034,0.5,True,,0.02470594619711742
Variance Analysis,240,20,220,1,2027,9,12034,0.5,True,,0.10517787935397992
Logistic Regression,240,20,220,1,2027,10,12035,0.5,True,,0.15402021967671814
Multiple Linear Regression,240,20,220,1,2027,10,12035,0.5,True,,0.01727481912173713
Correlation Analysis,240,20,220,1,2027,10,12035,0.5,True,,0.027411683624126295
Variance Analysis,240,20,220,1,2027,10,12035,0.5,True,,0.10211770230468994
Logistic Regression,240,20,220,2,2028,1,22026,0.5,True,,0.10420628336184502
Multiple Linear Regression,240,20,220,2,2028,1,22026,0.5,True,,0.020395205390974298
Correlation Analysis,240,20,220,2,2028,1,22026,0.5,True,,0.02360573844583103
Variance Analysis,240,20,220,2,2028,1,22026,0.5,True,,0.07285671261163751
Logistic Regression,240,20,220,2,2028,2,22027,0.5,True,,0.07468057717157515
Multiple Linear Regression,240,20,220,2,2028,2,22027,0.5,True,,0.015404557494809928
Correlation Analysis,240,20,220,2,2028,2,22027,0.5,True,,0.024676139591825644
Variance Analysis,240,20,220,2,2028,2,22027,0.5,True,,0.16082582052961128
Logistic Regression,240,20,220,2,2028,3,22028,0.5,True,,0.0644434917159241
Multiple Linear Regression,240,20,220,2,2028,3,22028,0.5,True,,0.013262177043316403
Correlation Analysis,240,20,220,2,2028,3,22028,0.5,True,,0.022001898787733218
Variance Analysis,240,20,220,2,2028,3,22028,0.5,True,,0.1637857235226687
Logistic Regression,240,20,220,2,2028,4,22029,0.5,True,,0.0922806576439239
Multiple Linear Regression,240,20,220,2,2028,4,22029,0.5,True,,0.017911420519349925
Correlation Analysis,240,20,220,2,2028,4,22029,0.5,True,,0.02411052399956568
Variance Analysis,240,20,220,2,2028,4,22029,0.5,True,,0.13569304138834104
Logistic Regression,240,20,220,2,2028,5,22030,0.5,True,,0.03908393730902096
Multiple Linear Regression,240,20,220,2,2028,5,22030,0.5,True,,0.01822400890102169
Correlation Analysis,240,20,220,2,2028,5,22030,0.5,True,,0.018752601795477282
Variance Analysis,240,20,220,2,2028,5,22030,0.5,True,,0.1293544212362403
Logistic Regression,240,20,220,2,2028,6,22031,0.5,True,,0.03731959145293558
Multiple Linear Regression,240,20,220,2,2028,6,22031,0.5,True,,0.012089004121573264
Correlation Analysis,240,20,220,2,2028,6,22031,0.5,True,,0.029808605555264447
Variance Analysis,240,20,220,2,2028,6,22031,0.5,True,,0.12661555693360554
Logistic Regression,240,20,220,2,2028,7,22032,0.5,True,,0.04467311854916671
Multiple Linear Regression,240,20,220,2,2028,7,22032,0.5,True,,0.009601709978680366
Correlation Analysis,240,20,220,2,2028,7,22032,0.5,True,,0.02959135257757841
Variance Analysis,240,20,220,2,2028,7,22032,0.5,True,,0.09440051184787329
Logistic Regression,240,20,220,2,2028,8,22033,0.5,True,,0.09462887394823036
Multiple Linear Regression,240,20,220,2,2028,8,22033,0.5,True,,0.020577499469029384
Correlation Analysis,240,20,220,2,2028,8,22033,0.5,True,,0.02458504178514848
Variance Analysis,240,20,220,2,2028,8,22033,0.5,True,,0.12354440363371548
Logistic Regression,240,20,220,2,2028,9,22034,0.5,True,,0.0849035616426182
Multiple Linear Regression,240,20,220,2,2028,9,22034,0.5,True,,0.016569197687041445
Correlation Analysis,240,20,220,2,2028,9,22034,0.5,True,,0.023885816932347384
Variance Analysis,240,20,220,2,2028,9,22034,0.5,True,,0.12139352019571756
Logistic Regression,240,20,220,2,2028,10,22035,0.5,True,,0.07094863916266812
Multiple Linear Regression,240,20,220,2,2028,10,22035,0.5,True,,0.017680035100851903
Correlation Analysis,240,20,220,2,2028,10,22035,0.5,True,,0.026428664158864384
Variance Analysis,240,20,220,2,2028,10,22035,0.5,True,,0.10435693763128608
Logistic Regression,240,20,220,3,2029,1,32026,0.5,True,,0.08832298717176933
Multiple Linear Regression,240,20,220,3,2029,1,32026,0.5,True,,0.016386667271592725
Correlation Analysis,240,20,220,3,2029,1,32026,0.5,True,,0.026555311335050374
Variance Analysis,240,20,220,3,2029,1,32026,0.5,True,,0.14212105301747088
Logistic Regression,240,20,220,3,2029,2,32027,0.5,True,,0.11712012032540713
Multiple Linear Regression,240,20,220,3,2029,2,32027,0.5,True,,0.021719631454480547
Correlation Analysis,240,20,220,3,2029,2,32027,0.5,True,,0.02688813960453802
Variance Analysis,240,20,220,3,2029,2,32027,0.5,True,,0.09613349099616161
Logistic Regression,240,20,220,3,2029,3,32028,0.5,True,,0.06906754205955157
Multiple Linear Regression,240,20,220,3,2029,3,32028,0.5,True,,0.008206942076027086
Correlation Analysis,240,20,220,3,2029,3,32028,0.5,True,,0.02485609326310887
Variance Analysis,240,20,220,3,2029,3,32028,0.5,True,,0.144139569868731
Logistic Regression,240,20,220,3,2029,4,32029,0.5,True,,0.12209236792359601
Multiple Linear Regression,240,20,220,3,2029,4,32029,0.5,True,,0.018374982222155282
Correlation Analysis,240,20,220,3,2029,4,32029,0.5,True,,0.020070658887928965
Variance Analysis,240,20,220,3,2029,4,32029,0.5,True,,0.14461270725132114
Logistic Regression,240,20,220,3,2029,5,32030,0.5,True,,0.08918067519258369
Multiple Linear Regression,240,20,220,3,2029,5,32030,0.5,True,,0.007048010656853932
Correlation Analysis,240,20,220,3,2029,5,32030,0.5,True,,0.029467892334112726
Variance Analysis,240,20,220,3,2029,5,32030,0.5,True,,0.10837738655030897
Logistic Regression,240,20,220,3,2029,6,32031,0.5,True,,0.08867011572511144
Multiple Linear Regression,240,20,220,3,2029,6,32031,0.5,True,,0.015884739012144336
Correlation Analysis,240,20,220,3,2029,6,32031,0.5,True,,0.026157173170604803
Variance Analysis,240,20,220,3,2029,6,32031,0.5,True,,0.12781591909541787
Logistic Regression,240,20,220,3,2029,7,32032,0.5,True,,0.07723396246270196
Multiple Linear Regression,240,20,220,3,2029,7,32032,0.5,True,,0.009810515103669664
Correlation Analysis,240,20,220,3,2029,7,32032,0.5,True,,0.026301799064561447
Variance Analysis,240,20,220,3,2029,7,32032,0.5,True,,0.15095037120184604
Logistic Regression,240,20,220,3,2029,8,32033,0.5,True,,0.11231474577033608
Multiple Linear Regression,240,20,220,3,2029,8,32033,0.5,True,,0.018382784552133578
Correlation Analysis,240,20,220,3,2029,8,32033,0.5,True,,0.02598236641492875
Variance Analysis,240,20,220,3,2029,8,32033,0.5,True,,0.12943513942884782
Logistic Regression,240,20,220,3,2029,9,32034,0.5,True,,0.05710156943347419
Multiple Linear Regression,240,20,220,3,2029,9,32034,0.5,True,,0.01042127860041383
Correlation Analysis,240,20,220,3,2029,9,32034,0.5,True,,0.034806449153988554
Variance Analysis,240,20,220,3,2029,9,32034,0.5,True,,0.07946693499589194
Logistic Regression,240,20,220,3,2029,10,32035,0.5,True,,0.0873697798322143
Multiple Linear Regression,240,20,220,3,2029,10,32035,0.5,True,,0.014663914473305542
Correlation Analysis,240,20,220,3,2029,10,32035,0.5,True,,0.0221134688743338
Variance Analysis,240,20,220,3,2029,10,32035,0.5,True,,0.1482957910285852
Logistic Regression,240,20,220,4,2030,1,42026,0.5,True,,0.09159767357007026
Multiple Linear Regression,240,20,220,4,2030,1,42026,0.5,True,,0.0166192526486498
Correlation Analysis,240,20,220,4,2030,1,42026,0.5,True,,0.02052534745154976
Variance Analysis,240,20,220,4,2030,1,42026,0.5,True,,0.11210024509261042
Logistic Regression,240,20,220,4,2030,2,42027,0.5,True,,0.12314724902716381
Multiple Linear Regression,240,20,220,4,2030,2,42027,0.5,True,,0.010281785230202298
Correlation Analysis,240,20,220,4,2030,2,42027,0.5,True,,0.02725466859257062
Variance Analysis,240,20,220,4,2030,2,42027,0.5,True,,0.09991132228501462
Logistic Regression,240,20,220,4,2030,3,42028,0.5,True,,0.06092170129395853
Multiple Linear Regression,240,20,220,4,2030,3,42028,0.5,True,,0.009026154356147325
Correlation Analysis,240,20,220,4,2030,3,42028,0.5,True,,0.02769797803286439
Variance Analysis,240,20,220,4,2030,3,42028,0.5,True,,0.11897379866560928
Logistic Regression,240,20,220,4,2030,4,42029,0.5,True,,0.08356621054950873
Multiple Linear Regression,240,20,220,4,2030,4,42029,0.5,True,,0.008704977501675601
Correlation Analysis,240,20,220,4,2030,4,42029,0.5,True,,0.023702321541466977
Variance Analysis,240,20,220,4,2030,4,42029,0.5,True,,0.2028316955620764
Logistic Regression,240,20,220,4,2030,5,42030,0.5,True,,0.16882889271101462
Multiple Linear Regression,240,20,220,4,2030,5,42030,0.5,True,,0.009042569096794517
Correlation Analysis,240,20,220,4,2030,5,42030,0.5,True,,0.027219561041846446
Variance Analysis,240,20,220,4,2030,5,42030,0.5,True,,0.19751504660573263
Logistic Regression,240,20,220,4,2030,6,42031,0.5,True,,0.060183747131595695
Multiple Linear Regression,240,20,220,4,2030,6,42031,0.5,True,,0.010189862427975666
Correlation Analysis,240,20,220,4,2030,6,42031,0.5,True,,0.029598889324457832
Variance Analysis,240,20,220,4,2030,6,42031,0.5,True,,0.1278771213837699
Logistic Regression,240,20,220,4,2030,7,42032,0.5,True,,0.08332540730732545
Multiple Linear Regression,240,20,220,4,2030,7,42032,0.5,True,,0.013063474007025476
Correlation Analysis,240,20,220,4,2030,7,42032,0.5,True,,0.022532585431848367
Variance Analysis,240,20,220,4,2030,7,42032,0.5,True,,0.10402277519031686
Logistic Regression,240,20,220,4,2030,8,42033,0.5,True,,0.11015701795138834
Multiple Linear Regression,240,20,220,4,2030,8,42033,0.5,True,,0.01700438212278612
Correlation Analysis,240,20,220,4,2030,8,42033,0.5,True,,0.015474537405274949
Variance Analysis,240,20,220,4,2030,8,42033,0.5,True,,0.1279191649899326
Logistic Regression,240,20,220,4,2030,9,42034,0.5,True,,0.07128797409477755
Multiple Linear Regression,240,20,220,4,2030,9,42034,0.5,True,,0.008925115696673777
Correlation Analysis,240,20,220,4,2030,9,42034,0.5,True,,0.03135729082361499
Variance Analysis,240,20,220,4,2030,9,42034,0.5,True,,0.17028603028501488
Logistic Regression,240,20,220,4,2030,10,42035,0.5,True,,0.06671183139199376
Multiple Linear Regression,240,20,220,4,2030,10,42035,0.5,True,,0.012999200013306844
Correlation Analysis,240,20,220,4,2030,10,42035,0.5,True,,0.019752602195705602
Variance Analysis,240,20,220,4,2030,10,42035,0.5,True,,0.1167301824677603
Logistic Regression,240,20,220,5,2031,1,52026,0.5,True,,0.0896854207981334
Multiple Linear Regression,240,20,220,5,2031,1,52026,0.5,True,,0.01506917549060344
Correlation Analysis,240,20,220,5,2031,1,52026,0.5,True,,0.024972846660108114
Variance Analysis,240,20,220,5,2031,1,52026,0.5,True,,0.14395353266210137
Logistic Regression,240,20,220,5,2031,2,52027,0.5,True,,0.06657429209262461
Multiple Linear Regression,240,20,220,5,2031,2,52027,0.5,True,,0.017517180546583095
Correlation Analysis,240,20,220,5,2031,2,52027,0.5,True,,0.020343497098939678
Variance Analysis,240,20,220,5,2031,2,52027,0.5,True,,0.10595825907022229
Logistic Regression,240,20,220,5,2031,3,52028,0.5,True,,0.09065517193608182
Multiple Linear Regression,240,20,220,5,2031,3,52028,0.5,True,,0.014923393584412576
Correlation Analysis,240,20,220,5,2031,3,52028,0.5,True,,0.022519691593985394
Variance Analysis,240,20,220,5,2031,3,52028,0.5,True,,0.11436121402711204
Logistic Regression,240,20,220,5,2031,4,52029,0.5,True,,0.07363657017640915
Multiple Linear Regression,240,20,220,5,2031,4,52029,0.5,True,,0.017483253533254424
Correlation Analysis,240,20,220,5,2031,4,52029,0.5,True,,0.030674932336862363
Variance Analysis,240,20,220,5,2031,4,52029,0.5,True,,0.08963621984902435
Logistic Regression,240,20,220,5,2031,5,52030,0.5,True,,0.08468333484571072
Multiple Linear Regression,240,20,220,5,2031,5,52030,0.5,True,,0.018190414355578926
Correlation Analysis,240,20,220,5,2031,5,52030,0.5,True,,0.031797975040947356
Variance Analysis,240,20,220,5,2031,5,52030,0.5,True,,0.11073070456495021
Logistic Regression,240,20,220,5,2031,6,52031,0.5,True,,0.07196009830992475
Multiple Linear Regression,240,20,220,5,2031,6,52031,0.5,True,,0.010982869786572138
Correlation Analysis,240,20,220,5,2031,6,52031,0.5,True,,0.023761480742019295
Variance Analysis,240,20,220,5,2031,6,52031,0.5,True,,0.16869842305248825
Logistic Regression,240,20,220,5,2031,7,52032,0.5,True,,0.0922991239660714
Multiple Linear Regression,240,20,220,5,2031,7,52032,0.5,True,,0.01527534424012768
Correlation Analysis,240,20,220,5,2031,7,52032,0.5,True,,0.024646739815994613
Variance Analysis,240,20,220,5,2031,7,52032,0.5,True,,0.1118721482686385
Logistic Regression,240,20,220,5,2031,8,52033,0.5,True,,0.09815907511660969
Multiple Linear Regression,240,20,220,5,2031,8,52033,0.5,True,,0.02300054589158004
Correlation Analysis,240,20,220,5,2031,8,52033,0.5,True,,0.0304287407810892
Variance Analysis,240,20,220,5,2031,8,52033,0.5,True,,0.10031237190482155
Logistic Regression,240,20,220,5,2031,9,52034,0.5,True,,0.11702022532074459
Multiple Linear Regression,240,20,220,5,2031,9,52034,0.5,True,,0.013215606889292401
Correlation Analysis,240,20,220,5,2031,9,52034,0.5,True,,0.023536121395762465
Variance Analysis,240,20,220,5,2031,9,52034,0.5,True,,0.17559607340862446
Logistic Regression,240,20,220,5,2031,10,52035,0.5,True,,0.0852320579501414
Multiple Linear Regression,240,20,220,5,2031,10,52035,0.5,True,,0.01807316487323595
Correlation Analysis,240,20,220,5,2031,10,52035,0.5,True,,0.025524600052443704
Variance Analysis,240,20,220,5,2031,10,52035,0.5,True,,0.10843974582774872
Logistic Regression,240,20,220,6,2032,1,62026,0.5,True,,0.07803231485306787
Multiple Linear Regression,240,20,220,6,2032,1,62026,0.5,True,,0.017601310728962205
Correlation Analysis,240,20,220,6,2032,1,62026,0.5,True,,0.021449046050158332
Variance Analysis,240,20,220,6,2032,1,62026,0.5,True,,0.10230418329127614
Logistic Regression,240,20,220,6,2032,2,62027,0.5,True,,0.09332209501908086
Multiple Linear Regression,240,20,220,6,2032,2,62027,0.5,True,,0.013923003720966087
Correlation Analysis,240,20,220,6,2032,2,62027,0.5,True,,0.027116273140434684
Variance Analysis,240,20,220,6,2032,2,62027,0.5,True,,0.12178010321299906
Logistic Regression,240,20,220,6,2032,3,62028,0.5,True,,0.060373789949683475
Multiple Linear Regression,240,20,220,6,2032,3,62028,0.5,True,,0.012333195327653871
Correlation Analysis,240,20,220,6,2032,3,62028,0.5,True,,0.02092100886814472
Variance Analysis,240,20,220,6,2032,3,62028,0.5,True,,0.10043171674931349
Logistic Regression,240,20,220,6,2032,4,62029,0.5,True,,0.06135930637528992
Multiple Linear Regression,240,20,220,6,2032,4,62029,0.5,True,,0.016160658853460425
Correlation Analysis,240,20,220,6,2032,4,62029,0.5,True,,0.025341951191967124
Variance Analysis,240,20,220,6,2032,4,62029,0.5,True,,0.12135324823263792
Logistic Regression,240,20,220,6,2032,5,62030,0.5,True,,0.12273208555511808
Multiple Linear Regression,240,20,220,6,2032,5,62030,0.5,True,,0.016552167429849007
Correlation Analysis,240,20,220,6,2032,5,62030,0.5,True,,0.024354529573647556
Variance Analysis,240,20,220,6,2032,5,62030,0.5,True,,0.0986642818113341
Logistic Regression,240,20,220,6,2032,6,62031,0.5,True,,0.1405516328224279
Multiple Linear Regression,240,20,220,6,2032,6,62031,0.5,True,,0.011075063629970239
Correlation Analysis,240,20,220,6,2032,6,62031,0.5,True,,0.029878811247452126
Variance Analysis,240,20,220,6,2032,6,62031,0.5,True,,0.10467681027364244
Logistic Regression,240,20,220,6,2032,7,62032,0.5,True,,0.05701044984435312
Multiple Linear Regression,240,20,220,6,2032,7,62032,0.5,True,,0.008625214973777958
Correlation Analysis,240,20,220,6,2032,7,62032,0.5,True,,0.02180159220160266
Variance Analysis,240,20,220,6,2032,7,62032,0.5,True,,0.11708656863237124
Logistic Regression,240,20,220,6,2032,8,62033,0.5,True,,0.09248537035064328
Multiple Linear Regression,240,20,220,6,2032,8,62033,0.5,True,,0.01720008689410614
Correlation Analysis,240,20,220,6,2032,8,62033,0.5,True,,0.028369231657323375
Variance Analysis,240,20,220,6,2032,8,62033,0.5,True,,0.1221664020727712
Logistic Regression,240,20,220,6,2032,9,62034,0.5,True,,0.07663748822113536
Multiple Linear Regression,240,20,220,6,2032,9,62034,0.5,True,,0.013370718269438303
Correlation Analysis,240,20,220,6,2032,9,62034,0.5,True,,0.02330507059619718
Variance Analysis,240,20,220,6,2032,9,62034,0.5,True,,0.1538382730645587
Logistic Regression,240,20,220,6,2032,10,62035,0.5,True,,0.09990309799454598
Multiple Linear Regression,240,20,220,6,2032,10,62035,0.5,True,,0.01820463508757656
Correlation Analysis,240,20,220,6,2032,10,62035,0.5,True,,0.025238837804717498
Variance Analysis,240,20,220,6,2032,10,62035,0.5,True,,0.09715427562460623
Logistic Regression,240,20,220,7,2033,1,72026,0.5,True,,0.07635759253871303
Multiple Linear Regression,240,20,220,7,2033,1,72026,0.5,True,,0.013690592866938812
Correlation Analysis,240,20,220,7,2033,1,72026,0.5,True,,0.02359883892392772
Variance Analysis,240,20,220,7,2033,1,72026,0.5,True,,0.11299479778524374
Logistic Regression,240,20,220,7,2033,2,72027,0.5,True,,0.06536985510185828
Multiple Linear Regression,240,20,220,7,2033,2,72027,0.5,True,,0.0070582687476437225
Correlation Analysis,240,20,220,7,2033,2,72027,0.5,True,,0.020320716946759076
Variance Analysis,240,20,220,7,2033,2,72027,0.5,True,,0.1389220091660982
Logistic Regression,240,20,220,7,2033,3,72028,0.5,True,,0.050804296124714335
Multiple Linear Regression,240,20,220,7,2033,3,72028,0.5,True,,0.009412138926899688
Correlation Analysis,240,20,220,7,2033,3,72028,0.5,True,,0.02697653113820935
Variance Analysis,240,20,220,7,2033,3,72028,0.5,True,,0.13679825297709639
Logistic Regression,240,20,220,7,2033,4,72029,0.5,True,,0.10019410103364272
Multiple Linear Regression,240,20,220,7,2033,4,72029,0.5,True,,0.01639643284554812
Correlation Analysis,240,20,220,7,2033,4,72029,0.5,True,,0.02704138214064648
Variance Analysis,240,20,220,7,2033,4,72029,0.5,True,,0.10325083961948035
Logistic Regression,240,20,220,7,2033,5,72030,0.5,True,,0.04737254378454793
Multiple Linear Regression,240,20,220,7,2033,5,72030,0.5,True,,0.020787357199655417
Correlation Analysis,240,20,220,7,2033,5,72030,0.5,True,,0.022065227817444688
Variance Analysis,240,20,220,7,2033,5,72030,0.5,True,,0.15279037751386906
Logistic Regression,240,20,220,7,2033,6,72031,0.5,True,,0.08150136427553716
Multiple Linear Regression,240,20,220,7,2033,6,72031,0.5,True,,0.01620214010179078
Correlation Analysis,240,20,220,7,2033,6,72031,0.5,True,,0.030232050891624326
Variance Analysis,240,20,220,7,2033,6,72031,0.5,True,,0.1203239492227845
Logistic Regression,240,20,220,7,2033,7,72032,0.5,True,,0.06870883353208884
Multiple Linear Regression,240,20,220,7,2033,7,72032,0.5,True,,0.012154695819558392
Correlation Analysis,240,20,220,7,2033,7,72032,0.5,True,,0.029018458646919525
Variance Analysis,240,20,220,7,2033,7,72032,0.5,True,,0.12285424462997149
Logistic Regression,240,20,220,7,2033,8,72033,0.5,True,,0.09271584352804826
Multiple Linear Regression,240,20,220,7,2033,8,72033,0.5,True,,0.0148526857639852
Correlation Analysis,240,20,220,7,2033,8,72033,0.5,True,,0.028927541131874023
Variance Analysis,240,20,220,7,2033,8,72033,0.5,True,,0.14558533979924762
Logistic Regression,240,20,220,7,2033,9,72034,0.5,True,,0.13567153138615012
Multiple Linear Regression,240,20,220,7,2033,9,72034,0.5,True,,0.02301200715807048
Correlation Analysis,240,20,220,7,2033,9,72034,0.5,True,,0.03435720578671933
Variance Analysis,240,20,220,7,2033,9,72034,0.5,True,,0.10147695046281224
Logistic Regression,240,20,220,7,2033,10,72035,0.5,True,,0.07790815176318071
Multiple Linear Regression,240,20,220,7,2033,10,72035,0.5,True,,0.013923286986832746
Correlation Analysis,240,20,220,7,2033,10,72035,0.5,True,,0.020958539640010942
Variance Analysis,240,20,220,7,2033,10,72035,0.5,True,,0.12676785856169664
Logistic Regression,240,20,220,8,2034,1,82026,0.5,True,,0.08450824609657995
Multiple Linear Regression,240,20,220,8,2034,1,82026,0.5,True,,0.01532308274762572
Correlation Analysis,240,20,220,8,2034,1,82026,0.5,True,,0.024450769225800962
Variance Analysis,240,20,220,8,2034,1,82026,0.5,True,,0.10093462132397364
Logistic Regression,240,20,220,8,2034,2,82027,0.5,True,,0.0795385421321566
Multiple Linear Regression,240,20,220,8,2034,2,82027,0.5,True,,0.021279786495344143
Correlation Analysis,240,20,220,8,2034,2,82027,0.5,True,,0.024396808908213993
Variance Analysis,240,20,220,8,2034,2,82027,0.5,True,,0.11627538569753873
Logistic Regression,240,20,220,8,2034,3,82028,0.5,True,,0.11984066628201008
Multiple Linear Regression,240,20,220,8,2034,3,82028,0.5,True,,0.01812914767703678
Correlation Analysis,240,20,220,8,2034,3,82028,0.5,True,,0.02572039541053871
Variance Analysis,240,20,220,8,2034,3,82028,0.5,True,,0.1690128804907045
Logistic Regression,240,20,220,8,2034,4,82029,0.5,True,,0.09061167391813386
Multiple Linear Regression,240,20,220,8,2034,4,82029,0.5,True,,0.01812584798649987
Correlation Analysis,240,20,220,8,2034,4,82029,0.5,True,,0.019648044285118033
Variance Analysis,240,20,220,8,2034,4,82029,0.5,True,,0.13955467036216265
Logistic Regression,240,20,220,8,2034,5,82030,0.5,True,,0.07612672273440842
Multiple Linear Regression,240,20,220,8,2034,5,82030,0.5,True,,0.02261899015972133
Correlation Analysis,240,20,220,8,2034,5,82030,0.5,True,,0.0301990772558312
Variance Analysis,240,20,220,8,2034,5,82030,0.5,True,,0.11091377859049792
Logistic Regression,240,20,220,8,2034,6,82031,0.5,True,,0.08130401553501694
Multiple Linear Regression,240,20,220,8,2034,6,82031,0.5,True,,0.01297867734048273
Correlation Analysis,240,20,220,8,2034,6,82031,0.5,True,,0.019975380751443
Variance Analysis,240,20,220,8,2034,6,82031,0.5,True,,0.13028169716813773
Logistic Regression,240,20,220,8,2034,7,82032,0.5,True,,0.07746734199741204
Multiple Linear Regression,240,20,220,8,2034,7,82032,0.5,True,,0.01839379921431671
Correlation Analysis,240,20,220,8,2034,7,82032,0.5,True,,0.03095764185665456
Variance Analysis,240,20,220,8,2034,7,82032,0.5,True,,0.17968994856395878
Logistic Regression,240,20,220,8,2034,8,82033,0.5,True,,0.11742234090456095
Multiple Linear Regression,240,20,220,8,2034,8,82033,0.5,True,,0.017598279667547265
Correlation Analysis,240,20,220,8,2034,8,82033,0.5,True,,0.027525735666585237
Variance Analysis,240,20,220,8,2034,8,82033,0.5,True,,0.10958562930189186
Logistic Regression,240,20,220,8,2034,9,82034,0.5,True,,0.0619109793931392
Multiple Linear Regression,240,20,220,8,2034,9,82034,0.5,True,,0.019390237024006617
Correlation Analysis,240,20,220,8,2034,9,82034,0.5,True,,0.02634509702755033
Variance Analysis,240,20,220,8,2034,9,82034,0.5,True,,0.08317978324030031
Logistic Regression,240,20,220,8,2034,10,82035,0.5,True,,0.050469503240353535
Multiple Linear Regression,240,20,220,8,2034,10,82035,0.5,True,,0.017919074596843592
Correlation Analysis,240,20,220,8,2034,10,82035,0.5,True,,0.025433035766142264
Variance Analysis,240,20,220,8,2034,10,82035,0.5,True,,0.14738413480330687
Logistic Regression,240,20,220,9,2035,1,92026,0.5,True,,0.04349049013746383
Multiple Linear Regression,240,20,220,9,2035,1,92026,0.5,True,,0.019395968411860077
Correlation Analysis,240,20,220,9,2035,1,92026,0.5,True,,0.02966558827298193
Variance Analysis,240,20,220,9,2035,1,92026,0.5,True,,0.15018686438487688
Logistic Regression,240,20,220,9,2035,2,92027,0.5,True,,0.10854333289545696
Multiple Linear Regression,240,20,220,9,2035,2,92027,0.5,True,,0.010615984855540918
Correlation Analysis,240,20,220,9,2035,2,92027,0.5,True,,0.024002661879820694
Variance Analysis,240,20,220,9,2035,2,92027,0.5,True,,0.1345139793539933
Logistic Regression,240,20,220,9,2035,3,92028,0.5,True,,0.053803743368242285
Multiple Linear Regression,240,20,220,9,2035,3,92028,0.5,True,,0.016842049918844304
Correlation Analysis,240,20,220,9,2035,3,92028,0.5,True,,0.029851946475053053
Variance Analysis,240,20,220,9,2035,3,92028,0.5,True,,0.1439134152798993
Logistic Regression,240,20,220,9,2035,4,92029,0.5,True,,0.06998785821405507
Multiple Linear Regression,240,20,220,9,2035,4,92029,0.5,True,,0.014316549460207013
Correlation Analysis,240,20,220,9,2035,4,92029,0.5,True,,0.030202021468120666
Variance Analysis,240,20,220,9,2035,4,92029,0.5,True,,0.1577963844626809
Logistic Regression,240,20,220,9,2035,5,92030,0.5,True,,0.10420861980157871
Multiple Linear Regression,240,20,220,9,2035,5,92030,0.5,True,,0.01002302380838946
Correlation Analysis,240,20,220,9,2035,5,92030,0.5,True,,0.02852766703375432
Variance Analysis,240,20,220,9,2035,5,92030,0.5,True,,0.16566706988342064
Logistic Regression,240,20,220,9,2035,6,92031,0.5,True,,0.06222994825463782
Multiple Linear Regression,240,20,220,9,2035,6,92031,0.5,True,,0.0161114866654325
Correlation Analysis,240,20,220,9,2035,6,92031,0.5,True,,0.020609003803347365
Variance Analysis,240,20,220,9,2035,6,92031,0.5,True,,0.12916917554223858
Logistic Regression,240,20,220,9,2035,7,92032,0.5,True,,0.07585610623702141
Multiple Linear Regression,240,20,220,9,2035,7,92032,0.5,True,,0.014842325876310082
Correlation Analysis,240,20,220,9,2035,7,92032,0.5,True,,0.021454713602557032
Variance Analysis,240,20,220,9,2035,7,92032,0.5,True,,0.13365458155125876
Logistic Regression,240,20,220,9,2035,8,92033,0.5,True,,0.07337419655115786
Multiple Linear Regression,240,20,220,9,2035,8,92033,0.5,True,,0.010309827252459285
Correlation Analysis,240,20,220,9,2035,8,92033,0.5,True,,0.02185476824738376
Variance Analysis,240,20,220,9,2035,8,92033,0.5,True,,0.12921648534333255
Logistic Regression,240,20,220,9,2035,9,92034,0.5,True,,0.1133533232098447
Multiple Linear Regression,240,20,220,9,2035,9,92034,0.5,True,,0.012422233418715694
Correlation Analysis,240,20,220,9,2035,9,92034,0.5,True,,0.024824310307794688
Variance Analysis,240,20,220,9,2035,9,92034,0.5,True,,0.09411420732937588
Logistic Regression,240,20,220,9,2035,10,92035,0.5,True,,0.0905484762750545
Multiple Linear Regression,240,20,220,9,2035,10,92035,0.5,True,,0.018453945402286363
Correlation Analysis,240,20,220,9,2035,10,92035,0.5,True,,0.02451736975570984
Variance Analysis,240,20,220,9,2035,10,92035,0.5,True,,0.09600041277677668
Logistic Regression,240,20,220,10,2036,1,102026,0.5,True,,0.06583131590377166
Multiple Linear Regression,240,20,220,10,2036,1,102026,0.5,True,,0.01251144776104841
Correlation Analysis,240,20,220,10,2036,1,102026,0.5,True,,0.02515049353168811
Variance Analysis,240,20,220,10,2036,1,102026,0.5,True,,0.13662905796373773
Logistic Regression,240,20,220,10,2036,2,102027,0.5,True,,0.061682958262883954
Multiple Linear Regression,240,20,220,10,2036,2,102027,0.5,True,,0.0129848653799529
Correlation Analysis,240,20,220,10,2036,2,102027,0.5,True,,0.02043230503315097
Variance Analysis,240,20,220,10,2036,2,102027,0.5,True,,0.1035817727516933
Logistic Regression,240,20,220,10,2036,3,102028,0.5,True,,0.09220234619488717
Multiple Linear Regression,240,20,220,10,2036,3,102028,0.5,True,,0.01405027721341241
Correlation Analysis,240,20,220,10,2036,3,102028,0.5,True,,0.02400248346413161
Variance Analysis,240,20,220,10,2036,3,102028,0.5,True,,0.15823161782930587
Logistic Regression,240,20,220,10,2036,4,102029,0.5,True,,0.07460544153816637
Multiple Linear Regression,240,20,220,10,2036,4,102029,0.5,True,,0.014131791841302076
Correlation Analysis,240,20,220,10,2036,4,102029,0.5,True,,0.028108861757675723
Variance Analysis,240,20,220,10,2036,4,102029,0.5,True,,0.12066322709846039
Logistic Regression,240,20,220,10,2036,5,102030,0.5,True,,0.0679465198850215
Multiple Linear Regression,240,20,220,10,2036,5,102030,0.5,True,,0.015412297605028942
Correlation Analysis,240,20,220,10,2036,5,102030,0.5,True,,0.025003561585896037
Variance Analysis,240,20,220,10,2036,5,102030,0.5,True,,0.11676183555012601
Logistic Regression,240,20,220,10,2036,6,102031,0.5,True,,0.09591708925977616
Multiple Linear Regression,240,20,220,10,2036,6,102031,0.5,True,,0.01963932591338375
Correlation Analysis,240,20,220,10,2036,6,102031,0.5,True,,0.026507151979437062
Variance Analysis,240,20,220,10,2036,6,102031,0.5,True,,0.13943387509851088
Logistic Regression,240,20,220,10,2036,7,102032,0.5,True,,0.07769421842130715
Multiple Linear Regression,240,20,220,10,2036,7,102032,0.5,True,,0.022788351655297596
Correlation Analysis,240,20,220,10,2036,7,102032,0.5,True,,0.021481553079718597
Variance Analysis,240,20,220,10,2036,7,102032,0.5,True,,0.11210270883261106
Logistic Regression,240,20,220,10,2036,8,102033,0.5,True,,0.06190984050897993
Multiple Linear Regression,240,20,220,10,2036,8,102033,0.5,True,,0.012983789589324304
Correlation Analysis,240,20,220,10,2036,8,102033,0.5,True,,0.02363352485768864
Variance Analysis,240,20,220,10,2036,8,102033,0.5,True,,0.08375195902283435
Logistic Regression,240,20,220,10,2036,9,102034,0.5,True,,0.123519209022017
Multiple Linear Regression,240,20,220,10,2036,9,102034,0.5,True,,0.022474622161127087
Correlation Analysis,240,20,220,10,2036,9,102034,0.5,True,,0.03003143087238261
Variance Analysis,240,20,220,10,2036,9,102034,0.5,True,,0.10033776309581754
Logistic Regression,240,20,220,10,2036,10,102035,0.5,True,,0.05124141611219281
Multiple Linear Regression,240,20,220,10,2036,10,102035,0.5,True,,0.010765441285214502
Correlation Analysis,240,20,220,10,2036,10,102035,0.5,True,,0.024140693069009053
Variance Analysis,240,20,220,10,2036,10,102035,0.5,True,,0.1188077282202208
Logistic Regression,300,25,275,full,2026,1,2026,0.5,True,,0.09916203200605478
Multiple Linear Regression,300,25,275,full,2026,1,2026,0.5,True,,0.009257843413271993
Correlation Analysis,300,25,275,full,2026,1,2026,0.5,True,,0.02058286782276066
Variance Analysis,300,25,275,full,2026,1,2026,0.5,True,,0.1365126325836887
Logistic Regression,300,25,275,full,2026,2,2027,0.5,True,,0.02887363496271382
Multiple Linear Regression,300,25,275,full,2026,2,2027,0.5,True,,0.010844835052274777
Correlation Analysis,300,25,275,full,2026,2,2027,0.5,True,,0.016220030462125508
Variance Analysis,300,25,275,full,2026,2,2027,0.5,True,,0.10141597299058779
Logistic Regression,300,25,275,full,2026,3,2028,0.5,True,,0.05375552171542676
Multiple Linear Regression,300,25,275,full,2026,3,2028,0.5,True,,0.011708587903000264
Correlation Analysis,300,25,275,full,2026,3,2028,0.5,True,,0.023846965731506485
Variance Analysis,300,25,275,full,2026,3,2028,0.5,True,,0.1201853587525858
Logistic Regression,300,25,275,full,2026,4,2029,0.5,True,,0.07332646753012499
Multiple Linear Regression,300,25,275,full,2026,4,2029,0.5,True,,0.013602480577969488
Correlation Analysis,300,25,275,full,2026,4,2029,0.5,True,,0.025243026818043145
Variance Analysis,300,25,275,full,2026,4,2029,0.5,True,,0.12269250545882054
Logistic Regression,300,25,275,full,2026,5,2030,0.5,True,,0.04967155680667519
Multiple Linear Regression,300,25,275,full,2026,5,2030,0.5,True,,0.01196035421512266
Correlation Analysis,300,25,275,full,2026,5,2030,0.5,True,,0.026540196399318913
Variance Analysis,300,25,275,full,2026,5,2030,0.5,True,,0.115438086319471
Logistic Regression,300,25,275,full,2026,6,2031,0.5,True,,0.05574837316708914
Multiple Linear Regression,300,25,275,full,2026,6,2031,0.5,True,,0.016343567723862123
Correlation Analysis,300,25,275,full,2026,6,2031,0.5,True,,0.020032211376440588
Variance Analysis,300,25,275,full,2026,6,2031,0.5,True,,0.12093325635554796
Logistic Regression,300,25,275,full,2026,7,2032,0.5,True,,0.09495835518986627
Multiple Linear Regression,300,25,275,full,2026,7,2032,0.5,True,,0.011283534353366645
Correlation Analysis,300,25,275,full,2026,7,2032,0.5,True,,0.023422202753095145
Variance Analysis,300,25,275,full,2026,7,2032,0.5,True,,0.11449637125862276
Logistic Regression,300,25,275,full,2026,8,2033,0.5,True,,0.045283900794632556
Multiple Linear Regression,300,25,275,full,2026,8,2033,0.5,True,,0.008894931421838172
Correlation Analysis,300,25,275,full,2026,8,2033,0.5,True,,0.025470012016767025
Variance Analysis,300,25,275,full,2026,8,2033,0.5,True,,0.11975591441697797
Logistic Regression,300,25,275,full,2026,9,2034,0.5,True,,0.08218673175246805
Multiple Linear Regression,300,25,275,full,2026,9,2034,0.5,True,,0.016817560281244107
Correlation Analysis,300,25,275,full,2026,9,2034,0.5,True,,0.017804033733419076
Variance Analysis,300,25,275,full,2026,9,2034,0.5,True,,0.1050326636898609
Logistic Regression,300,25,275,full,2026,10,2035,0.5,True,,0.0891739144809562
Multiple Linear Regression,300,25,275,full,2026,10,2035,0.5,True,,0.01055512819312445
Correlation Analysis,300,25,275,full,2026,10,2035,0.5,True,,0.02254230883876462
Variance Analysis,300,25,275,full,2026,10,2035,0.5,True,,0.12683108601326137
Logistic Regression,300,25,275,full,2026,11,2036,0.5,True,,0.06875311933541692
Multiple Linear Regression,300,25,275,full,2026,11,2036,0.5,True,,0.010561836598574076
Correlation Analysis,300,25,275,full,2026,11,2036,0.5,True,,0.02037987231943267
Variance Analysis,300,25,275,full,2026,11,2036,0.5,True,,0.11931433881422544
Logistic Regression,300,25,275,full,2026,12,2037,0.5,True,,0.06221738575246996
Multiple Linear Regression,300,25,275,full,2026,12,2037,0.5,True,,0.010672429891247068
Correlation Analysis,300,25,275,full,2026,12,2037,0.5,True,,0.028101929876792178
Variance Analysis,300,25,275,full,2026,12,2037,0.5,True,,0.0690953197101374
Logistic Regression,300,25,275,full,2026,13,2038,0.5,True,,0.06351928812368224
Multiple Linear Regression,300,25,275,full,2026,13,2038,0.5,True,,0.0108767596003207
Correlation Analysis,300,25,275,full,2026,13,2038,0.5,True,,0.024056004480422014
Variance Analysis,300,25,275,full,2026,13,2038,0.5,True,,0.1048624904559428
Logistic Regression,300,25,275,full,2026,14,2039,0.5,True,,0.055877435064056596
Multiple Linear Regression,300,25,275,full,2026,14,2039,0.5,True,,0.010320338554770504
Correlation Analysis,300,25,275,full,2026,14,2039,0.5,True,,0.019299189279984537
Variance Analysis,300,25,275,full,2026,14,2039,0.5,True,,0.11053735798371513
Logistic Regression,300,25,275,full,2026,15,2040,0.5,True,,0.06947967394719173
Multiple Linear Regression,300,25,275,full,2026,15,2040,0.5,True,,0.01441378298937567
Correlation Analysis,300,25,275,full,2026,15,2040,0.5,True,,0.024605994272293
Variance Analysis,300,25,275,full,2026,15,2040,0.5,True,,0.11560021029877825
Logistic Regression,300,25,275,full,2026,16,2041,0.5,True,,0.10216134998932865
Multiple Linear Regression,300,25,275,full,2026,16,2041,0.5,True,,0.011128659306267982
Correlation Analysis,300,25,275,full,2026,16,2041,0.5,True,,0.017438845018354604
Variance Analysis,300,25,275,full,2026,16,2041,0.5,True,,0.11334777097236744
Logistic Regression,300,25,275,full,2026,17,2042,0.5,True,,0.07558322003572923
Multiple Linear Regression,300,25,275,full,2026,17,2042,0.5,True,,0.010355762746934926
Correlation Analysis,300,25,275,full,2026,17,2042,0.5,True,,0.026852384850439785
Variance Analysis,300,25,275,full,2026,17,2042,0.5,True,,0.09821890936308923
Logistic Regression,300,25,275,full,2026,18,2043,0.5,True,,0.06812025643765159
Multiple Linear Regression,300,25,275,full,2026,18,2043,0.5,True,,0.008613974255858525
Correlation Analysis,300,25,275,full,2026,18,2043,0.5,True,,0.023733869925420696
Variance Analysis,300,25,275,full,2026,18,2043,0.5,True,,0.14083895574691413
Logistic Regression,300,25,275,full,2026,19,2044,0.5,True,,0.11491220473959912
Multiple Linear Regression,300,25,275,full,2026,19,2044,0.5,True,,0.016372368802487557
Correlation Analysis,300,25,275,full,2026,19,2044,0.5,True,,0.024820635004948553
Variance Analysis,300,25,275,full,2026,19,2044,0.5,True,,0.08821513126147795
Logistic Regression,300,25,275,full,2026,20,2045,0.5,True,,0.09732824976151506
Multiple Linear Regression,300,25,275,full,2026,20,2045,0.5,True,,0.008108470005296832
Correlation Analysis,300,25,275,full,2026,20,2045,0.5,True,,0.022222721039090367
Variance Analysis,300,25,275,full,2026,20,2045,0.5,True,,0.11471785070407527
Logistic Regression,300,25,275,full,2026,21,2046,0.5,True,,0.05545420557925748
Multiple Linear Regression,300,25,275,full,2026,21,2046,0.5,True,,0.010320868656803766
Correlation Analysis,300,25,275,full,2026,21,2046,0.5,True,,0.017270214875428607
Variance Analysis,300,25,275,full,2026,21,2046,0.5,True,,0.14636688690275138
Logistic Regression,300,25,275,full,2026,22,2047,0.5,True,,0.05989639092513976
Multiple Linear Regression,300,25,275,full,2026,22,2047,0.5,True,,0.012844933979025211
Correlation Analysis,300,25,275,full,2026,22,2047,0.5,True,,0.02368414888218057
Variance Analysis,300,25,275,full,2026,22,2047,0.5,True,,0.1297923287163397
Logistic Regression,300,25,275,full,2026,23,2048,0.5,True,,0.07040846439596536
Multiple Linear Regression,300,25,275,full,2026,23,2048,0.5,True,,0.011134314199855293
Correlation Analysis,300,25,275,full,2026,23,2048,0.5,True,,0.024438322170440688
Variance Analysis,300,25,275,full,2026,23,2048,0.5,True,,0.1529688856181595
Logistic Regression,300,25,275,full,2026,24,2049,0.5,True,,0.06820860890431076
Multiple Linear Regression,300,25,275,full,2026,24,2049,0.5,True,,0.01107680472773382
Correlation Analysis,300,25,275,full,2026,24,2049,0.5,True,,0.021016032785372552
Variance Analysis,300,25,275,full,2026,24,2049,0.5,True,,0.12167056975480946
Logistic Regression,300,25,275,full,2026,25,2050,0.5,True,,0.042922162718130145
Multiple Linear Regression,300,25,275,full,2026,25,2050,0.5,True,,0.008753392879835621
Correlation Analysis,300,25,275,full,2026,25,2050,0.5,True,,0.023847389726684147
Variance Analysis,300,25,275,full,2026,25,2050,0.5,True,,0.09915809808274528
Logistic Regression,300,25,275,full,2026,26,2051,0.5,True,,0.07773675025020839
Multiple Linear Regression,300,25,275,full,2026,26,2051,0.5,True,,0.01887208038831202
Correlation Analysis,300,25,275,full,2026,26,2051,0.5,True,,0.01996867950491165
Variance Analysis,300,25,275,full,2026,26,2051,0.5,True,,0.12303562852429037
Logistic Regression,300,25,275,full,2026,27,2052,0.5,True,,0.06521640779872834
Multiple Linear Regression,300,25,275,full,2026,27,2052,0.5,True,,0.006795291827988987
Correlation Analysis,300,25,275,full,2026,27,2052,0.5,True,,0.027269115060580308
Variance Analysis,300,25,275,full,2026,27,2052,0.5,True,,0.10511933278527401
Logistic Regression,300,25,275,full,2026,28,2053,0.5,True,,0.0865516620473867
Multiple Linear Regression,300,25,275,full,2026,28,2053,0.5,True,,0.016391645514478588
Correlation Analysis,300,25,275,full,2026,28,2053,0.5,True,,0.022631791234658968
Variance Analysis,300,25,275,full,2026,28,2053,0.5,True,,0.11319534623785726
Logistic Regression,300,25,275,full,2026,29,2054,0.5,True,,0.05429600167024323
Multiple Linear Regression,300,25,275,full,2026,29,2054,0.5,True,,0.016137197364402122
Correlation Analysis,300,25,275,full,2026,29,2054,0.5,True,,0.029700350784191164
Variance Analysis,300,25,275,full,2026,29,2054,0.5,True,,0.14382894164812907
Logistic Regression,300,25,275,full,2026,30,2055,0.5,True,,0.07153070062036658
Multiple Linear Regression,300,25,275,full,2026,30,2055,0.5,True,,0.01151728067765905
Correlation Analysis,300,25,275,full,2026,30,2055,0.5,True,,0.023772783869476132
Variance Analysis,300,25,275,full,2026,30,2055,0.5,True,,0.14430187188815774
Logistic Regression,300,25,275,full,2026,31,2056,0.5,True,,0.08627507980404392
Multiple Linear Regression,300,25,275,full,2026,31,2056,0.5,True,,0.019588532218516135
Correlation Analysis,300,25,275,full,2026,31,2056,0.5,True,,0.022724076762710113
Variance Analysis,300,25,275,full,2026,31,2056,0.5,True,,0.14250516229923973
Logistic Regression,300,25,275,full,2026,32,2057,0.5,True,,0.09713890949265211
Multiple Linear Regression,300,25,275,full,2026,32,2057,0.5,True,,0.021942910710670976
Correlation Analysis,300,25,275,full,2026,32,2057,0.5,True,,0.02069194271944722
Variance Analysis,300,25,275,full,2026,32,2057,0.5,True,,0.13941968842252433
Logistic Regression,300,25,275,full,2026,33,2058,0.5,True,,0.06450201937407686
Multiple Linear Regression,300,25,275,full,2026,33,2058,0.5,True,,0.0116751394355214
Correlation Analysis,300,25,275,full,2026,33,2058,0.5,True,,0.023209591612870274
Variance Analysis,300,25,275,full,2026,33,2058,0.5,True,,0.13258580075398477
Logistic Regression,300,25,275,full,2026,34,2059,0.5,True,,0.0692469122414243
Multiple Linear Regression,300,25,275,full,2026,34,2059,0.5,True,,0.010218076432240776
Correlation Analysis,300,25,275,full,2026,34,2059,0.5,True,,0.028787607241754148
Variance Analysis,300,25,275,full,2026,34,2059,0.5,True,,0.128389400933618
Logistic Regression,300,25,275,full,2026,35,2060,0.5,True,,0.06657044267674549
Multiple Linear Regression,300,25,275,full,2026,35,2060,0.5,True,,0.012048311675775775
Correlation Analysis,300,25,275,full,2026,35,2060,0.5,True,,0.025474149533175314
Variance Analysis,300,25,275,full,2026,35,2060,0.5,True,,0.09906821768536973
Logistic Regression,300,25,275,full,2026,36,2061,0.5,True,,0.06874390659394987
Multiple Linear Regression,300,25,275,full,2026,36,2061,0.5,True,,0.010866428174433111
Correlation Analysis,300,25,275,full,2026,36,2061,0.5,True,,0.019358933917618906
Variance Analysis,300,25,275,full,2026,36,2061,0.5,True,,0.13751699577963297
Logistic Regression,300,25,275,full,2026,37,2062,0.5,True,,0.08349092433081226
Multiple Linear Regression,300,25,275,full,2026,37,2062,0.5,True,,0.010715487628235324
Correlation Analysis,300,25,275,full,2026,37,2062,0.5,True,,0.02432668528666152
Variance Analysis,300,25,275,full,2026,37,2062,0.5,True,,0.13096370734530735
Logistic Regression,300,25,275,full,2026,38,2063,0.5,True,,0.07151362586569536
Multiple Linear Regression,300,25,275,full,2026,38,2063,0.5,True,,0.018526245409829847
Correlation Analysis,300,25,275,full,2026,38,2063,0.5,True,,0.029062391430080266
Variance Analysis,300,25,275,full,2026,38,2063,0.5,True,,0.11786009142165428
Logistic Regression,300,25,275,full,2026,39,2064,0.5,True,,0.06882818020830313
Multiple Linear Regression,300,25,275,full,2026,39,2064,0.5,True,,0.01312549890824169
Correlation Analysis,300,25,275,full,2026,39,2064,0.5,True,,0.028254877064113202
Variance Analysis,300,25,275,full,2026,39,2064,0.5,True,,0.08628975178886746
Logistic Regression,300,25,275,full,2026,40,2065,0.5,True,,0.058555002555900314
Multiple Linear Regression,300,25,275,full,2026,40,2065,0.5,True,,0.009795136757260873
Correlation Analysis,300,25,275,full,2026,40,2065,0.5,True,,0.01874559856021798
Variance Analysis,300,25,275,full,2026,40,2065,0.5,True,,0.13253531653365125
Logistic Regression,300,25,275,full,2026,41,2066,0.5,True,,0.08118119055254619
Multiple Linear Regression,300,25,275,full,2026,41,2066,0.5,True,,0.008491907470847652
Correlation Analysis,300,25,275,full,2026,41,2066,0.5,True,,0.027205162924504152
Variance Analysis,300,25,275,full,2026,41,2066,0.5,True,,0.08790968672083622
Logistic Regression,300,25,275,full,2026,42,2067,0.5,True,,0.09198559403308106
Multiple Linear Regression,300,25,275,full,2026,42,2067,0.5,True,,0.00930913287060134
Correlation Analysis,300,25,275,full,2026,42,2067,0.5,True,,0.02807650397452579
Variance Analysis,300,25,275,full,2026,42,2067,0.5,True,,0.10603022283531277
Logistic Regression,300,25,275,full,2026,43,2068,0.5,True,,0.060921868620383686
Multiple Linear Regression,300,25,275,full,2026,43,2068,0.5,True,,0.010399047129212058
Correlation Analysis,300,25,275,full,2026,43,2068,0.5,True,,0.026059578548841656
Variance Analysis,300,25,275,full,2026,43,2068,0.5,True,,0.1543074053804291
Logistic Regression,300,25,275,full,2026,44,2069,0.5,True,,0.12128725902785231
Multiple Linear Regression,300,25,275,full,2026,44,2069,0.5,True,,0.01642878169722844
Correlation Analysis,300,25,275,full,2026,44,2069,0.5,True,,0.024511145127925963
Variance Analysis,300,25,275,full,2026,44,2069,0.5,True,,0.10262528290103638
Logistic Regression,300,25,275,full,2026,45,2070,0.5,True,,0.06932471856490402
Multiple Linear Regression,300,25,275,full,2026,45,2070,0.5,True,,0.015704775323518393
Correlation Analysis,300,25,275,full,2026,45,2070,0.5,True,,0.025268236870776277
Variance Analysis,300,25,275,full,2026,45,2070,0.5,True,,0.09515625789989397
Logistic Regression,300,25,275,full,2026,46,2071,0.5,True,,0.06124247394940717
Multiple Linear Regression,300,25,275,full,2026,46,2071,0.5,True,,0.010133464198678438
Correlation Analysis,300,25,275,full,2026,46,2071,0.5,True,,0.026597109891121355
Variance Analysis,300,25,275,full,2026,46,2071,0.5,True,,0.13364291436288048
Logistic Regression,300,25,275,full,2026,47,2072,0.5,True,,0.08513346809830831
Multiple Linear Regression,300,25,275,full,2026,47,2072,0.5,True,,0.016950038341331793
Correlation Analysis,300,25,275,full,2026,47,2072,0.5,True,,0.023868647379847736
Variance Analysis,300,25,275,full,2026,47,2072,0.5,True,,0.08178418603642101
Logistic Regression,300,25,275,full,2026,48,2073,0.5,True,,0.04999995024869243
Multiple Linear Regression,300,25,275,full,2026,48,2073,0.5,True,,0.011131763190722576
Correlation Analysis,300,25,275,full,2026,48,2073,0.5,True,,0.023147162697595078
Variance Analysis,300,25,275,full,2026,48,2073,0.5,True,,0.14467598963734105
Logistic Regression,300,25,275,full,2026,49,2074,0.5,True,,0.10091884978857801
Multiple Linear Regression,300,25,275,full,2026,49,2074,0.5,True,,0.009839939625273587
Correlation Analysis,300,25,275,full,2026,49,2074,0.5,True,,0.02293365253924753
Variance Analysis,300,25,275,full,2026,49,2074,0.5,True,,0.08527791470196003
Logistic Regression,300,25,275,full,2026,50,2075,0.5,True,,0.08441383650368707
Multiple Linear Regression,300,25,275,full,2026,50,2075,0.5,True,,0.01519290085295433
Correlation Analysis,300,25,275,full,2026,50,2075,0.5,True,,0.022187118886377675
Variance Analysis,300,25,275,full,2026,50,2075,0.5,True,,0.14533928355738096
Logistic Regression,300,25,275,full,2026,51,2076,0.5,True,,0.05665249371589539
Multiple Linear Regression,300,25,275,full,2026,51,2076,0.5,True,,0.008308691123132783
Correlation Analysis,300,25,275,full,2026,51,2076,0.5,True,,0.022239429573200273
Variance Analysis,300,25,275,full,2026,51,2076,0.5,True,,0.13278080787881233
Logistic Regression,300,25,275,full,2026,52,2077,0.5,True,,0.064138911474319
Multiple Linear Regression,300,25,275,full,2026,52,2077,0.5,True,,0.015763779388391238
Correlation Analysis,300,25,275,full,2026,52,2077,0.5,True,,0.02480103727139697
Variance Analysis,300,25,275,full,2026,52,2077,0.5,True,,0.11848253670822693
Logistic Regression,300,25,275,full,2026,53,2078,0.5,True,,0.08438338240577747
Multiple Linear Regression,300,25,275,full,2026,53,2078,0.5,True,,0.00972694115697536
Correlation Analysis,300,25,275,full,2026,53,2078,0.5,True,,0.02574284261901169
Variance Analysis,300,25,275,full,2026,53,2078,0.5,True,,0.11914892121056021
Logistic Regression,300,25,275,full,2026,54,2079,0.5,True,,0.029770981752757317
Multiple Linear Regression,300,25,275,full,2026,54,2079,0.5,True,,0.010308706762504909
Correlation Analysis,300,25,275,full,2026,54,2079,0.5,True,,0.0210356911418549
Variance Analysis,300,25,275,full,2026,54,2079,0.5,True,,0.16115288746861173
Logistic Regression,300,25,275,full,2026,55,2080,0.5,True,,0.10711352065444266
Multiple Linear Regression,300,25,275,full,2026,55,2080,0.5,True,,0.010831556706950086
Correlation Analysis,300,25,275,full,2026,55,2080,0.5,True,,0.024011736299441817
Variance Analysis,300,25,275,full,2026,55,2080,0.5,True,,0.10145967184728731
Logistic Regression,300,25,275,full,2026,56,2081,0.5,True,,0.04097638273348141
Multiple Linear Regression,300,25,275,full,2026,56,2081,0.5,True,,0.0121483278196535
Correlation Analysis,300,25,275,full,2026,56,2081,0.5,True,,0.024921860240292318
Variance Analysis,300,25,275,full,2026,56,2081,0.5,True,,0.12609538637945747
Logistic Regression,300,25,275,full,2026,57,2082,0.5,True,,0.05560050936343865
Multiple Linear Regression,300,25,275,full,2026,57,2082,0.5,True,,0.01433801061126636
Correlation Analysis,300,25,275,full,2026,57,2082,0.5,True,,0.030302427498548615
Variance Analysis,300,25,275,full,2026,57,2082,0.5,True,,0.12225845075220637
Logistic Regression,300,25,275,full,2026,58,2083,0.5,True,,0.06649496629280961
Multiple Linear Regression,300,25,275,full,2026,58,2083,0.5,True,,0.012071581885924781
Correlation Analysis,300,25,275,full,2026,58,2083,0.5,True,,0.024510225205097543
Variance Analysis,300,25,275,full,2026,58,2083,0.5,True,,0.1444361873293941
Logistic Regression,300,25,275,full,2026,59,2084,0.5,True,,0.08442659019190214
Multiple Linear Regression,300,25,275,full,2026,59,2084,0.5,True,,0.016017591005685998
Correlation Analysis,300,25,275,full,2026,59,2084,0.5,True,,0.02262072345096955
Variance Analysis,300,25,275,full,2026,59,2084,0.5,True,,0.10992507545834343
Logistic Regression,300,25,275,full,2026,60,2085,0.5,True,,0.05453023495680989
Multiple Linear Regression,300,25,275,full,2026,60,2085,0.5,True,,0.02026978076008514
Correlation Analysis,300,25,275,full,2026,60,2085,0.5,True,,0.02098311601377889
Variance Analysis,300,25,275,full,2026,60,2085,0.5,True,,0.11023943191518698
Logistic Regression,300,25,275,full,2026,61,2086,0.5,True,,0.13837799434666107
Multiple Linear Regression,300,25,275,full,2026,61,2086,0.5,True,,0.01645653776294636
Correlation Analysis,300,25,275,full,2026,61,2086,0.5,True,,0.024715101318938393
Variance Analysis,300,25,275,full,2026,61,2086,0.5,True,,0.10752653785331259
Logistic Regression,300,25,275,full,2026,62,2087,0.5,True,,0.08653488270256596
Multiple Linear Regression,300,25,275,full,2026,62,2087,0.5,True,,0.020688505661718155
Correlation Analysis,300,25,275,full,2026,62,2087,0.5,True,,0.025950945224049785
Variance Analysis,300,25,275,full,2026,62,2087,0.5,True,,0.12798310405298707
Logistic Regression,300,25,275,full,2026,63,2088,0.5,True,,0.06394471329275185
Multiple Linear Regression,300,25,275,full,2026,63,2088,0.5,True,,0.006813095649806684
Correlation Analysis,300,25,275,full,2026,63,2088,0.5,True,,0.021700999825763928
Variance Analysis,300,25,275,full,2026,63,2088,0.5,True,,0.130620071807358
Logistic Regression,300,25,275,full,2026,64,2089,0.5,True,,0.044315812018655566
Multiple Linear Regression,300,25,275,full,2026,64,2089,0.5,True,,0.01944938690005491
Correlation Analysis,300,25,275,full,2026,64,2089,0.5,True,,0.03186765516351891
Variance Analysis,300,25,275,full,2026,64,2089,0.5,True,,0.10458723539734234
Logistic Regression,300,25,275,full,2026,65,2090,0.5,True,,0.06022513219369425
Multiple Linear Regression,300,25,275,full,2026,65,2090,0.5,True,,0.012600531041638628
Correlation Analysis,300,25,275,full,2026,65,2090,0.5,True,,0.025885516589149934
Variance Analysis,300,25,275,full,2026,65,2090,0.5,True,,0.12914263025660394
Logistic Regression,300,25,275,full,2026,66,2091,0.5,True,,0.07038549790079897
Multiple Linear Regression,300,25,275,full,2026,66,2091,0.5,True,,0.012388757947911878
Correlation Analysis,300,25,275,full,2026,66,2091,0.5,True,,0.02572090193406094
Variance Analysis,300,25,275,full,2026,66,2091,0.5,True,,0.13785702743731257
Logistic Regression,300,25,275,full,2026,67,2092,0.5,True,,0.06309131600870643
Multiple Linear Regression,300,25,275,full,2026,67,2092,0.5,True,,0.011313617384831274
Correlation Analysis,300,25,275,full,2026,67,2092,0.5,True,,0.0295914096797369
Variance Analysis,300,25,275,full,2026,67,2092,0.5,True,,0.1212647186066024
Logistic Regression,300,25,275,full,2026,68,2093,0.5,True,,0.05679772782474932
Multiple Linear Regression,300,25,275,full,2026,68,2093,0.5,True,,0.00985704950113883
Correlation Analysis,300,25,275,full,2026,68,2093,0.5,True,,0.022472421577180792
Variance Analysis,300,25,275,full,2026,68,2093,0.5,True,,0.1295258975131507
Logistic Regression,300,25,275,full,2026,69,2094,0.5,True,,0.059019639826514654
Multiple Linear Regression,300,25,275,full,2026,69,2094,0.5,True,,0.009211867462254759
Correlation Analysis,300,25,275,full,2026,69,2094,0.5,True,,0.02655444476683138
Variance Analysis,300,25,275,full,2026,69,2094,0.5,True,,0.1317732312259431
Logistic Regression,300,25,275,full,2026,70,2095,0.5,True,,0.0487165067439909
Multiple Linear Regression,300,25,275,full,2026,70,2095,0.5,True,,0.01153739309706293
Correlation Analysis,300,25,275,full,2026,70,2095,0.5,True,,0.024723641676831356
Variance Analysis,300,25,275,full,2026,70,2095,0.5,True,,0.15317654444127984
Logistic Regression,300,25,275,full,2026,71,2096,0.5,True,,0.06408944187328923
Multiple Linear Regression,300,25,275,full,2026,71,2096,0.5,True,,0.013974605016262284
Correlation Analysis,300,25,275,full,2026,71,2096,0.5,True,,0.021251878454295114
Variance Analysis,300,25,275,full,2026,71,2096,0.5,True,,0.14481134772056545
Logistic Regression,300,25,275,full,2026,72,2097,0.5,True,,0.04711387821645335
Multiple Linear Regression,300,25,275,full,2026,72,2097,0.5,True,,0.01464933140312655
Correlation Analysis,300,25,275,full,2026,72,2097,0.5,True,,0.024607341504335675
Variance Analysis,300,25,275,full,2026,72,2097,0.5,True,,0.14258506845535393
Logistic Regression,300,25,275,full,2026,73,2098,0.5,True,,0.06693168135511682
Multiple Linear Regression,300,25,275,full,2026,73,2098,0.5,True,,0.012004963746097108
Correlation Analysis,300,25,275,full,2026,73,2098,0.5,True,,0.023029371368988156
Variance Analysis,300,25,275,full,2026,73,2098,0.5,True,,0.11170477990040635
Logistic Regression,300,25,275,full,2026,74,2099,0.5,True,,0.08750966725921278
Multiple Linear Regression,300,25,275,full,2026,74,2099,0.5,True,,0.013188314421818784
Correlation Analysis,300,25,275,full,2026,74,2099,0.5,True,,0.022241809200213722
Variance Analysis,300,25,275,full,2026,74,2099,0.5,True,,0.13556472130798589
Logistic Regression,300,25,275,full,2026,75,2100,0.5,True,,0.08521470006528521
Multiple Linear Regression,300,25,275,full,2026,75,2100,0.5,True,,0.013166493402067114
Correlation Analysis,300,25,275,full,2026,75,2100,0.5,True,,0.01927297628943712
Variance Analysis,300,25,275,full,2026,75,2100,0.5,True,,0.1144034918624299
Logistic Regression,300,25,275,full,2026,76,2101,0.5,True,,0.09207707592840587
Multiple Linear Regression,300,25,275,full,2026,76,2101,0.5,True,,0.02002740893864039
Correlation Analysis,300,25,275,full,2026,76,2101,0.5,True,,0.02186715073908483
Variance Analysis,300,25,275,full,2026,76,2101,0.5,True,,0.10599940497661772
Logistic Regression,300,25,275,full,2026,77,2102,0.5,True,,0.0748864154936019
Multiple Linear Regression,300,25,275,full,2026,77,2102,0.5,True,,0.008866197298240288
Correlation Analysis,300,25,275,full,2026,77,2102,0.5,True,,0.026597871808882085
Variance Analysis,300,25,275,full,2026,77,2102,0.5,True,,0.11451280150743821
Logistic Regression,300,25,275,full,2026,78,2103,0.5,True,,0.08672488549339057
Multiple Linear Regression,300,25,275,full,2026,78,2103,0.5,True,,0.020484772479685425
Correlation Analysis,300,25,275,full,2026,78,2103,0.5,True,,0.021250213940997634
Variance Analysis,300,25,275,full,2026,78,2103,0.5,True,,0.15188355340305915
Logistic Regression,300,25,275,full,2026,79,2104,0.5,True,,0.08437319491013692
Multiple Linear Regression,300,25,275,full,2026,79,2104,0.5,True,,0.016213379967253846
Correlation Analysis,300,25,275,full,2026,79,2104,0.5,True,,0.02107877107521931
Variance Analysis,300,25,275,full,2026,79,2104,0.5,True,,0.14379474201032488
Logistic Regression,300,25,275,full,2026,80,2105,0.5,True,,0.07916582199798956
Multiple Linear Regression,300,25,275,full,2026,80,2105,0.5,True,,0.013009796663526708
Correlation Analysis,300,25,275,full,2026,80,2105,0.5,True,,0.02510552441926449
Variance Analysis,300,25,275,full,2026,80,2105,0.5,True,,0.11306275711922652
Logistic Regression,300,25,275,full,2026,81,2106,0.5,True,,0.02949421216210974
Multiple Linear Regression,300,25,275,full,2026,81,2106,0.5,True,,0.011481906420354147
Correlation Analysis,300,25,275,full,2026,81,2106,0.5,True,,0.02078993349242297
Variance Analysis,300,25,275,full,2026,81,2106,0.5,True,,0.13432823730155552
Logistic Regression,300,25,275,full,2026,82,2107,0.5,True,,0.07151386904987257
Multiple Linear Regression,300,25,275,full,2026,82,2107,0.5,True,,0.01175361455963303
Correlation Analysis,300,25,275,full,2026,82,2107,0.5,True,,0.023165275348595568
Variance Analysis,300,25,275,full,2026,82,2107,0.5,True,,0.09509841734055519
Logistic Regression,300,25,275,full,2026,83,2108,0.5,True,,0.05829168616421495
Multiple Linear Regression,300,25,275,full,2026,83,2108,0.5,True,,0.010653270088652349
Correlation Analysis,300,25,275,full,2026,83,2108,0.5,True,,0.02288892665164694
Variance Analysis,300,25,275,full,2026,83,2108,0.5,True,,0.14771164350491464
Logistic Regression,300,25,275,full,2026,84,2109,0.5,True,,0.05648517911377916
Multiple Linear Regression,300,25,275,full,2026,84,2109,0.5,True,,0.009848608384434835
Correlation Analysis,300,25,275,full,2026,84,2109,0.5,True,,0.020886779515036088
Variance Analysis,300,25,275,full,2026,84,2109,0.5,True,,0.08871088401159526
Logistic Regression,300,25,275,full,2026,85,2110,0.5,True,,0.082840239626859
Multiple Linear Regression,300,25,275,full,2026,85,2110,0.5,True,,0.014240259489617208
Correlation Analysis,300,25,275,full,2026,85,2110,0.5,True,,0.027025220997562476
Variance Analysis,300,25,275,full,2026,85,2110,0.5,True,,0.1176285540404011
Logistic Regression,300,25,275,full,2026,86,2111,0.5,True,,0.10695113572823577
Multiple Linear Regression,300,25,275,full,2026,86,2111,0.5,True,,0.009480220737490518
Correlation Analysis,300,25,275,full,2026,86,2111,0.5,True,,0.017596017618352378
Variance Analysis,300,25,275,full,2026,86,2111,0.5,True,,0.12613343959367856
Logistic Regression,300,25,275,full,2026,87,2112,0.5,True,,0.08722674925221299
Multiple Linear Regression,300,25,275,full,2026,87,2112,0.5,True,,0.01240803508602302
Correlation Analysis,300,25,275,full,2026,87,2112,0.5,True,,0.023626249840442246
Variance Analysis,300,25,275,full,2026,87,2112,0.5,True,,0.11481878198895767
Logistic Regression,300,25,275,full,2026,88,2113,0.5,True,,0.06367544749214003
Multiple Linear Regression,300,25,275,full,2026,88,2113,0.5,True,,0.01593037417234174
Correlation Analysis,300,25,275,full,2026,88,2113,0.5,True,,0.024970119692841936
Variance Analysis,300,25,275,full,2026,88,2113,0.5,True,,0.1324876116088082
Logistic Regression,300,25,275,full,2026,89,2114,0.5,True,,0.08321850394259309
Multiple Linear Regression,300,25,275,full,2026,89,2114,0.5,True,,0.017800976160559798
Correlation Analysis,300,25,275,full,2026,89,2114,0.5,True,,0.028380833101047068
Variance Analysis,300,25,275,full,2026,89,2114,0.5,True,,0.0867179294913506
Logistic Regression,300,25,275,full,2026,90,2115,0.5,True,,0.05751724699957867
Multiple Linear Regression,300,25,275,full,2026,90,2115,0.5,True,,0.011650632677229909
Correlation Analysis,300,25,275,full,2026,90,2115,0.5,True,,0.026866287060216286
Variance Analysis,300,25,275,full,2026,90,2115,0.5,True,,0.10364338987295543
Logistic Regression,300,25,275,full,2026,91,2116,0.5,True,,0.0836937006392422
Multiple Linear Regression,300,25,275,full,2026,91,2116,0.5,True,,0.010106247396136851
Correlation Analysis,300,25,275,full,2026,91,2116,0.5,True,,0.022046117409814346
Variance Analysis,300,25,275,full,2026,91,2116,0.5,True,,0.14155483878801395
Logistic Regression,300,25,275,full,2026,92,2117,0.5,True,,0.07917886242131732
Multiple Linear Regression,300,25,275,full,2026,92,2117,0.5,True,,0.00946923167937196
Correlation Analysis,300,25,275,full,2026,92,2117,0.5,True,,0.02094872138040734
Variance Analysis,300,25,275,full,2026,92,2117,0.5,True,,0.1281962896705668
Logistic Regression,300,25,275,full,2026,93,2118,0.5,True,,0.1135929198220457
Multiple Linear Regression,300,25,275,full,2026,93,2118,0.5,True,,0.010247069750872478
Correlation Analysis,300,25,275,full,2026,93,2118,0.5,True,,0.01716863683436325
Variance Analysis,300,25,275,full,2026,93,2118,0.5,True,,0.11948984157812693
Logistic Regression,300,25,275,full,2026,94,2119,0.5,True,,0.07877622022781572
Multiple Linear Regression,300,25,275,full,2026,94,2119,0.5,True,,0.01655070615485858
Correlation Analysis,300,25,275,full,2026,94,2119,0.5,True,,0.021403961003416357
Variance Analysis,300,25,275,full,2026,94,2119,0.5,True,,0.10307036101969642
Logistic Regression,300,25,275,full,2026,95,2120,0.5,True,,0.06491027827903421
Multiple Linear Regression,300,25,275,full,2026,95,2120,0.5,True,,0.009140261427082805
Correlation Analysis,300,25,275,full,2026,95,2120,0.5,True,,0.017987078771051362
Variance Analysis,300,25,275,full,2026,95,2120,0.5,True,,0.1715164619886795
Logistic Regression,300,25,275,full,2026,96,2121,0.5,True,,0.0374037718280153
Multiple Linear Regression,300,25,275,full,2026,96,2121,0.5,True,,0.0060305917944744915
Correlation Analysis,300,25,275,full,2026,96,2121,0.5,True,,0.021402105693190177
Variance Analysis,300,25,275,full,2026,96,2121,0.5,True,,0.1233631089311908
Logistic Regression,300,25,275,full,2026,97,2122,0.5,True,,0.0682930061506464
Multiple Linear Regression,300,25,275,full,2026,97,2122,0.5,True,,0.01575098152772207
Correlation Analysis,300,25,275,full,2026,97,2122,0.5,True,,0.02303945189924661
Variance Analysis,300,25,275,full,2026,97,2122,0.5,True,,0.07813557164171311
Logistic Regression,300,25,275,full,2026,98,2123,0.5,True,,0.07857794462321809
Multiple Linear Regression,300,25,275,full,2026,98,2123,0.5,True,,0.012387838819300778
Correlation Analysis,300,25,275,full,2026,98,2123,0.5,True,,0.030288984990081015
Variance Analysis,300,25,275,full,2026,98,2123,0.5,True,,0.1400949034048513
Logistic Regression,300,25,275,full,2026,99,2124,0.5,True,,0.06653464137342556
Multiple Linear Regression,300,25,275,full,2026,99,2124,0.5,True,,0.014415293717523616
Correlation Analysis,300,25,275,full,2026,99,2124,0.5,True,,0.019364752060776484
Variance Analysis,300,25,275,full,2026,99,2124,0.5,True,,0.1098847396130855
Logistic Regression,300,25,275,full,2026,100,2125,0.5,True,,0.068404159235078
Multiple Linear Regression,300,25,275,full,2026,100,2125,0.5,True,,0.01588874066296466
Correlation Analysis,300,25,275,full,2026,100,2125,0.5,True,,0.019779895387294306
Variance Analysis,300,25,275,full,2026,100,2125,0.5,True,,0.1370294438183051
