analysis,noise_amplitude,perturbation_run,random_seed,success,error,rmse,relative_error,structure_score,sign_agreement,significance_agreement,top3_overlap,rank_score,edge_jaccard,group_order_agreement,highest_domain_retention,category_agreement,top2_overlap,bottom2_overlap,r_squared_change,regression_sign_agreement,regression_top3_overlap,variance_rank_agreement,regression_rank_agreement
Logistic Regression,0.1,1,2026,True,,0.022337212838813132,0.23018324602680726,0.8839285714285714,1.0,1.0,0.6666666666666666,0.8690476190476191,nan,nan,nan,nan,nan,nan,nan,nan,nan,nan,nan
Multiple Linear Regression,0.1,1,2026,True,,0.0019179525960509637,0.04370678099809223,1.0,1.0,1.0,1.0,1.0,nan,nan,nan,nan,nan,nan,0.0003491933104209366,nan,nan,nan,nan
Figure 1,0.1,1,2026,True,,0.009718381354241579,0.016400280944050334,0.9900793650793651,nan,nan,nan,nan,1.0,1.0,nan,nan,nan,nan,nan,1.0,1.0,0.9880952380952381,0.9523809523809523
Figure 2,0.1,1,2026,True,,0.0588364722269804,0.05700270344345706,0.6178225922262264,nan,nan,nan,0.4712903689049056,nan,nan,nan,1.0,0.5,0.5,nan,nan,nan,nan,nan
Correlation Analysis,0.1,1,2026,True,,0.0042387597232737715,0.04404847840024214,0.9987684729064039,1.0,nan,1.0,0.9950738916256158,1.0,nan,nan,nan,nan,nan,nan,nan,nan,nan,nan
Variance Analysis,0.1,1,2026,True,,0.022169415990348548,0.020913477676303298,0.9940476190476191,nan,nan,nan,0.9821428571428572,nan,1.0,1.0,nan,nan,nan,nan,nan,nan,nan,nan
Logistic Regression,0.1,2,2027,True,,0.006243401663154624,0.06433776995565661,0.9107142857142857,1.0,1.0,0.6666666666666666,0.9761904761904763,nan,nan,nan,nan,nan,nan,nan,nan,nan,nan,nan
Multiple Linear Regression,0.1,2,2027,True,,0.0019839595649335275,0.04521096422933484,0.9136904761904762,1.0,1.0,0.6666666666666666,0.9880952380952381,nan,nan,nan,nan,nan,nan,0.0010561149883268062,nan,nan,nan,nan
Figure 1,0.1,2,2027,True,,0.008114479031342754,0.01369361120723505,0.9920634920634921,nan,nan,nan,nan,1.0,1.0,nan,nan,nan,nan,nan,1.0,1.0,1.0,0.9523809523809523
Figure 2,0.1,2,2027,True,,0.056369128189899566,0.05461225964023043,0.5507346289431841,nan,nan,nan,0.7029385157727365,nan,nan,nan,1.0,0.5,0.0,nan,nan,nan,nan,nan
Correlation Analysis,0.1,2,2027,True,,0.0034547614864884673,0.035901300533742686,0.9991789819376027,1.0,nan,1.0,0.9967159277504105,1.0,nan,nan,nan,nan,nan,nan,nan,nan,nan,nan
Variance Analysis,0.1,2,2027,True,,0.01536510361435196,0.014494642149018773,0.9940476190476191,nan,nan,nan,0.9821428571428572,nan,1.0,1.0,nan,nan,nan,nan,nan,nan,nan,nan
Logistic Regression,0.1,3,2028,True,,0.01060041028356401,0.10923640589782559,1.0,1.0,1.0,1.0,1.0,nan,nan,nan,nan,nan,nan,nan,nan,nan,nan,nan
Multiple Linear Regression,0.1,3,2028,True,,0.0027839659712213414,0.06344170927938778,0.9077380952380952,1.0,1.0,0.6666666666666666,0.9642857142857144,nan,nan,nan,nan,nan,nan,0.0013853469862590284,nan,nan,nan,nan
Figure 1,0.1,3,2028,True,,0.01447529426646642,0.024427822295143602,0.8313492063492064,nan,nan,nan,nan,0.6666666666666666,0.75,nan,nan,nan,nan,nan,1.0,0.6666666666666666,0.9880952380952381,0.9166666666666667
Figure 2,0.1,3,2028,True,,0.057658422069544406,0.05586136982462993,0.5494443646637737,nan,nan,nan,0.6977774586550948,nan,nan,nan,1.0,0.0,0.5,nan,nan,nan,nan,nan
Correlation Analysis,0.1,3,2028,True,,0.004936356829060593,0.051297790239647284,0.9150930487137383,1.0,nan,1.0,0.9937055281882867,0.6666666666666666,nan,nan,nan,nan,nan,nan,nan,nan,nan,nan
Variance Analysis,0.1,3,2028,True,,0.02368376928799394,0.02234204006595447,0.9107142857142857,nan,nan,nan,0.9821428571428572,nan,0.75,1.0,nan,nan,nan,nan,nan,nan,nan,nan
Logistic Regression,0.1,4,2029,True,,0.01765063771239102,0.18188845279844787,0.8705357142857142,0.875,1.0,0.6666666666666666,0.9404761904761905,nan,nan,nan,nan,nan,nan,nan,nan,nan,nan,nan
Multiple Linear Regression,0.1,4,2029,True,,0.0029315018235950567,0.06680379299425217,0.9970238095238095,1.0,1.0,1.0,0.9880952380952381,nan,nan,nan,nan,nan,nan,0.001456673729306357,nan,nan,nan,nan
Figure 1,0.1,4,2029,True,,0.007812871420532452,0.013184632461510701,0.9375,nan,nan,nan,nan,0.6666666666666666,1.0,nan,nan,nan,nan,nan,1.0,1.0,0.9940476190476191,0.9642857142857144
Figure 2,0.1,4,2029,True,,0.05947364397201286,0.0576200163218451,0.5302449127430622,nan,nan,nan,0.6209796509722486,nan,nan,nan,1.0,0.0,0.5,nan,nan,nan,nan,nan
Correlation Analysis,0.1,4,2029,True,,0.004952890755736051,0.05146960802588231,0.9160509031198686,1.0,nan,1.0,0.9975369458128078,0.6666666666666666,nan,nan,nan,nan,nan,nan,nan,nan,nan,nan
Variance Analysis,0.1,4,2029,True,,0.014026809934633247,0.013232165275143528,0.9940476190476191,nan,nan,nan,0.9821428571428572,nan,1.0,1.0,nan,nan,nan,nan,nan,nan,nan,nan
Logistic Regression,0.1,5,2030,True,,0.010635057679736316,0.10959344462843483,0.9970238095238095,1.0,1.0,1.0,0.9880952380952381,nan,nan,nan,nan,nan,nan,nan,nan,nan,nan,nan
Multiple Linear Regression,0.1,5,2030,True,,0.002470110770288242,0.05628949886473022,0.9970238095238095,1.0,1.0,1.0,0.9880952380952381,nan,nan,nan,nan,nan,nan,0.0009435466038366647,nan,nan,nan,nan
Figure 1,0.1,5,2030,True,,0.009656818775448812,0.01629639084640553,0.9742063492063492,nan,nan,nan,nan,1.0,0.875,nan,nan,nan,nan,nan,1.0,1.0,0.9940476190476191,0.9761904761904763
Figure 2,0.1,5,2030,True,,0.055995957868447396,0.05425071999717408,0.6545071208477359,nan,nan,nan,0.6180284833909436,nan,nan,nan,1.0,0.5,0.5,nan,nan,nan,nan,nan
Correlation Analysis,0.1,5,2030,True,,0.005109349759806005,0.05309550369141344,0.9901819923371648,0.9642857142857143,nan,1.0,0.9964422550629447,1.0,nan,nan,nan,nan,nan,nan,nan,nan,nan,nan
Variance Analysis,0.1,5,2030,True,,0.018393668195096118,0.017351632959160545,0.9543650793650794,nan,nan,nan,0.9880952380952381,nan,0.875,1.0,nan,nan,nan,nan,nan,nan,nan,nan
Logistic Regression,0.1,6,2031,True,,0.012529422953718372,0.12911473186656194,1.0,1.0,1.0,1.0,1.0,nan,nan,nan,nan,nan,nan,nan,nan,nan,nan,nan
Multiple Linear Regression,0.1,6,2031,True,,0.0032587700539341785,0.07426166286054428,0.9970238095238095,1.0,1.0,1.0,0.9880952380952381,nan,nan,nan,nan,nan,nan,0.0011457470566575978,nan,nan,nan,nan
Figure 1,0.1,6,2031,True,,0.00870105976506748,0.014683497123293901,0.998015873015873,nan,nan,nan,nan,1.0,1.0,nan,nan,nan,nan,nan,1.0,1.0,0.9880952380952381,1.0
Figure 2,0.1,6,2031,True,,0.05728183283906997,0.05549651783041247,0.5401168879658669,nan,nan,nan,0.6604675518634677,nan,nan,nan,1.0,0.5,0.0,nan,nan,nan,nan,nan
Correlation Analysis,0.1,6,2031,True,,0.004192698437394033,0.04356981726146118,0.9992474001094691,1.0,nan,1.0,0.9969896004378763,1.0,nan,nan,nan,nan,nan,nan,nan,nan,nan,nan
Variance Analysis,0.1,6,2031,True,,0.015928662559315087,0.015026274440094838,0.9920634920634921,nan,nan,nan,0.9761904761904763,nan,1.0,1.0,nan,nan,nan,nan,nan,nan,nan,nan
Logistic Regression,0.1,7,2032,True,,0.018712561018090365,0.1928314901102766,0.8988095238095237,1.0,1.0,0.6666666666666666,0.9285714285714286,nan,nan,nan,nan,nan,nan,nan,nan,nan,nan,nan
Multiple Linear Regression,0.1,7,2032,True,,0.002169130706737507,0.04943069028442978,0.9136904761904762,1.0,1.0,0.6666666666666666,0.9880952380952381,nan,nan,nan,nan,nan,nan,8.21717489003504e-05,nan,nan,nan,nan
Figure 1,0.1,7,2032,True,,0.008843140524809652,0.014923265896670831,0.8779761904761906,nan,nan,nan,nan,0.6666666666666666,1.0,nan,nan,nan,nan,nan,1.0,0.6666666666666666,0.9940476190476191,0.9404761904761905
Figure 2,0.1,7,2032,True,,0.058764970163149646,0.056933429899584206,0.6640769978794341,nan,nan,nan,0.6563079915177362,nan,nan,nan,1.0,0.5,0.5,nan,nan,nan,nan,nan
Correlation Analysis,0.1,7,2032,True,,0.004809676868061899,0.04998135338309322,0.9153667214012041,1.0,nan,1.0,0.99480021893815,0.6666666666666666,nan,nan,nan,nan,nan,nan,nan,nan,nan,nan
Variance Analysis,0.1,7,2032,True,,0.0165399276911226,0.015602910274522075,0.9781746031746031,nan,nan,nan,0.9345238095238095,nan,1.0,1.0,nan,nan,nan,nan,nan,nan,nan,nan
Logistic Regression,0.1,8,2033,True,,0.011231588505703008,0.1157406485283535,0.9970238095238095,1.0,1.0,1.0,0.9880952380952381,nan,nan,nan,nan,nan,nan,nan,nan,nan,nan,nan
Multiple Linear Regression,0.1,8,2033,True,,0.0022616265151336793,0.0515385077816593,0.9136904761904762,1.0,1.0,0.6666666666666666,0.9880952380952381,nan,nan,nan,nan,nan,nan,0.0003498943883120109,nan,nan,nan,nan
Figure 1,0.1,8,2033,True,,0.009709753454173957,0.016385720907773883,0.9930555555555555,nan,nan,nan,nan,1.0,1.0,nan,nan,nan,nan,nan,1.0,1.0,0.9940476190476191,0.9642857142857144
Figure 2,0.1,8,2033,True,,0.058505724732727325,0.05668226442636506,0.3668769492982807,nan,nan,nan,0.46750779719312274,nan,nan,nan,1.0,0.0,0.0,nan,nan,nan,nan,nan
Correlation Analysis,0.1,8,2033,True,,0.004831034208608011,0.05020329527533273,0.9993158182813355,1.0,nan,1.0,0.997263273125342,1.0,nan,nan,nan,nan,nan,nan,nan,nan,nan,nan
Variance Analysis,0.1,8,2033,True,,0.01786645229945842,0.016854284816619877,0.9821428571428572,nan,nan,nan,0.9464285714285715,nan,1.0,1.0,nan,nan,nan,nan,nan,nan,nan,nan
Logistic Regression,0.1,9,2034,True,,0.01787626328983245,0.1842135068764525,0.9880952380952381,1.0,1.0,1.0,0.9523809523809523,nan,nan,nan,nan,nan,nan,nan,nan,nan,nan,nan
Multiple Linear Regression,0.1,9,2034,True,,0.003473940522909538,0.07916502104787716,0.9017857142857142,1.0,1.0,0.6666666666666666,0.9404761904761905,nan,nan,nan,nan,nan,nan,0.00040594913929425935,nan,nan,nan,nan
Figure 1,0.1,9,2034,True,,0.010464691136058505,0.01765971805059571,0.8482142857142857,nan,nan,nan,nan,0.6666666666666666,0.875,nan,nan,nan,nan,nan,1.0,0.6666666666666666,0.9880952380952381,0.8928571428571429
Figure 2,0.1,9,2034,True,,0.05835600788622418,0.05653721383650669,0.5063799180211321,nan,nan,nan,0.5255196720845283,nan,nan,nan,1.0,0.5,0.0,nan,nan,nan,nan,nan
Correlation Analysis,0.1,9,2034,True,,0.0039934274089972605,0.04149902623692301,0.9150930487137383,1.0,nan,1.0,0.9937055281882867,0.6666666666666666,nan,nan,nan,nan,nan,nan,nan,nan,nan,nan
Variance Analysis,0.1,9,2034,True,,0.019379466522309027,0.018281583992533715,0.9543650793650794,nan,nan,nan,0.9880952380952381,nan,0.875,1.0,nan,nan,nan,nan,nan,nan,nan,nan
Logistic Regression,0.1,10,2035,True,,0.020095002512278602,0.2070774424979204,0.9940476190476191,1.0,1.0,1.0,0.9761904761904763,nan,nan,nan,nan,nan,nan,nan,nan,nan,nan,nan
Multiple Linear Regression,0.1,10,2035,True,,0.0023032438796213644,0.052486894639147984,0.9657738095238095,0.875,1.0,1.0,0.9880952380952381,nan,nan,nan,nan,nan,nan,0.00025313737895082955,nan,nan,nan,nan
Figure 1,0.1,10,2035,True,,0.013039569100725679,0.022004960378296242,0.9990079365079364,nan,nan,nan,nan,1.0,1.0,nan,nan,nan,nan,nan,1.0,1.0,0.9940476190476191,1.0
Figure 2,0.1,10,2035,True,,0.05683308159622362,0.055061752912536864,0.6417472848054717,nan,nan,nan,0.566989139221887,nan,nan,nan,1.0,0.5,0.5,nan,nan,nan,nan,nan
Correlation Analysis,0.1,10,2035,True,,0.004663807468840699,0.048465503110766674,0.9155035577449371,1.0,nan,0.6666666666666666,0.9953475643130816,1.0,nan,nan,nan,nan,nan,nan,nan,nan,nan,nan
Variance Analysis,0.1,10,2035,True,,0.02064942093018902,0.019479593140392357,0.8293650793650794,nan,nan,nan,0.9880952380952381,nan,1.0,0.5,nan,nan,nan,nan,nan,nan,nan,nan
Logistic Regression,0.1,11,2036,True,,0.015416871699387014,0.15886966726562654,0.9657738095238095,0.875,1.0,1.0,0.9880952380952381,nan,nan,nan,nan,nan,nan,nan,nan,nan,nan,nan
Multiple Linear Regression,0.1,11,2036,True,,0.0023245666207165725,0.052972802568909204,0.9136904761904762,1.0,1.0,0.6666666666666666,0.9880952380952381,nan,nan,nan,nan,nan,nan,0.0010948180424534826,nan,nan,nan,nan
Figure 1,0.1,11,2036,True,,0.009932524411514744,0.01676165864404818,0.996031746031746,nan,nan,nan,nan,1.0,1.0,nan,nan,nan,nan,nan,1.0,1.0,1.0,0.9761904761904763
Figure 2,0.1,11,2036,True,,0.057281832965526164,0.05549651795292738,0.3582527151945283,nan,nan,nan,0.43301086077811307,nan,nan,nan,1.0,0.0,0.0,nan,nan,nan,nan,nan
Correlation Analysis,0.1,11,2036,True,,0.004141363627319952,0.04303635454586705,0.9898399014778325,0.9642857142857143,nan,1.0,0.9950738916256158,1.0,nan,nan,nan,nan,nan,nan,nan,nan,nan,nan
Variance Analysis,0.1,11,2036,True,,0.018835796338962568,0.017768713728037896,0.9900793650793651,nan,nan,nan,0.9702380952380952,nan,1.0,1.0,nan,nan,nan,nan,nan,nan,nan,nan
Logistic Regression,0.1,12,2037,True,,0.013816513866513785,0.14237810390750258,0.96875,0.875,1.0,1.0,1.0,nan,nan,nan,nan,nan,nan,nan,nan,nan,nan,nan
Multiple Linear Regression,0.1,12,2037,True,,0.002441423548808492,0.05563576732348107,0.9970238095238095,1.0,1.0,1.0,0.9880952380952381,nan,nan,nan,nan,nan,nan,0.0005355118262070357,nan,nan,nan,nan
Figure 1,0.1,12,2037,True,,0.007304017327571713,0.012325914349935083,1.0,nan,nan,nan,nan,1.0,1.0,nan,nan,nan,nan,nan,1.0,1.0,1.0,1.0
Figure 2,0.1,12,2037,True,,0.05675270799730835,0.054983884334591275,0.3878374041490774,nan,nan,nan,0.5513496165963097,nan,nan,nan,1.0,0.0,0.0,nan,nan,nan,nan,nan
Correlation Analysis,0.1,12,2037,True,,0.005466204814971954,0.05680388142822797,0.9148193760262725,1.0,nan,0.6666666666666666,0.9926108374384236,1.0,nan,nan,nan,nan,nan,nan,nan,nan,nan,nan
Variance Analysis,0.1,12,2037,True,,0.012988673333386323,0.012252841027514146,0.9900793650793651,nan,nan,nan,0.9702380952380952,nan,1.0,1.0,nan,nan,nan,nan,nan,nan,nan,nan
Logistic Regression,0.1,13,2038,True,,0.012264008822514808,0.12637965982768765,0.8794642857142857,0.875,1.0,0.6666666666666666,0.9761904761904763,nan,nan,nan,nan,nan,nan,nan,nan,nan,nan,nan
Multiple Linear Regression,0.1,13,2038,True,,0.0020239139830014476,0.046121455450023184,1.0,1.0,1.0,1.0,1.0,nan,nan,nan,nan,nan,nan,0.0008577722108359387,nan,nan,nan,nan
Figure 1,0.1,13,2038,True,,0.008623824524785885,0.014553158583034154,0.998015873015873,nan,nan,nan,nan,1.0,1.0,nan,nan,nan,nan,nan,1.0,1.0,1.0,0.9880952380952381
Figure 2,0.1,13,2038,True,,0.057202864672379984,0.055420010881288506,0.32316316607830176,nan,nan,nan,0.29265266431320713,nan,nan,nan,1.0,0.0,0.0,nan,nan,nan,nan,nan
Correlation Analysis,0.1,13,2038,True,,0.005221162335277319,0.05425744117715507,0.9145457033388067,1.0,nan,0.6666666666666666,0.9915161466885605,1.0,nan,nan,nan,nan,nan,nan,nan,nan,nan,nan
Variance Analysis,0.1,13,2038,True,,0.01484967750442166,0.014008415879075354,0.996031746031746,nan,nan,nan,0.9880952380952381,nan,1.0,1.0,nan,nan,nan,nan,nan,nan,nan,nan
Logistic Regression,0.1,14,2039,True,,0.011829508347526387,0.1219021661289555,0.9136904761904762,1.0,1.0,0.6666666666666666,0.9880952380952381,nan,nan,nan,nan,nan,nan,nan,nan,nan,nan,nan
Multiple Linear Regression,0.1,14,2039,True,,0.00220773871575043,0.05031049920054929,0.9047619047619047,1.0,1.0,0.6666666666666666,0.9523809523809523,nan,nan,nan,nan,nan,nan,0.0007358841132319993,nan,nan,nan,nan
Figure 1,0.1,14,2039,True,,0.00798384321888239,0.01347315638583939,0.9384920634920634,nan,nan,nan,nan,1.0,1.0,nan,nan,nan,nan,nan,1.0,0.6666666666666666,1.0,0.9642857142857144
Figure 2,0.1,14,2039,True,,0.05809914943359456,0.056288360945638154,0.6075599713007804,nan,nan,nan,0.43023988520312184,nan,nan,nan,1.0,0.5,0.5,nan,nan,nan,nan,nan
Correlation Analysis,0.1,14,2039,True,,0.0042839493858215505,0.04451808177589956,0.9155035577449371,1.0,nan,0.6666666666666666,0.9953475643130816,1.0,nan,nan,nan,nan,nan,nan,nan,nan,nan,nan
Variance Analysis,0.1,14,2039,True,,0.01455621811706382,0.01373158150738592,0.9861111111111112,nan,nan,nan,0.9583333333333334,nan,1.0,1.0,nan,nan,nan,nan,nan,nan,nan,nan
Logistic Regression,0.1,15,2040,True,,0.015346115414684008,0.15814052923899527,0.9017857142857142,1.0,1.0,0.6666666666666666,0.9404761904761905,nan,nan,nan,nan,nan,nan,nan,nan,nan,nan,nan
Multiple Linear Regression,0.1,15,2040,True,,0.003029683747834392,0.06904118711417749,0.9077380952380952,1.0,1.0,0.6666666666666666,0.9642857142857144,nan,nan,nan,nan,nan,nan,8.371247045457775e-05,nan,nan,nan,nan
Figure 1,0.1,15,2040,True,,0.0092674357748476,0.01563928650238738,0.8551587301587302,nan,nan,nan,nan,0.6666666666666666,0.875,nan,nan,nan,nan,nan,1.0,0.6666666666666666,0.9940476190476191,0.9285714285714286
Figure 2,0.1,15,2040,True,,0.05632550772209733,0.05456999870078112,0.30676637410555774,nan,nan,nan,0.2270654964222309,nan,nan,nan,1.0,0.0,0.0,nan,nan,nan,nan,nan
Correlation Analysis,0.1,15,2040,True,,0.004884609107769955,0.05076003662011163,0.9150246305418719,1.0,nan,1.0,0.993431855500821,0.6666666666666666,nan,nan,nan,nan,nan,nan,nan,nan,nan,nan
Variance Analysis,0.1,15,2040,True,,0.015134143999162873,0.014276766822105004,0.9543650793650794,nan,nan,nan,0.9880952380952381,nan,0.875,1.0,nan,nan,nan,nan,nan,nan,nan,nan
Logistic Regression,0.1,16,2041,True,,0.023479753426817518,0.24195703818082429,0.8988095238095237,1.0,1.0,0.6666666666666666,0.9285714285714286,nan,nan,nan,nan,nan,nan,nan,nan,nan,nan,nan
Multiple Linear Regression,0.1,16,2041,True,,0.002377639443511467,0.054182239260735225,1.0,1.0,1.0,1.0,1.0,nan,nan,nan,nan,nan,nan,2.6731564175319633e-05,nan,nan,nan,nan
Figure 1,0.1,16,2041,True,,0.009052602828319474,0.015276744577896866,0.9375,nan,nan,nan,nan,0.6666666666666666,1.0,nan,nan,nan,nan,nan,1.0,1.0,0.9940476190476191,0.9642857142857144
Figure 2,0.1,16,2041,True,,0.05432627325471653,0.05263307479721324,0.6884182861789802,nan,nan,nan,0.7536731447159205,nan,nan,nan,1.0,0.5,0.5,nan,nan,nan,nan,nan
Correlation Analysis,0.1,16,2041,True,,0.003680642538518259,0.03824861845004904,0.9159824849480022,1.0,nan,1.0,0.997263273125342,0.6666666666666666,nan,nan,nan,nan,nan,nan,nan,nan,nan,nan
Variance Analysis,0.1,16,2041,True,,0.015369499372913889,0.014498788879748864,0.9841269841269842,nan,nan,nan,0.9523809523809524,nan,1.0,1.0,nan,nan,nan,nan,nan,nan,nan,nan
Logistic Regression,0.1,17,2042,True,,0.014916842565168266,0.1537169058153506,0.9970238095238095,1.0,1.0,1.0,0.9880952380952381,nan,nan,nan,nan,nan,nan,nan,nan,nan,nan,nan
Multiple Linear Regression,0.1,17,2042,True,,0.0020716835787779483,0.047210040884965505,0.8824404761904762,0.875,1.0,0.6666666666666666,0.9880952380952381,nan,nan,nan,nan,nan,nan,0.0002872277780050503,nan,nan,nan,nan
Figure 1,0.1,17,2042,True,,0.009618567788811897,0.016231840289644483,0.9940476190476191,nan,nan,nan,nan,1.0,1.0,nan,nan,nan,nan,nan,1.0,1.0,1.0,0.9642857142857144
Figure 2,0.1,17,2042,True,,0.05813484151426278,0.05632294060367341,0.5941324073334666,nan,nan,nan,0.37652962933386636,nan,nan,nan,1.0,0.0,1.0,nan,nan,nan,nan,nan
Correlation Analysis,0.1,17,2042,True,,0.005010159616377433,0.05206473639730604,0.9976053639846743,1.0,nan,1.0,0.9904214559386972,1.0,nan,nan,nan,nan,nan,nan,nan,nan,nan,nan
Variance Analysis,0.1,17,2042,True,,0.016629774554227036,0.015687667147081932,0.996031746031746,nan,nan,nan,0.9880952380952381,nan,1.0,1.0,nan,nan,nan,nan,nan,nan,nan,nan
Logistic Regression,0.1,18,2043,True,,0.015541114295431601,0.16014997758270635,0.9910714285714286,1.0,1.0,1.0,0.9642857142857144,nan,nan,nan,nan,nan,nan,nan,nan,nan,nan,nan
Multiple Linear Regression,0.1,18,2043,True,,0.0018641710350926755,0.04248119340464527,0.9970238095238095,1.0,1.0,1.0,0.9880952380952381,nan,nan,nan,nan,nan,nan,7.924141672632778e-05,nan,nan,nan,nan
Figure 1,0.1,18,2043,True,,0.011789054072964308,0.019894650334629112,0.9424603174603173,nan,nan,nan,nan,0.6666666666666666,1.0,nan,nan,nan,nan,nan,1.0,1.0,1.0,0.9880952380952381
Figure 2,0.1,18,2043,True,,0.0582626509116003,0.05644676653847133,0.6646364288618626,nan,nan,nan,0.6585457154474503,nan,nan,nan,1.0,0.5,0.5,nan,nan,nan,nan,nan
Correlation Analysis,0.1,18,2043,True,,0.005022264735229638,0.052190530757237785,0.8318965517241378,1.0,nan,0.6666666666666666,0.9942528735632183,0.6666666666666666,nan,nan,nan,nan,nan,nan,nan,nan,nan,nan
Variance Analysis,0.1,18,2043,True,,0.021721063035837786,0.020490524743788183,1.0,nan,nan,nan,1.0,nan,1.0,1.0,nan,nan,nan,nan,nan,nan,nan,nan
Logistic Regression,0.1,19,2044,True,,0.025396202760216,0.26170589993859283,0.7886904761904763,1.0,1.0,0.3333333333333333,0.8214285714285714,nan,nan,nan,nan,nan,nan,nan,nan,nan,nan,nan
Multiple Linear Regression,0.1,19,2044,True,,0.0032196519141980524,0.07337022895856987,0.9136904761904762,1.0,1.0,0.6666666666666666,0.9880952380952381,nan,nan,nan,nan,nan,nan,0.00044774861894258944,nan,nan,nan,nan
Figure 1,0.1,19,2044,True,,0.011462169889356713,0.019343016039583542,0.9910714285714285,nan,nan,nan,nan,1.0,1.0,nan,nan,nan,nan,nan,1.0,1.0,0.9940476190476191,0.9523809523809523
Figure 2,0.1,19,2044,True,,0.055681438054247745,0.05394600288859644,0.47607530742075466,nan,nan,nan,0.4043012296830186,nan,nan,nan,1.0,0.0,0.5,nan,nan,nan,nan,nan
Correlation Analysis,0.1,19,2044,True,,0.004716702527225828,0.049015179664491544,0.9907293377120964,0.9642857142857143,nan,1.0,0.9986316365626711,1.0,nan,nan,nan,nan,nan,nan,nan,nan,nan,nan
Variance Analysis,0.1,19,2044,True,,0.016833882936205073,0.01588021241268128,0.996031746031746,nan,nan,nan,0.9880952380952381,nan,1.0,1.0,nan,nan,nan,nan,nan,nan,nan,nan
Logistic Regression,0.1,20,2045,True,,0.020263448944126156,0.20881326991489027,0.96875,0.875,1.0,1.0,1.0,nan,nan,nan,nan,nan,nan,nan,nan,nan,nan,nan
Multiple Linear Regression,0.1,20,2045,True,,0.0017550232714866896,0.03999390700863071,1.0,1.0,1.0,1.0,1.0,nan,nan,nan,nan,nan,nan,0.000627804991588099,nan,nan,nan,nan
Figure 1,0.1,20,2045,True,,0.011044277740019837,0.018637801003908227,0.9970238095238094,nan,nan,nan,nan,1.0,1.0,nan,nan,nan,nan,nan,1.0,1.0,0.9940476190476191,0.9880952380952381
Figure 2,0.1,20,2045,True,,0.05625276092518972,0.05449951921869069,0.38775983604226416,nan,nan,nan,0.5510393441690568,nan,nan,nan,1.0,0.0,0.0,nan,nan,nan,nan,nan
Correlation Analysis,0.1,20,2045,True,,0.0044351199601529384,0.04608902096870793,0.9986316365626711,1.0,nan,1.0,0.9945265462506843,1.0,nan,nan,nan,nan,nan,nan,nan,nan,nan,nan
Variance Analysis,0.1,20,2045,True,,0.021434808531265493,0.020220487084982912,0.9900793650793651,nan,nan,nan,0.9702380952380952,nan,1.0,1.0,nan,nan,nan,nan,nan,nan,nan,nan
Logistic Regression,0.1,21,2046,True,,0.011651310712419479,0.12006585331861533,0.9136904761904762,1.0,1.0,0.6666666666666666,0.9880952380952381,nan,nan,nan,nan,nan,nan,nan,nan,nan,nan,nan
Multiple Linear Regression,0.1,21,2046,True,,0.0020325756320775427,0.04631883926442542,0.9970238095238095,1.0,1.0,1.0,0.9880952380952381,nan,nan,nan,nan,nan,nan,0.00034274402286960104,nan,nan,nan,nan
Figure 1,0.1,21,2046,True,,0.012016435312246505,0.020278368164760033,0.941468253968254,nan,nan,nan,nan,0.6666666666666666,1.0,nan,nan,nan,nan,nan,1.0,1.0,0.9940476190476191,0.9880952380952381
Figure 2,0.1,21,2046,True,,0.05731697690199055,0.05553056655088522,0.9400037433334546,nan,nan,nan,0.7600149733338185,nan,nan,nan,1.0,1.0,1.0,nan,nan,nan,nan,nan
Correlation Analysis,0.1,21,2046,True,,0.003588671046772588,0.037292866170590196,0.9157088122605364,1.0,nan,1.0,0.9961685823754789,0.6666666666666666,nan,nan,nan,nan,nan,nan,nan,nan,nan,nan
Variance Analysis,0.1,21,2046,True,,0.020950577096679062,0.019763688254477114,0.998015873015873,nan,nan,nan,0.9940476190476191,nan,1.0,1.0,nan,nan,nan,nan,nan,nan,nan,nan
Logistic Regression,0.1,22,2047,True,,0.01175129283051332,0.12109616129184134,0.8794642857142857,0.875,1.0,0.6666666666666666,0.9761904761904763,nan,nan,nan,nan,nan,nan,nan,nan,nan,nan,nan
Multiple Linear Regression,0.1,22,2047,True,,0.002430198768704866,0.055379974241446056,0.8824404761904762,0.875,1.0,0.6666666666666666,0.9880952380952381,nan,nan,nan,nan,nan,nan,0.00109639825279495,nan,nan,nan,nan
Figure 1,0.1,22,2047,True,,0.007223777999962557,0.012190506253917375,0.9970238095238094,nan,nan,nan,nan,1.0,1.0,nan,nan,nan,nan,nan,1.0,1.0,0.9940476190476191,0.9880952380952381
Figure 2,0.1,22,2047,True,,0.05552468472405934,0.053794135122629205,0.6290116887965866,nan,nan,nan,0.5160467551863468,nan,nan,nan,1.0,0.5,0.5,nan,nan,nan,nan,nan
Correlation Analysis,0.1,22,2047,True,,0.004515205584331773,0.04692125731073082,0.9984263820470717,1.0,nan,1.0,0.9937055281882867,1.0,nan,nan,nan,nan,nan,nan,nan,nan,nan,nan
Variance Analysis,0.1,22,2047,True,,0.017392941237317508,0.016407599029683594,0.8194444444444445,nan,nan,nan,0.9583333333333334,nan,1.0,0.5,nan,nan,nan,nan,nan,nan,nan,nan
Logistic Regression,0.1,23,2048,True,,0.01485833278229912,0.15311396704038657,0.8735119047619047,0.875,1.0,0.6666666666666666,0.9523809523809523,nan,nan,nan,nan,nan,nan,nan,nan,nan,nan,nan
Multiple Linear Regression,0.1,23,2048,True,,0.002286900158616784,0.05211444985812893,0.9077380952380952,1.0,1.0,0.6666666666666666,0.9642857142857144,nan,nan,nan,nan,nan,nan,0.0003218594937696162,nan,nan,nan,nan
Figure 1,0.1,23,2048,True,,0.01622849546637131,0.027386441758799153,0.9424603174603173,nan,nan,nan,nan,1.0,1.0,nan,nan,nan,nan,nan,1.0,0.6666666666666666,1.0,0.9880952380952381
Figure 2,0.1,23,2048,True,,0.05702924148162522,0.05525179904126995,0.3047010136242339,nan,nan,nan,0.21880405449693568,nan,nan,nan,1.0,0.0,0.0,nan,nan,nan,nan,nan
Correlation Analysis,0.1,23,2048,True,,0.00447985612421105,0.04655391166430543,0.9984948002189382,1.0,nan,1.0,0.9939792008757526,1.0,nan,nan,nan,nan,nan,nan,nan,nan,nan,nan
Variance Analysis,0.1,23,2048,True,,0.026192538899814342,0.024708683251081026,0.8214285714285715,nan,nan,nan,0.9642857142857143,nan,1.0,0.5,nan,nan,nan,nan,nan,nan,nan,nan
Logistic Regression,0.1,24,2049,True,,0.015570942683026763,0.16045735680364792,1.0,1.0,1.0,1.0,1.0,nan,nan,nan,nan,nan,nan,nan,nan,nan,nan,nan
Multiple Linear Regression,0.1,24,2049,True,,0.002303547623306478,0.05249381642582412,0.9970238095238095,1.0,1.0,1.0,0.9880952380952381,nan,nan,nan,nan,nan,nan,4.4469921015588554e-05,nan,nan,nan,nan
Figure 1,0.1,24,2049,True,,0.009739561005149066,0.016436022721669316,0.9345238095238094,nan,nan,nan,nan,0.6666666666666666,1.0,nan,nan,nan,nan,nan,1.0,1.0,0.9761904761904763,0.9642857142857144
Figure 2,0.1,24,2049,True,,0.05575053225061424,0.05401294361151996,0.2772086215810584,nan,nan,nan,0.10883448632423359,nan,nan,nan,1.0,0.0,0.0,nan,nan,nan,nan,nan
Correlation Analysis,0.1,24,2049,True,,0.004084553288099131,0.04244599105195661,0.90725916803503,0.9642857142857143,nan,1.0,0.9980842911877394,0.6666666666666666,nan,nan,nan,nan,nan,nan,nan,nan,nan,nan
Variance Analysis,0.1,24,2049,True,,0.017734346673430483,0.0167296632180152,0.8194444444444445,nan,nan,nan,0.9583333333333334,nan,1.0,0.5,nan,nan,nan,nan,nan,nan,nan,nan
Logistic Regression,0.1,25,2050,True,,0.009898715093263538,0.10200549137906763,0.9107142857142857,1.0,1.0,0.6666666666666666,0.9761904761904763,nan,nan,nan,nan,nan,nan,nan,nan,nan,nan,nan
Multiple Linear Regression,0.1,25,2050,True,,0.0020433435616850092,0.046564221523677,0.9077380952380952,1.0,1.0,0.6666666666666666,0.9642857142857144,nan,nan,nan,nan,nan,nan,2.9425005495964385e-05,nan,nan,nan,nan
Figure 1,0.1,25,2050,True,,0.010860068303904562,0.018326937867886393,0.9146825396825397,nan,nan,nan,nan,0.5,1.0,nan,nan,nan,nan,nan,1.0,1.0,1.0,0.9880952380952381
Figure 2,0.1,25,2050,True,,0.058508194398920854,0.05668465711994959,0.634628053111808,nan,nan,nan,0.5385122124472322,nan,nan,nan,1.0,0.5,0.5,nan,nan,nan,nan,nan
Correlation Analysis,0.1,25,2050,True,,0.004893224087309041,0.05084956203908322,0.7905035577449371,1.0,nan,0.6666666666666666,0.9953475643130816,0.5,nan,nan,nan,nan,nan,nan,nan,nan,nan,nan
Variance Analysis,0.1,25,2050,True,,0.01810882301287957,0.017082924781999638,0.9920634920634921,nan,nan,nan,0.9761904761904762,nan,1.0,1.0,nan,nan,nan,nan,nan,nan,nan,nan
Logistic Regression,0.1,26,2051,True,,0.019140277450024088,0.1972390747714406,0.9047619047619047,1.0,1.0,0.6666666666666666,0.9523809523809523,nan,nan,nan,nan,nan,nan,nan,nan,nan,nan,nan
Multiple Linear Regression,0.1,26,2051,True,,0.00397635235462949,0.090614106882974,1.0,1.0,1.0,1.0,1.0,nan,nan,nan,nan,nan,nan,0.00024775501321572246,nan,nan,nan,nan
Figure 1,0.1,26,2051,True,,0.007613621550198846,0.01284838779972754,0.935515873015873,nan,nan,nan,nan,0.6666666666666666,1.0,nan,nan,nan,nan,nan,1.0,1.0,0.9940476190476191,0.9523809523809523
Figure 2,0.1,26,2051,True,,0.05734686164863782,0.05555951987330819,0.660887038868868,nan,nan,nan,0.6435481554754721,nan,nan,nan,1.0,0.5,0.5,nan,nan,nan,nan,nan
Correlation Analysis,0.1,26,2051,True,,0.004000640117210515,0.04157397948803426,0.9069854953475643,0.9642857142857143,nan,1.0,0.9969896004378763,0.6666666666666666,nan,nan,nan,nan,nan,nan,nan,nan,nan,nan
Variance Analysis,0.1,26,2051,True,,0.01685905149579866,0.015903955126942867,0.8234126984126985,nan,nan,nan,0.9702380952380952,nan,1.0,0.5,nan,nan,nan,nan,nan,nan,nan,nan
Logistic Regression,0.1,27,2052,True,,0.013877920116997837,0.1430108905566137,0.9047619047619047,1.0,1.0,0.6666666666666666,0.9523809523809523,nan,nan,nan,nan,nan,nan,nan,nan,nan,nan,nan
Multiple Linear Regression,0.1,27,2052,True,,0.0015518056979128268,0.035362934375915804,1.0,1.0,1.0,1.0,1.0,nan,nan,nan,nan,nan,nan,0.0002470522390237706,nan,nan,nan,nan
Figure 1,0.1,27,2052,True,,0.01090036028887549,0.018394932716949225,0.9404761904761906,nan,nan,nan,nan,0.6666666666666666,1.0,nan,nan,nan,nan,nan,1.0,1.0,0.9880952380952381,0.9880952380952381
Figure 2,0.1,27,2052,True,,0.05762166312915108,0.05582575655791242,0.5259937622455018,nan,nan,nan,0.6039750489820073,nan,nan,nan,1.0,0.0,0.5,nan,nan,nan,nan,nan
Correlation Analysis,0.1,27,2052,True,,0.005545709284460279,0.057630078508414055,0.9150246305418719,1.0,nan,1.0,0.993431855500821,0.6666666666666666,nan,nan,nan,nan,nan,nan,nan,nan,nan,nan
Variance Analysis,0.1,27,2052,True,,0.019043769733958358,0.017964905046537354,0.9841269841269842,nan,nan,nan,0.9523809523809524,nan,1.0,1.0,nan,nan,nan,nan,nan,nan,nan,nan
Logistic Regression,0.1,28,2053,True,,0.018906992913455257,0.1948350957135893,0.8928571428571428,1.0,1.0,0.6666666666666666,0.9047619047619049,nan,nan,nan,nan,nan,nan,nan,nan,nan,nan,nan
Multiple Linear Regression,0.1,28,2053,True,,0.003494432283163727,0.07963199237946238,0.9970238095238095,1.0,1.0,1.0,0.9880952380952381,nan,nan,nan,nan,nan,nan,7.212230511144391e-06,nan,nan,nan,nan
Figure 1,0.1,28,2053,True,,0.011518418696212859,0.019437938866912783,0.9920634920634921,nan,nan,nan,nan,1.0,1.0,nan,nan,nan,nan,nan,1.0,1.0,0.9880952380952381,0.9642857142857144
Figure 2,0.1,28,2053,True,,0.05676892230797684,0.05499959329040715,0.4465681865730188,nan,nan,nan,0.286272746292075,nan,nan,nan,1.0,0.0,0.5,nan,nan,nan,nan,nan
Correlation Analysis,0.1,28,2053,True,,0.004568896457730057,0.04747920384027552,0.9152983032293377,1.0,nan,0.6666666666666666,0.9945265462506843,1.0,nan,nan,nan,nan,nan,nan,nan,nan,nan,nan
Variance Analysis,0.1,28,2053,True,,0.016258509655534797,0.015337435089810987,0.9920634920634921,nan,nan,nan,0.9761904761904763,nan,1.0,1.0,nan,nan,nan,nan,nan,nan,nan,nan
Logistic Regression,0.1,29,2054,True,,0.012571740287285933,0.1295508087072166,0.9910714285714286,1.0,1.0,1.0,0.9642857142857144,nan,nan,nan,nan,nan,nan,nan,nan,nan,nan,nan
Multiple Linear Regression,0.1,29,2054,True,,0.003449027730688283,0.07859730213975225,0.9136904761904762,1.0,1.0,0.6666666666666666,0.9880952380952381,nan,nan,nan,nan,nan,nan,0.0006757640684034172,nan,nan,nan,nan
Figure 1,0.1,29,2054,True,,0.012070231842746719,0.020369152646440576,0.9920634920634921,nan,nan,nan,nan,1.0,1.0,nan,nan,nan,nan,nan,1.0,1.0,1.0,0.9523809523809523
Figure 2,0.1,29,2054,True,,0.058381644669097975,0.05656205159234225,0.39611993182447025,nan,nan,nan,0.5844797272978809,nan,nan,nan,1.0,0.0,0.0,nan,nan,nan,nan,nan
Correlation Analysis,0.1,29,2054,True,,0.005460477787745528,0.056744367124150825,0.9987000547345375,1.0,nan,1.0,0.99480021893815,1.0,nan,nan,nan,nan,nan,nan,nan,nan,nan,nan
Variance Analysis,0.1,29,2054,True,,0.022177432448851845,0.0209210399876436,0.9900793650793651,nan,nan,nan,0.9702380952380952,nan,1.0,1.0,nan,nan,nan,nan,nan,nan,nan,nan
Logistic Regression,0.1,30,2055,True,,0.015066921616923171,0.15526345880487766,0.8645833333333333,0.875,1.0,0.6666666666666666,0.9166666666666667,nan,nan,nan,nan,nan,nan,nan,nan,nan,nan,nan
Multiple Linear Regression,0.1,30,2055,True,,0.002556101114251886,0.05824906821973306,0.96875,0.875,1.0,1.0,1.0,nan,nan,nan,nan,nan,nan,0.0013240681982629177,nan,nan,nan,nan
Figure 1,0.1,30,2055,True,,0.010288516754853268,0.017362414493388722,0.8849206349206349,nan,nan,nan,nan,0.6666666666666666,1.0,nan,nan,nan,nan,nan,1.0,0.6666666666666666,1.0,0.9761904761904763
Figure 2,0.1,30,2055,True,,0.05886121623598539,0.05702667625069595,0.5287096310950944,nan,nan,nan,0.6148385243803776,nan,nan,nan,1.0,0.5,0.0,nan,nan,nan,nan,nan
Correlation Analysis,0.1,30,2055,True,,0.004937600611451589,0.051310715417142855,0.9155719759168035,1.0,nan,1.0,0.9956212370005474,0.6666666666666666,nan,nan,nan,nan,nan,nan,nan,nan,nan,nan
Variance Analysis,0.1,30,2055,True,,0.020307483403774983,0.019157027005656847,0.9920634920634921,nan,nan,nan,0.9761904761904762,nan,1.0,1.0,nan,nan,nan,nan,nan,nan,nan,nan
Logistic Regression,0.1,31,2056,True,,0.017914049002018477,0.18460288571020303,0.9077380952380952,1.0,1.0,0.6666666666666666,0.9642857142857144,nan,nan,nan,nan,nan,nan,nan,nan,nan,nan,nan
Multiple Linear Regression,0.1,31,2056,True,,0.004063262440866776,0.09259463555376571,0.8898809523809523,1.0,1.0,0.6666666666666666,0.8928571428571429,nan,nan,nan,nan,nan,nan,0.00011234407962912307,nan,nan,nan,nan
Figure 1,0.1,31,2056,True,,0.00986054625009237,0.016640191701546705,0.8829365079365079,nan,nan,nan,nan,0.6666666666666666,1.0,nan,nan,nan,nan,nan,1.0,0.6666666666666666,1.0,0.9642857142857144
Figure 2,0.1,31,2056,True,,0.057339029246684006,0.05555193158548391,0.8482983435774192,nan,nan,nan,0.8931933743096767,nan,nan,nan,1.0,1.0,0.5,nan,nan,nan,nan,nan
Correlation Analysis,0.1,31,2056,True,,0.004548664295558429,0.04726895461253235,0.9152983032293377,1.0,nan,1.0,0.9945265462506843,0.6666666666666666,nan,nan,nan,nan,nan,nan,nan,nan,nan,nan
Variance Analysis,0.1,31,2056,True,,0.01927160382381095,0.018179831914890917,0.9900793650793651,nan,nan,nan,0.9702380952380952,nan,1.0,1.0,nan,nan,nan,nan,nan,nan,nan,nan
Logistic Regression,0.1,32,2057,True,,0.020276988503565536,0.20895279402490427,0.9910714285714286,1.0,1.0,1.0,0.9642857142857144,nan,nan,nan,nan,nan,nan,nan,nan,nan,nan,nan
Multiple Linear Regression,0.1,32,2057,True,,0.0045436194211011674,0.10354112994535682,0.8958333333333333,1.0,1.0,0.6666666666666666,0.9166666666666667,nan,nan,nan,nan,nan,nan,0.0010478179335055016,nan,nan,nan,nan
Figure 1,0.1,32,2057,True,,0.008643535171554367,0.01458642133871424,0.8571428571428571,nan,nan,nan,nan,0.5,1.0,nan,nan,nan,nan,nan,1.0,0.6666666666666666,1.0,0.9761904761904763
Figure 2,0.1,32,2057,True,,0.05634661824835369,0.05459045127079729,0.6824192621901888,nan,nan,nan,0.7296770487607552,nan,nan,nan,1.0,0.5,0.5,nan,nan,nan,nan,nan
Correlation Analysis,0.1,32,2057,True,,0.004476148163426794,0.046515379159238576,0.7910509031198686,1.0,nan,0.6666666666666666,0.9975369458128078,0.5,nan,nan,nan,nan,nan,nan,nan,nan,nan,nan
Variance Analysis,0.1,32,2057,True,,0.018995631855885677,0.01791949426806237,0.998015873015873,nan,nan,nan,0.9940476190476191,nan,1.0,1.0,nan,nan,nan,nan,nan,nan,nan,nan
Logistic Regression,0.1,33,2058,True,,0.014650316303135291,0.1509703733545263,0.9970238095238095,1.0,1.0,1.0,0.9880952380952381,nan,nan,nan,nan,nan,nan,nan,nan,nan,nan,nan
Multiple Linear Regression,0.1,33,2058,True,,0.0023426472106309925,0.05338482755082636,0.9970238095238095,1.0,1.0,1.0,0.9880952380952381,nan,nan,nan,nan,nan,nan,0.00045250067648527903,nan,nan,nan,nan
Figure 1,0.1,33,2058,True,,0.011111946145524096,0.018751995006062856,0.9970238095238094,nan,nan,nan,nan,1.0,1.0,nan,nan,nan,nan,nan,1.0,1.0,0.9940476190476191,0.9880952380952381
Figure 2,0.1,33,2058,True,,0.05671976774117587,0.05495197073439397,0.3356854497934504,nan,nan,nan,0.3427417991738016,nan,nan,nan,1.0,0.0,0.0,nan,nan,nan,nan,nan
Correlation Analysis,0.1,33,2058,True,,0.004373373917116124,0.04544736647055985,0.9982895457033387,1.0,nan,1.0,0.9931581828133551,1.0,nan,nan,nan,nan,nan,nan,nan,nan,nan,nan
Variance Analysis,0.1,33,2058,True,,0.020053946082219946,0.01891785304109416,0.9861111111111112,nan,nan,nan,0.9583333333333334,nan,1.0,1.0,nan,nan,nan,nan,nan,nan,nan,nan
Logistic Regression,0.1,34,2059,True,,0.015383902430935872,0.15852992151104311,0.8735119047619047,0.875,1.0,0.6666666666666666,0.9523809523809523,nan,nan,nan,nan,nan,nan,nan,nan,nan,nan,nan
Multiple Linear Regression,0.1,34,2059,True,,0.0024104012560585246,0.054928823597096346,1.0,1.0,1.0,1.0,1.0,nan,nan,nan,nan,nan,nan,0.00023917628194591867,nan,nan,nan,nan
Figure 1,0.1,34,2059,True,,0.009089489480216643,0.015338992747849053,0.9990079365079364,nan,nan,nan,nan,1.0,1.0,nan,nan,nan,nan,nan,1.0,1.0,0.9940476190476191,1.0
Figure 2,0.1,34,2059,True,,0.056185201196602835,0.0544340651384647,0.4476799139023414,nan,nan,nan,0.2907196556093655,nan,nan,nan,1.0,0.0,0.5,nan,nan,nan,nan,nan
Correlation Analysis,0.1,34,2059,True,,0.005937578338200258,0.0617023158316604,0.9897030651340997,0.9642857142857143,nan,1.0,0.9945265462506843,1.0,nan,nan,nan,nan,nan,nan,nan,nan,nan,nan
Variance Analysis,0.1,34,2059,True,,0.01745496437749148,0.01646610844454627,0.9900793650793651,nan,nan,nan,0.9702380952380952,nan,1.0,1.0,nan,nan,nan,nan,nan,nan,nan,nan
Logistic Regression,0.1,35,2060,True,,0.015638407877477035,0.16115258040045266,0.9657738095238095,0.875,1.0,1.0,0.9880952380952381,nan,nan,nan,nan,nan,nan,nan,nan,nan,nan,nan
Multiple Linear Regression,0.1,35,2060,True,,0.002478331374047225,0.056476832028701913,0.9077380952380952,1.0,1.0,0.6666666666666666,0.9642857142857144,nan,nan,nan,nan,nan,nan,0.00025076329022144517,nan,nan,nan,nan
Figure 1,0.1,35,2060,True,,0.00912938467232081,0.015406317988028025,0.9732142857142857,nan,nan,nan,nan,1.0,0.875,nan,nan,nan,nan,nan,1.0,1.0,1.0,0.9642857142857144
Figure 2,0.1,35,2060,True,,0.05833775943519517,0.05651953413881347,0.4857308856097295,nan,nan,nan,0.4429235424389179,nan,nan,nan,1.0,0.0,0.5,nan,nan,nan,nan,nan
Correlation Analysis,0.1,35,2060,True,,0.004973332431315257,0.05168203448173246,0.9991789819376027,1.0,nan,1.0,0.9967159277504105,1.0,nan,nan,nan,nan,nan,nan,nan,nan,nan,nan
Variance Analysis,0.1,35,2060,True,,0.01612151854531323,0.015208204778705001,0.9404761904761904,nan,nan,nan,0.9464285714285714,nan,0.875,1.0,nan,nan,nan,nan,nan,nan,nan,nan
Logistic Regression,0.1,36,2061,True,,0.013068109090907562,0.1346658507345522,0.8824404761904762,0.875,1.0,0.6666666666666666,0.9880952380952381,nan,nan,nan,nan,nan,nan,nan,nan,nan,nan,nan
Multiple Linear Regression,0.1,36,2061,True,,0.0023484363408101364,0.053516751689843274,0.9970238095238095,1.0,1.0,1.0,0.9880952380952381,nan,nan,nan,nan,nan,nan,0.00012738108288490313,nan,nan,nan,nan
Figure 1,0.1,36,2061,True,,0.011576292813268009,0.019535604490898518,1.0,nan,nan,nan,nan,1.0,1.0,nan,nan,nan,nan,nan,1.0,1.0,1.0,1.0
Figure 2,0.1,36,2061,True,,0.05741670165698324,0.05562718316333081,0.5582167519428303,nan,nan,nan,0.7328670077713213,nan,nan,nan,1.0,0.5,0.0,nan,nan,nan,nan,nan
Correlation Analysis,0.1,36,2061,True,,0.004047652321800363,0.042062522414176885,0.9064381499726327,0.9642857142857143,nan,0.6666666666666666,0.99480021893815,1.0,nan,nan,nan,nan,nan,nan,nan,nan,nan,nan
Variance Analysis,0.1,36,2061,True,,0.019899126523538993,0.01877180429602398,1.0,nan,nan,nan,1.0,nan,1.0,1.0,nan,nan,nan,nan,nan,nan,nan,nan
Logistic Regression,0.1,37,2062,True,,0.01783780174646376,0.1838171636547761,0.9017857142857142,1.0,1.0,0.6666666666666666,0.9404761904761905,nan,nan,nan,nan,nan,nan,nan,nan,nan,nan,nan
Multiple Linear Regression,0.1,37,2062,True,,0.0021930278674496388,0.04997526472900776,0.9940476190476191,1.0,1.0,1.0,0.9761904761904763,nan,nan,nan,nan,nan,nan,0.00012748097962744787,nan,nan,nan,nan
Figure 1,0.1,37,2062,True,,0.010803061777656732,0.018230736349132377,0.9781746031746031,nan,nan,nan,nan,1.0,0.875,nan,nan,nan,nan,nan,1.0,1.0,0.9940476190476191,1.0
Figure 2,0.1,37,2062,True,,0.05933406917772425,0.05748479168471319,0.5039874487632076,nan,nan,nan,0.5159497950528302,nan,nan,nan,1.0,0.5,0.0,nan,nan,nan,nan,nan
Correlation Analysis,0.1,37,2062,True,,0.0048478625040118,0.05037817209190166,0.9985632183908046,1.0,nan,1.0,0.9942528735632183,1.0,nan,nan,nan,nan,nan,nan,nan,nan,nan,nan
Variance Analysis,0.1,37,2062,True,,0.019197227522349126,0.018109669168116488,0.9424603174603176,nan,nan,nan,0.9523809523809524,nan,0.875,1.0,nan,nan,nan,nan,nan,nan,nan,nan
Logistic Regression,0.1,38,2063,True,,0.01513343950767151,0.15594892051049852,0.9598214285714286,0.875,1.0,1.0,0.9642857142857144,nan,nan,nan,nan,nan,nan,nan,nan,nan,nan,nan
Multiple Linear Regression,0.1,38,2063,True,,0.003980029598810716,0.09069790483837512,1.0,1.0,1.0,1.0,1.0,nan,nan,nan,nan,nan,nan,0.0010098976029863094,nan,nan,nan,nan
Figure 1,0.1,38,2063,True,,0.010478540552260829,0.017683089670657737,1.0,nan,nan,nan,nan,1.0,1.0,nan,nan,nan,nan,nan,1.0,1.0,1.0,1.0
Figure 2,0.1,38,2063,True,,0.058261246486513846,0.05644540588539882,0.6354303908711254,nan,nan,nan,0.5417215634845016,nan,nan,nan,1.0,0.5,0.5,nan,nan,nan,nan,nan
Correlation Analysis,0.1,38,2063,True,,0.006286529465979812,0.06532855728392803,0.9892925561029009,0.9642857142857143,nan,1.0,0.9928845101258894,1.0,nan,nan,nan,nan,nan,nan,nan,nan,nan,nan
Variance Analysis,0.1,38,2063,True,,0.016878544303728614,0.015922343631343212,0.9940476190476191,nan,nan,nan,0.9821428571428572,nan,1.0,1.0,nan,nan,nan,nan,nan,nan,nan,nan
Logistic Regression,0.1,39,2064,True,,0.01522231672571099,0.15686479334986245,1.0,1.0,1.0,1.0,1.0,nan,nan,nan,nan,nan,nan,nan,nan,nan,nan,nan
Multiple Linear Regression,0.1,39,2064,True,,0.0025912739440532183,0.0590505954172119,1.0,1.0,1.0,1.0,1.0,nan,nan,nan,nan,nan,nan,0.0006276591881504423,nan,nan,nan,nan
Figure 1,0.1,39,2064,True,,0.008443992484050512,0.014249682532517282,0.9950396825396824,nan,nan,nan,nan,1.0,1.0,nan,nan,nan,nan,nan,1.0,1.0,0.9940476190476191,0.9761904761904763
Figure 2,0.1,39,2064,True,,0.055912442571835475,0.05416980763948893,0.6465322233213208,nan,nan,nan,0.5861288932852832,nan,nan,nan,1.0,0.5,0.5,nan,nan,nan,nan,nan
Correlation Analysis,0.1,39,2064,True,,0.004972913204743174,0.05167767794967809,0.9988368910782703,1.0,nan,1.0,0.9953475643130816,1.0,nan,nan,nan,nan,nan,nan,nan,nan,nan,nan
Variance Analysis,0.1,39,2064,True,,0.016870279738895173,0.015914547269354075,0.9821428571428571,nan,nan,nan,0.9464285714285714,nan,1.0,1.0,nan,nan,nan,nan,nan,nan,nan,nan
Logistic Regression,0.1,40,2065,True,,0.011799678577638743,0.12159477266359715,0.9136904761904762,1.0,1.0,0.6666666666666666,0.9880952380952381,nan,nan,nan,nan,nan,nan,nan,nan,nan,nan,nan
Multiple Linear Regression,0.1,40,2065,True,,0.0020788257830256286,0.04737279921253822,1.0,1.0,1.0,1.0,1.0,nan,nan,nan,nan,nan,nan,0.00010391970457457322,nan,nan,nan,nan
Figure 1,0.1,40,2065,True,,0.010099228703644499,0.017042980926622923,0.9434523809523809,nan,nan,nan,nan,0.6666666666666666,1.0,nan,nan,nan,nan,nan,1.0,1.0,0.9940476190476191,1.0
Figure 2,0.1,40,2065,True,,0.055877503802513995,0.05413595781418621,0.5231272028266039,nan,nan,nan,0.5925088113064153,nan,nan,nan,1.0,0.5,0.0,nan,nan,nan,nan,nan
Correlation Analysis,0.1,40,2065,True,,0.004041669167618678,0.0420003464818422,0.9071907498631636,0.9642857142857143,nan,1.0,0.9978106185002736,0.6666666666666666,nan,nan,nan,nan,nan,nan,nan,nan,nan,nan
Variance Analysis,0.1,40,2065,True,,0.01908276620534569,0.01800169229587981,0.996031746031746,nan,nan,nan,0.9880952380952381,nan,1.0,1.0,nan,nan,nan,nan,nan,nan,nan,nan
Logistic Regression,0.1,41,2066,True,,0.017644746661812823,0.1818277459790974,0.9136904761904762,1.0,1.0,0.6666666666666666,0.9880952380952381,nan,nan,nan,nan,nan,nan,nan,nan,nan,nan,nan
Multiple Linear Regression,0.1,41,2066,True,,0.0017856365216117073,0.04069152936989704,0.96875,0.875,1.0,1.0,1.0,nan,nan,nan,nan,nan,nan,7.481943384657352e-05,nan,nan,nan,nan
Figure 1,0.1,41,2066,True,,0.007734938321320049,0.013053116247510094,0.9990079365079364,nan,nan,nan,nan,1.0,1.0,nan,nan,nan,nan,nan,1.0,1.0,0.9940476190476191,1.0
Figure 2,0.1,41,2066,True,,0.05745172961811363,0.05566111940058245,0.480974514146306,nan,nan,nan,0.42389805658522384,nan,nan,nan,1.0,0.0,0.5,nan,nan,nan,nan,nan
Correlation Analysis,0.1,41,2066,True,,0.00522372601036296,0.05428408245762565,0.9983579638752053,1.0,nan,1.0,0.993431855500821,1.0,nan,nan,nan,nan,nan,nan,nan,nan,nan,nan
Variance Analysis,0.1,41,2066,True,,0.01242008206702187,0.011716461505327775,0.996031746031746,nan,nan,nan,0.9880952380952381,nan,1.0,1.0,nan,nan,nan,nan,nan,nan,nan,nan
Logistic Regression,0.1,42,2067,True,,0.018372216701432922,0.18932426832122423,0.8645833333333333,0.875,1.0,0.6666666666666666,0.9166666666666667,nan,nan,nan,nan,nan,nan,nan,nan,nan,nan,nan
Multiple Linear Regression,0.1,42,2067,True,,0.0016564982618353984,0.03774869457296868,0.9077380952380952,1.0,1.0,0.6666666666666666,0.9642857142857144,nan,nan,nan,nan,nan,nan,0.00025855049758005677,nan,nan,nan,nan
Figure 1,0.1,42,2067,True,,0.008502730194614838,0.01434880551608335,0.9930555555555555,nan,nan,nan,nan,1.0,1.0,nan,nan,nan,nan,nan,1.0,1.0,0.9940476190476191,0.9642857142857144
Figure 2,0.1,42,2067,True,,0.056570617656019784,0.0548074692415118,0.3417053997560354,nan,nan,nan,0.3668215990241417,nan,nan,nan,1.0,0.0,0.0,nan,nan,nan,nan,nan
Correlation Analysis,0.1,42,2067,True,,0.005299253312384615,0.05506894948216176,0.9988368910782703,1.0,nan,1.0,0.9953475643130816,1.0,nan,nan,nan,nan,nan,nan,nan,nan,nan,nan
Variance Analysis,0.1,42,2067,True,,0.017379207955012167,0.016394643763156042,0.996031746031746,nan,nan,nan,0.9880952380952381,nan,1.0,1.0,nan,nan,nan,nan,nan,nan,nan,nan
Logistic Regression,0.1,43,2068,True,,0.013450751945910895,0.13860895568095746,1.0,1.0,1.0,1.0,1.0,nan,nan,nan,nan,nan,nan,nan,nan,nan,nan,nan
Multiple Linear Regression,0.1,43,2068,True,,0.001966674070509788,0.0448170580813009,1.0,1.0,1.0,1.0,1.0,nan,nan,nan,nan,nan,nan,0.00034021619784119217,nan,nan,nan,nan
Figure 1,0.1,43,2068,True,,0.012882634973683676,0.021740125764446196,0.941468253968254,nan,nan,nan,nan,0.6666666666666666,1.0,nan,nan,nan,nan,nan,1.0,1.0,0.9940476190476191,0.9880952380952381
Figure 2,0.1,43,2068,True,,0.057253968868580134,0.05546952230218872,0.4863602580916052,nan,nan,nan,0.44544103236642096,nan,nan,nan,1.0,0.5,0.0,nan,nan,nan,nan,nan
Correlation Analysis,0.1,43,2068,True,,0.005329142747209524,0.055379555463683075,0.9058223864258347,0.9642857142857143,nan,1.0,0.9923371647509578,0.6666666666666666,nan,nan,nan,nan,nan,nan,nan,nan,nan,nan
Variance Analysis,0.1,43,2068,True,,0.02357403926147496,0.022238526447868005,0.8234126984126985,nan,nan,nan,0.9702380952380952,nan,1.0,0.5,nan,nan,nan,nan,nan,nan,nan,nan
Logistic Regression,0.1,44,2069,True,,0.02647756800956409,0.27284928497197636,0.8869047619047619,1.0,1.0,0.6666666666666666,0.880952380952381,nan,nan,nan,nan,nan,nan,nan,nan,nan,nan,nan
Multiple Linear Regression,0.1,44,2069,True,,0.003603762867579355,0.0821234449415779,0.9017857142857142,1.0,1.0,0.6666666666666666,0.9404761904761905,nan,nan,nan,nan,nan,nan,5.31332721911415e-05,nan,nan,nan,nan
Figure 1,0.1,44,2069,True,,0.007978863074112205,0.013464752128957926,0.935515873015873,nan,nan,nan,nan,0.6666666666666666,1.0,nan,nan,nan,nan,nan,1.0,1.0,0.9940476190476191,0.9523809523809523
Figure 2,0.1,44,2069,True,,0.05765484384463591,0.05585790312301453,0.6218100409894339,nan,nan,nan,0.48724016395773584,nan,nan,nan,1.0,0.5,0.5,nan,nan,nan,nan,nan
Correlation Analysis,0.1,44,2069,True,,0.004968029323020982,0.05162692547192662,0.9146141215106732,1.0,nan,1.0,0.9917898193760264,0.6666666666666666,nan,nan,nan,nan,nan,nan,nan,nan,nan,nan
Variance Analysis,0.1,44,2069,True,,0.018445607331592444,0.017400629647756908,0.9920634920634921,nan,nan,nan,0.9761904761904762,nan,1.0,1.0,nan,nan,nan,nan,nan,nan,nan,nan
Logistic Regression,0.1,45,2070,True,,0.016154204655299736,0.16646782619526804,0.8794642857142857,0.875,1.0,0.6666666666666666,0.9761904761904763,nan,nan,nan,nan,nan,nan,nan,nan,nan,nan,nan
Multiple Linear Regression,0.1,45,2070,True,,0.003357026723963021,0.07650076030611969,0.9047619047619047,1.0,1.0,0.6666666666666666,0.9523809523809523,nan,nan,nan,nan,nan,nan,0.0009074632960275331,nan,nan,nan,nan
Figure 1,0.1,45,2070,True,,0.009434961616146433,0.015921995192501714,0.933531746031746,nan,nan,nan,nan,1.0,1.0,nan,nan,nan,nan,nan,1.0,0.6666666666666666,0.9940476190476191,0.9404761904761905
Figure 2,0.1,45,2070,True,,0.05658437824721197,0.05482080095344566,0.504784938515849,nan,nan,nan,0.5191397540633963,nan,nan,nan,1.0,0.0,0.5,nan,nan,nan,nan,nan
Correlation Analysis,0.1,45,2070,True,,0.004735606844561188,0.049211630151940924,0.9149562123700055,1.0,nan,0.6666666666666666,0.9931581828133551,1.0,nan,nan,nan,nan,nan,nan,nan,nan,nan,nan
Variance Analysis,0.1,45,2070,True,,0.016012660646871683,0.015105513881031481,0.9920634920634921,nan,nan,nan,0.9761904761904763,nan,1.0,1.0,nan,nan,nan,nan,nan,nan,nan,nan
Logistic Regression,0.1,46,2071,True,,0.013768740810941317,0.14188580627468503,0.9940476190476191,1.0,1.0,1.0,0.9761904761904763,nan,nan,nan,nan,nan,nan,nan,nan,nan,nan,nan
Multiple Linear Regression,0.1,46,2071,True,,0.002277733557793393,0.051905559077663456,1.0,1.0,1.0,1.0,1.0,nan,nan,nan,nan,nan,nan,0.0007684695895823213,nan,nan,nan,nan
Figure 1,0.1,46,2071,True,,0.013301580305542602,0.022447118101157286,0.9742063492063492,nan,nan,nan,nan,1.0,0.875,nan,nan,nan,nan,nan,1.0,1.0,0.9940476190476191,0.9761904761904763
Figure 2,0.1,46,2071,True,,0.0568200886892642,0.05504916495825878,0.6529121413424529,nan,nan,nan,0.6116485653698116,nan,nan,nan,1.0,0.5,0.5,nan,nan,nan,nan,nan
Correlation Analysis,0.1,46,2071,True,,0.00548090864552916,0.05695668116328813,0.9806376573617953,0.9285714285714286,nan,1.0,0.9939792008757526,1.0,nan,nan,nan,nan,nan,nan,nan,nan,nan,nan
Variance Analysis,0.1,46,2071,True,,0.02437833806060351,0.02299726023625356,0.9503968253968255,nan,nan,nan,0.9761904761904762,nan,0.875,1.0,nan,nan,nan,nan,nan,nan,nan,nan
Logistic Regression,0.1,47,2072,True,,0.01897128587922299,0.19549762973983062,0.9598214285714286,0.875,1.0,1.0,0.9642857142857144,nan,nan,nan,nan,nan,nan,nan,nan,nan,nan,nan
Multiple Linear Regression,0.1,47,2072,True,,0.0035265467122370334,0.08036382398013686,1.0,1.0,1.0,1.0,1.0,nan,nan,nan,nan,nan,nan,0.0007961344056273134,nan,nan,nan,nan
Figure 1,0.1,47,2072,True,,0.007165737355978509,0.012092559606958871,0.998015873015873,nan,nan,nan,nan,1.0,1.0,nan,nan,nan,nan,nan,1.0,1.0,1.0,0.9880952380952381
Figure 2,0.1,47,2072,True,,0.0557676697605768,0.05402954699308211,0.5454890839296282,nan,nan,nan,0.6819563357185128,nan,nan,nan,1.0,0.5,0.0,nan,nan,nan,nan,nan
Correlation Analysis,0.1,47,2072,True,,0.004438114199329827,0.0461201365988259,0.9809797482211275,0.9285714285714286,nan,1.0,0.9953475643130816,1.0,nan,nan,nan,nan,nan,nan,nan,nan,nan,nan
Variance Analysis,0.1,47,2072,True,,0.011991401035590859,0.01131206604515913,0.9801587301587302,nan,nan,nan,0.9404761904761905,nan,1.0,1.0,nan,nan,nan,nan,nan,nan,nan,nan
Logistic Regression,0.1,48,2073,True,,0.010327930215109521,0.1064285199235523,0.9970238095238095,1.0,1.0,1.0,0.9880952380952381,nan,nan,nan,nan,nan,nan,nan,nan,nan,nan,nan
Multiple Linear Regression,0.1,48,2073,True,,0.002302651360892188,0.052473392174912564,0.9940476190476191,1.0,1.0,1.0,0.9761904761904763,nan,nan,nan,nan,nan,nan,0.00024192479379392395,nan,nan,nan,nan
Figure 1,0.1,48,2073,True,,0.00925645838693359,0.015620761581491676,0.9990079365079364,nan,nan,nan,nan,1.0,1.0,nan,nan,nan,nan,nan,1.0,1.0,0.9940476190476191,1.0
Figure 2,0.1,48,2073,True,,0.055862449820033404,0.054121373022364,0.7893145502065496,nan,nan,nan,0.6572582008261985,nan,nan,nan,1.0,1.0,0.5,nan,nan,nan,nan,nan
Correlation Analysis,0.1,48,2073,True,,0.003965713984769208,0.04121103299168114,0.9993158182813355,1.0,nan,1.0,0.997263273125342,1.0,nan,nan,nan,nan,nan,nan,nan,nan,nan,nan
Variance Analysis,0.1,48,2073,True,,0.018224494882091796,0.017192043626429253,0.998015873015873,nan,nan,nan,0.9940476190476191,nan,1.0,1.0,nan,nan,nan,nan,nan,nan,nan,nan
Logistic Regression,0.1,49,2074,True,,0.022809221373064223,0.23504725736744703,0.9077380952380952,1.0,1.0,0.6666666666666666,0.9642857142857144,nan,nan,nan,nan,nan,nan,nan,nan,nan,nan,nan
Multiple Linear Regression,0.1,49,2074,True,,0.0020645418357921955,0.04704729306874437,1.0,1.0,1.0,1.0,1.0,nan,nan,nan,nan,nan,nan,0.00034770072014411735,nan,nan,nan,nan
Figure 1,0.1,49,2074,True,,0.007095316027631653,0.011973719902357492,0.9325396825396824,nan,nan,nan,nan,0.6666666666666666,1.0,nan,nan,nan,nan,nan,1.0,1.0,0.9761904761904763,0.9523809523809523
Figure 2,0.1,49,2074,True,,0.056032787847086776,0.054286402088073595,0.6742437914123123,nan,nan,nan,0.6969751656492493,nan,nan,nan,1.0,0.5,0.5,nan,nan,nan,nan,nan
Correlation Analysis,0.1,49,2074,True,,0.004897396311615436,0.050892919092617554,0.9152298850574713,1.0,nan,1.0,0.9942528735632183,0.6666666666666666,nan,nan,nan,nan,nan,nan,nan,nan,nan,nan
Variance Analysis,0.1,49,2074,True,,0.010142862745457094,0.009568250859349333,0.9920634920634921,nan,nan,nan,0.9761904761904763,nan,1.0,1.0,nan,nan,nan,nan,nan,nan,nan,nan
Logistic Regression,0.1,50,2075,True,,0.017426910738352654,0.17958296368127277,0.9657738095238095,0.875,1.0,1.0,0.9880952380952381,nan,nan,nan,nan,nan,nan,nan,nan,nan,nan,nan
Multiple Linear Regression,0.1,50,2075,True,,0.0028269513920321037,0.06442127174477674,1.0,1.0,1.0,1.0,1.0,nan,nan,nan,nan,nan,nan,0.001242437457303791,nan,nan,nan,nan
Figure 1,0.1,50,2075,True,,0.010715106255304283,0.018082306767643344,0.9434523809523809,nan,nan,nan,nan,0.6666666666666666,1.0,nan,nan,nan,nan,nan,1.0,1.0,0.9940476190476191,1.0
Figure 2,0.1,50,2075,True,,0.06017419276625674,0.05829873096353708,0.535887038868868,nan,nan,nan,0.6435481554754721,nan,nan,nan,1.0,0.5,0.0,nan,nan,nan,nan,nan
Correlation Analysis,0.1,50,2075,True,,0.004629130487255095,0.04810514574821739,0.9150930487137383,1.0,nan,1.0,0.9937055281882867,0.6666666666666666,nan,nan,nan,nan,nan,nan,nan,nan,nan,nan
Variance Analysis,0.1,50,2075,True,,0.018769142575754533,0.017705836023478617,0.9920634920634921,nan,nan,nan,0.9761904761904763,nan,1.0,1.0,nan,nan,nan,nan,nan,nan,nan,nan
Logistic Regression,0.25,1,2026,True,,0.05408070208432918,0.5572974409568751,0.7767857142857143,1.0,1.0,0.3333333333333333,0.7738095238095238,nan,nan,nan,nan,nan,nan,nan,nan,nan,nan,nan
Multiple Linear Regression,0.25,1,2026,True,,0.004713999124773689,0.10742378502779602,0.9970238095238095,1.0,1.0,1.0,0.9880952380952381,nan,nan,nan,nan,nan,nan,0.0009685300835643451,nan,nan,nan,nan
Figure 1,0.25,1,2026,True,,0.02364348237629841,0.03989962312991138,0.9573412698412699,nan,nan,nan,nan,1.0,0.875,nan,nan,nan,nan,nan,1.0,1.0,0.9523809523809523,0.9166666666666667
Figure 2,0.25,1,2026,True,,0.14627733897539855,0.14171828218975152,0.5232677950202028,nan,nan,nan,0.5930711800808113,nan,nan,nan,1.0,0.5,0.0,nan,nan,nan,nan,nan
Correlation Analysis,0.25,1,2026,True,,0.01044233130589133,0.10851495130761349,0.9844348659003832,0.9642857142857143,nan,1.0,0.9734537493158183,1.0,nan,nan,nan,nan,nan,nan,nan,nan,nan,nan
Variance Analysis,0.25,1,2026,True,,0.05841610331055914,0.05510672329184791,0.9246031746031745,nan,nan,nan,0.8988095238095238,nan,0.875,1.0,nan,nan,nan,nan,nan,nan,nan,nan
Logistic Regression,0.25,2,2027,True,,0.015220318573768724,0.1568442025490564,0.8839285714285714,1.0,1.0,0.6666666666666666,0.8690476190476191,nan,nan,nan,nan,nan,nan,nan,nan,nan,nan,nan
Multiple Linear Regression,0.25,2,2027,True,,0.005157424683189251,0.11752867698942755,0.8095238095238095,1.0,1.0,0.3333333333333333,0.9047619047619049,nan,nan,nan,nan,nan,nan,0.0026799802982496734,nan,nan,nan,nan
Figure 1,0.25,2,2027,True,,0.020440441767306052,0.03449432321957706,0.9672619047619048,nan,nan,nan,nan,1.0,0.875,nan,nan,nan,nan,nan,1.0,1.0,0.9761904761904762,0.9523809523809523
Figure 2,0.25,2,2027,True,,0.14019127311576077,0.13582190203296854,0.47368283816283013,nan,nan,nan,0.39473135265132053,nan,nan,nan,1.0,0.0,0.5,nan,nan,nan,nan,nan
Correlation Analysis,0.25,2,2027,True,,0.008408678229328642,0.08738157044511635,0.996031746031746,1.0,nan,1.0,0.9841269841269842,1.0,nan,nan,nan,nan,nan,nan,nan,nan,nan,nan
Variance Analysis,0.25,2,2027,True,,0.04063341976967777,0.03833146157909489,0.9503968253968255,nan,nan,nan,0.9761904761904763,nan,0.875,1.0,nan,nan,nan,nan,nan,nan,nan,nan
Logistic Regression,0.25,3,2028,True,,0.02696206712634325,0.27784201079690846,0.8645833333333333,0.875,1.0,0.6666666666666666,0.9166666666666667,nan,nan,nan,nan,nan,nan,nan,nan,nan,nan,nan
Multiple Linear Regression,0.25,3,2028,True,,0.006549752104861593,0.14925738072380001,0.9017857142857142,1.0,1.0,0.6666666666666666,0.9404761904761905,nan,nan,nan,nan,nan,nan,0.0034189800625836764,nan,nan,nan,nan
Figure 1,0.25,3,2028,True,,0.036265297313183446,0.061199601330332594,0.7738095238095237,nan,nan,nan,nan,0.5,0.75,nan,nan,nan,nan,nan,1.0,0.6666666666666666,0.9285714285714286,0.7976190476190477
Figure 2,0.25,3,2028,True,,0.1429860174978988,0.13852954202539874,0.3765854571544745,nan,nan,nan,0.506341828617898,nan,nan,nan,1.0,0.0,0.0,nan,nan,nan,nan,nan
Correlation Analysis,0.25,3,2028,True,,0.012231277220643705,0.12710537648611606,0.8605979748221128,0.9642857142857143,nan,1.0,0.9781061850027366,0.5,nan,nan,nan,nan,nan,nan,nan,nan,nan,nan
Variance Analysis,0.25,3,2028,True,,0.057282890503971395,0.054037709081307075,0.8809523809523809,nan,nan,nan,0.8928571428571429,nan,0.75,1.0,nan,nan,nan,nan,nan,nan,nan,nan
Logistic Regression,0.25,4,2029,True,,0.04169432093691195,0.42965674381118585,0.8556547619047619,0.875,1.0,0.6666666666666666,0.880952380952381,nan,nan,nan,nan,nan,nan,nan,nan,nan,nan,nan
Multiple Linear Regression,0.25,4,2029,True,,0.00712909092567,0.16245949792779224,0.9017857142857142,1.0,1.0,0.6666666666666666,0.9404761904761905,nan,nan,nan,nan,nan,nan,0.003669567491064951,nan,nan,nan,nan
Figure 1,0.25,4,2029,True,,0.017674513051156804,0.029826672675459864,0.8680555555555555,nan,nan,nan,nan,0.6666666666666666,1.0,nan,nan,nan,nan,nan,1.0,0.6666666666666666,0.9702380952380952,0.9047619047619049
Figure 2,0.25,4,2029,True,,0.1473893744753055,0.14279565864385382,0.8225715674903775,nan,nan,nan,0.7902862699615101,nan,nan,nan,1.0,1.0,0.5,nan,nan,nan,nan,nan
Correlation Analysis,0.25,4,2029,True,,0.012486995418745787,0.12976275700801762,0.8952517788724684,0.9285714285714286,nan,1.0,0.9857690202517788,0.6666666666666666,nan,nan,nan,nan,nan,nan,nan,nan,nan,nan
Variance Analysis,0.25,4,2029,True,,0.04313340100132385,0.040689814261996825,0.9900793650793651,nan,nan,nan,0.9702380952380952,nan,1.0,1.0,nan,nan,nan,nan,nan,nan,nan,nan
Logistic Regression,0.25,5,2030,True,,0.026042338847280286,0.26836428220717584,0.9940476190476191,1.0,1.0,1.0,0.9761904761904763,nan,nan,nan,nan,nan,nan,nan,nan,nan,nan,nan
Multiple Linear Regression,0.25,5,2030,True,,0.006130749347924447,0.13970904163932235,0.8764880952380952,0.875,1.0,0.6666666666666666,0.9642857142857144,nan,nan,nan,nan,nan,nan,0.0023628930618820876,nan,nan,nan,nan
Figure 1,0.25,5,2030,True,,0.02526633271815382,0.042638268647764065,0.8849206349206349,nan,nan,nan,nan,1.0,0.75,nan,nan,nan,nan,nan,1.0,0.6666666666666666,0.9404761904761905,0.9523809523809523
Figure 2,0.25,5,2030,True,,0.13929543132717812,0.13495398113502904,0.3639017999186785,nan,nan,nan,0.4556071996747139,nan,nan,nan,1.0,0.0,0.0,nan,nan,nan,nan,nan
Correlation Analysis,0.25,5,2030,True,,0.013033637199509158,0.13544336648923355,0.9838875205254516,0.9642857142857143,nan,1.0,0.9712643678160919,1.0,nan,nan,nan,nan,nan,nan,nan,nan,nan,nan
Variance Analysis,0.25,5,2030,True,,0.04785957632886345,0.04514824303837168,0.8948412698412699,nan,nan,nan,0.9345238095238096,nan,0.75,1.0,nan,nan,nan,nan,nan,nan,nan,nan
Logistic Regression,0.25,6,2031,True,,0.030234127095218808,0.31156033502406705,0.9791666666666667,1.0,1.0,1.0,0.9166666666666667,nan,nan,nan,nan,nan,nan,nan,nan,nan,nan,nan
Multiple Linear Regression,0.25,6,2031,True,,0.008219242321430223,0.1873021391939847,0.9657738095238095,0.875,1.0,1.0,0.9880952380952381,nan,nan,nan,nan,nan,nan,0.002723130645415739,nan,nan,nan,nan
Figure 1,0.25,6,2031,True,,0.022851305018833607,0.03856278207105873,0.9474206349206349,nan,nan,nan,nan,1.0,0.75,nan,nan,nan,nan,nan,1.0,1.0,0.9583333333333334,0.9761904761904763
Figure 2,0.25,6,2031,True,,0.14231094889980353,0.1378755134331887,0.36537194688819197,nan,nan,nan,0.46148778755276776,nan,nan,nan,1.0,0.0,0.0,nan,nan,nan,nan,nan
Correlation Analysis,0.25,6,2031,True,,0.010315805141651292,0.10720011268111822,0.9873768472906403,0.9642857142857143,nan,1.0,0.9852216748768472,1.0,nan,nan,nan,nan,nan,nan,nan,nan,nan,nan
Variance Analysis,0.25,6,2031,True,,0.045953767150412064,0.043350401465720924,0.7222222222222223,nan,nan,nan,0.9166666666666667,nan,0.75,0.5,nan,nan,nan,nan,nan,nan,nan,nan
Logistic Regression,0.25,7,2032,True,,0.04755349211252634,0.4900350483902671,0.8601190476190476,1.0,1.0,0.6666666666666666,0.7738095238095238,nan,nan,nan,nan,nan,nan,nan,nan,nan,nan,nan
Multiple Linear Regression,0.25,7,2032,True,,0.005541454832407337,0.12628005158705793,0.7782738095238095,0.875,1.0,0.3333333333333333,0.9047619047619049,nan,nan,nan,nan,nan,nan,0.00016483978351899964,nan,nan,nan,nan
Figure 1,0.25,7,2032,True,,0.022995567284749253,0.038806232251124916,0.7787698412698413,nan,nan,nan,nan,0.6666666666666666,0.875,nan,nan,nan,nan,nan,1.0,0.3333333333333333,0.9761904761904762,0.8214285714285714
Figure 2,0.25,7,2032,True,,0.14694148535657747,0.1423617289800917,0.6880016904586794,nan,nan,nan,0.7520067618347175,nan,nan,nan,1.0,0.5,0.5,nan,nan,nan,nan,nan
Correlation Analysis,0.25,7,2032,True,,0.011888907243900626,0.12354752524895951,0.9113300492610837,1.0,nan,1.0,0.9786535303776682,0.6666666666666666,nan,nan,nan,nan,nan,nan,nan,nan,nan,nan
Variance Analysis,0.25,7,2032,True,,0.044683183171829885,0.042151798413501806,0.9146825396825397,nan,nan,nan,0.8690476190476191,nan,0.875,1.0,nan,nan,nan,nan,nan,nan,nan,nan
Logistic Regression,0.25,8,2033,True,,0.02617642852718652,0.269746065959797,0.8988095238095237,1.0,1.0,0.6666666666666666,0.9285714285714286,nan,nan,nan,nan,nan,nan,nan,nan,nan,nan,nan
Multiple Linear Regression,0.25,8,2033,True,,0.005162806265565537,0.1176513138277039,0.9077380952380952,1.0,1.0,0.6666666666666666,0.9642857142857144,nan,nan,nan,nan,nan,nan,0.000753425907169758,nan,nan,nan,nan
Figure 1,0.25,8,2033,True,,0.023153078042065903,0.03907203995896669,0.9107142857142857,nan,nan,nan,nan,0.6666666666666666,0.875,nan,nan,nan,nan,nan,1.0,1.0,0.9821428571428572,0.9404761904761905
Figure 2,0.25,8,2033,True,,0.1454421998013994,0.1409091719751582,0.5373660332279089,nan,nan,nan,0.6494641329116355,nan,nan,nan,1.0,0.0,0.5,nan,nan,nan,nan,nan
Correlation Analysis,0.25,8,2033,True,,0.01235403743679382,0.12838108001321313,0.8223522167487685,0.9642857142857143,nan,0.6666666666666666,0.9917898193760264,0.6666666666666666,nan,nan,nan,nan,nan,nan,nan,nan,nan,nan
Variance Analysis,0.25,8,2033,True,,0.04830493411831969,0.0455683704874581,0.9166666666666666,nan,nan,nan,0.875,nan,0.875,1.0,nan,nan,nan,nan,nan,nan,nan,nan
Logistic Regression,0.25,9,2034,True,,0.04372117858537452,0.4505433546933949,0.9821428571428572,1.0,1.0,1.0,0.9285714285714286,nan,nan,nan,nan,nan,nan,nan,nan,nan,nan,nan
Multiple Linear Regression,0.25,9,2034,True,,0.008630680117308357,0.19667808606347947,0.7857142857142858,1.0,1.0,0.3333333333333333,0.8095238095238095,nan,nan,nan,nan,nan,nan,0.001132993685511563,nan,nan,nan,nan
Figure 1,0.25,9,2034,True,,0.02569836149221548,0.04336733998302634,0.7698412698412699,nan,nan,nan,nan,0.6666666666666666,0.875,nan,nan,nan,nan,nan,1.0,0.3333333333333333,0.9464285714285715,0.7976190476190477
Figure 2,0.25,9,2034,True,,0.14540135574010457,0.14086960090936698,0.330069085478229,nan,nan,nan,0.3202763419129161,nan,nan,nan,1.0,0.0,0.0,nan,nan,nan,nan,nan
Correlation Analysis,0.25,9,2034,True,,0.009487643008505724,0.09859399102872443,0.9118089764641488,1.0,nan,1.0,0.9805692391899289,0.6666666666666666,nan,nan,nan,nan,nan,nan,nan,nan,nan,nan
Variance Analysis,0.25,9,2034,True,,0.04741277159072849,0.044726750612918524,0.9345238095238096,nan,nan,nan,0.9285714285714286,nan,0.875,1.0,nan,nan,nan,nan,nan,nan,nan,nan
Logistic Regression,0.25,10,2035,True,,0.048543801825191135,0.5002401131795934,0.8333333333333333,0.75,1.0,0.6666666666666666,0.9166666666666667,nan,nan,nan,nan,nan,nan,nan,nan,nan,nan,nan
Multiple Linear Regression,0.25,10,2035,True,,0.005577888238131641,0.12711030510233534,0.9657738095238095,0.875,1.0,1.0,0.9880952380952381,nan,nan,nan,nan,nan,nan,0.0005413139554537594,nan,nan,nan,nan
Figure 1,0.25,10,2035,True,,0.03149190022473111,0.05314424206271518,0.9156746031746031,nan,nan,nan,nan,1.0,0.875,nan,nan,nan,nan,nan,1.0,0.6666666666666666,0.9761904761904763,0.9761904761904763
Figure 2,0.25,10,2035,True,,0.1407565512729706,0.13636956204620299,0.70007660002205,nan,nan,nan,0.8003064000881999,nan,nan,nan,1.0,0.5,0.5,nan,nan,nan,nan,nan
Correlation Analysis,0.25,10,2035,True,,0.01148767582000402,0.11937799574909963,0.8942939244663383,0.9285714285714286,nan,0.6666666666666666,0.9819376026272577,1.0,nan,nan,nan,nan,nan,nan,nan,nan,nan,nan
Variance Analysis,0.25,10,2035,True,,0.05377645180740117,0.050729916605584104,0.7579365079365079,nan,nan,nan,0.8988095238095238,nan,0.875,0.5,nan,nan,nan,nan,nan,nan,nan,nan
Logistic Regression,0.25,11,2036,True,,0.03728765166334837,0.384246358689505,0.8616071428571428,0.875,1.0,0.6666666666666666,0.9047619047619049,nan,nan,nan,nan,nan,nan,nan,nan,nan,nan,nan
Multiple Linear Regression,0.25,11,2036,True,,0.005627177306297003,0.1282335166521615,0.8824404761904762,0.875,1.0,0.6666666666666666,0.9880952380952381,nan,nan,nan,nan,nan,nan,0.0027101716678114007,nan,nan,nan,nan
Figure 1,0.25,11,2036,True,,0.025085501507139545,0.042333106444719576,0.8829365079365079,nan,nan,nan,nan,1.0,0.75,nan,nan,nan,nan,nan,1.0,0.6666666666666666,0.9761904761904763,0.9047619047619049
Figure 2,0.25,11,2036,True,,0.14201073202190087,0.1375846534782651,0.3068012904580262,nan,nan,nan,0.22720516183210482,nan,nan,nan,1.0,0.0,0.0,nan,nan,nan,nan,nan
Correlation Analysis,0.25,11,2036,True,,0.010228926953404532,0.10629728915530534,0.89272030651341,0.9285714285714286,nan,0.6666666666666666,0.9756431308155447,1.0,nan,nan,nan,nan,nan,nan,nan,nan,nan,nan
Variance Analysis,0.25,11,2036,True,,0.04966430959839069,0.04685073483880391,0.8908730158730158,nan,nan,nan,0.9226190476190477,nan,0.75,1.0,nan,nan,nan,nan,nan,nan,nan,nan
Logistic Regression,0.25,12,2037,True,,0.03349051458585808,0.3451171555784198,0.9255952380952381,0.75,1.0,1.0,0.9523809523809523,nan,nan,nan,nan,nan,nan,nan,nan,nan,nan,nan
Multiple Linear Regression,0.25,12,2037,True,,0.00580598595217649,0.13230825256696538,0.9940476190476191,1.0,1.0,1.0,0.9761904761904763,nan,nan,nan,nan,nan,nan,0.001253903419676905,nan,nan,nan,nan
Figure 1,0.25,12,2037,True,,0.01962819168967038,0.03312360838708721,0.933531746031746,nan,nan,nan,nan,1.0,1.0,nan,nan,nan,nan,nan,1.0,0.6666666666666666,0.9940476190476191,0.9404761904761905
Figure 2,0.25,12,2037,True,,0.14162864208766685,0.13721447222188643,0.6715355900404056,nan,nan,nan,0.6861423601616226,nan,nan,nan,1.0,0.5,0.5,nan,nan,nan,nan,nan
Correlation Analysis,0.25,12,2037,True,,0.013880569876361527,0.14424454847601947,0.8864258347016968,0.9285714285714286,nan,0.6666666666666666,0.9504652435686919,1.0,nan,nan,nan,nan,nan,nan,nan,nan,nan,nan
Variance Analysis,0.25,12,2037,True,,0.029000729131383,0.02735778432547522,0.7896825396825397,nan,nan,nan,0.8690476190476191,nan,1.0,0.5,nan,nan,nan,nan,nan,nan,nan,nan
Logistic Regression,0.25,13,2038,True,,0.03142658262559144,0.3238484967882263,0.8675595238095237,0.875,1.0,0.6666666666666666,0.9285714285714286,nan,nan,nan,nan,nan,nan,nan,nan,nan,nan,nan
Multiple Linear Regression,0.25,13,2038,True,,0.005194039897799975,0.1183630736108478,0.9627976190476191,0.875,1.0,1.0,0.9761904761904763,nan,nan,nan,nan,nan,nan,0.002185746041569514,nan,nan,nan,nan
Figure 1,0.25,13,2038,True,,0.02156756630844735,0.03639640531121913,0.9940476190476191,nan,nan,nan,nan,1.0,1.0,nan,nan,nan,nan,nan,1.0,1.0,0.9880952380952381,0.9761904761904763
Figure 2,0.25,13,2038,True,,0.14224549824409602,0.1378121026919213,0.3645054215022941,nan,nan,nan,0.45802168600917637,nan,nan,nan,1.0,0.0,0.0,nan,nan,nan,nan,nan
Correlation Analysis,0.25,13,2038,True,,0.012702812636364752,0.13200549324911484,0.9026751505199782,0.9642857142857143,nan,0.6666666666666666,0.9797482211275315,1.0,nan,nan,nan,nan,nan,nan,nan,nan,nan,nan
Variance Analysis,0.25,13,2038,True,,0.04033099986151948,0.03804617431663874,0.9841269841269842,nan,nan,nan,0.9523809523809524,nan,1.0,1.0,nan,nan,nan,nan,nan,nan,nan,nan
Logistic Regression,0.25,14,2039,True,,0.02915166888758161,0.30040568714027455,0.8764880952380952,0.875,1.0,0.6666666666666666,0.9642857142857144,nan,nan,nan,nan,nan,nan,nan,nan,nan,nan,nan
Multiple Linear Regression,0.25,14,2039,True,,0.005385078710057388,0.12271651360027312,0.8035714285714286,1.0,1.0,0.3333333333333333,0.880952380952381,nan,nan,nan,nan,nan,nan,0.0017404592519760786,nan,nan,nan,nan
Figure 1,0.25,14,2039,True,,0.017860608669237502,0.030140718842998668,0.865079365079365,nan,nan,nan,nan,0.6666666666666666,1.0,nan,nan,nan,nan,nan,1.0,0.6666666666666666,1.0,0.8571428571428572
Figure 2,0.25,14,2039,True,,0.14413318246872206,0.1396409530627616,0.42859193942075685,nan,nan,nan,0.2143677576830274,nan,nan,nan,1.0,0.0,0.5,nan,nan,nan,nan,nan
Correlation Analysis,0.25,14,2039,True,,0.010278739425118972,0.10681493198661013,0.8288861521620142,1.0,nan,0.6666666666666666,0.9822112753147236,0.6666666666666666,nan,nan,nan,nan,nan,nan,nan,nan,nan,nan
Variance Analysis,0.25,14,2039,True,,0.04077881264431871,0.03846861767916629,0.9702380952380952,nan,nan,nan,0.9107142857142857,nan,1.0,1.0,nan,nan,nan,nan,nan,nan,nan,nan
Logistic Regression,0.25,15,2040,True,,0.03749580428202974,0.3863913552825358,0.8928571428571428,1.0,1.0,0.6666666666666666,0.9047619047619049,nan,nan,nan,nan,nan,nan,nan,nan,nan,nan,nan
Multiple Linear Regression,0.25,15,2040,True,,0.0074675887997737505,0.17017327171043647,0.8809523809523809,1.0,1.0,0.6666666666666666,0.8571428571428572,nan,nan,nan,nan,nan,nan,0.00013241509571959575,nan,nan,nan,nan
Figure 1,0.25,15,2040,True,,0.023699621338239333,0.03999436058815454,0.8769841269841271,nan,nan,nan,nan,1.0,0.75,nan,nan,nan,nan,nan,1.0,0.6666666666666666,0.9642857142857144,0.880952380952381
Figure 2,0.25,15,2040,True,,0.13987458020920276,0.13551507956126202,0.3247581455835848,nan,nan,nan,0.29903258233433916,nan,nan,nan,1.0,0.0,0.0,nan,nan,nan,nan,nan
Correlation Analysis,0.25,15,2040,True,,0.012272578508309028,0.12753457252373038,0.9943897099069513,1.0,nan,1.0,0.9775588396278051,1.0,nan,nan,nan,nan,nan,nan,nan,nan,nan,nan
Variance Analysis,0.25,15,2040,True,,0.0433051840259336,0.04085186546135669,0.9007936507936508,nan,nan,nan,0.9523809523809524,nan,0.75,1.0,nan,nan,nan,nan,nan,nan,nan,nan
Logistic Regression,0.25,16,2041,True,,0.056526046577912166,0.5824965263239024,0.875,1.0,1.0,0.6666666666666666,0.8333333333333335,nan,nan,nan,nan,nan,nan,nan,nan,nan,nan,nan
Multiple Linear Regression,0.25,16,2041,True,,0.005799575079127921,0.1321621599967333,0.9077380952380952,1.0,1.0,0.6666666666666666,0.9642857142857144,nan,nan,nan,nan,nan,nan,6.62850191870401e-05,nan,nan,nan,nan
Figure 1,0.25,16,2041,True,,0.02161742394070822,0.03648054269443948,0.8640873015873014,nan,nan,nan,nan,0.6666666666666666,1.0,nan,nan,nan,nan,nan,1.0,0.6666666666666666,0.9821428571428572,0.8690476190476191
Figure 2,0.25,16,2041,True,,0.13541065980744932,0.131190287111526,0.43975262812996885,nan,nan,nan,0.2590105125198755,nan,nan,nan,1.0,0.0,0.5,nan,nan,nan,nan,nan
Correlation Analysis,0.25,16,2041,True,,0.008936871960099044,0.09287047089239482,0.8291598248494799,1.0,nan,0.6666666666666666,0.9833059660645868,0.6666666666666666,nan,nan,nan,nan,nan,nan,nan,nan,nan,nan
Variance Analysis,0.25,16,2041,True,,0.043199086240490105,0.040751778311188015,0.9603174603174603,nan,nan,nan,0.880952380952381,nan,1.0,1.0,nan,nan,nan,nan,nan,nan,nan,nan
Logistic Regression,0.25,17,2042,True,,0.037751945793955015,0.38903087369884987,0.8392857142857142,1.0,1.0,0.6666666666666666,0.6904761904761905,nan,nan,nan,nan,nan,nan,nan,nan,nan,nan,nan
Multiple Linear Regression,0.25,17,2042,True,,0.00520368206205232,0.11858280164906551,0.8675595238095237,0.875,1.0,0.6666666666666666,0.9285714285714286,nan,nan,nan,nan,nan,nan,0.0007660700603574488,nan,nan,nan,nan
Figure 1,0.25,17,2042,True,,0.024265115207226486,0.04094866130814836,0.9176587301587302,nan,nan,nan,nan,1.0,1.0,nan,nan,nan,nan,nan,1.0,0.6666666666666666,0.9821428571428572,0.8571428571428572
Figure 2,0.25,17,2042,True,,0.144463261310519,0.13996074426743013,0.37898744876320756,nan,nan,nan,0.5159497950528302,nan,nan,nan,1.0,0.0,0.0,nan,nan,nan,nan,nan
Correlation Analysis,0.25,17,2042,True,,0.012933621222751818,0.1344040172740173,0.9904898741105638,1.0,nan,1.0,0.9619594964422551,1.0,nan,nan,nan,nan,nan,nan,nan,nan,nan,nan
Variance Analysis,0.25,17,2042,True,,0.04213257583121168,0.03974568768409619,0.9841269841269842,nan,nan,nan,0.9523809523809524,nan,1.0,1.0,nan,nan,nan,nan,nan,nan,nan,nan
Logistic Regression,0.25,18,2043,True,,0.037495222625922836,0.3863853613614623,0.9821428571428572,1.0,1.0,1.0,0.9285714285714286,nan,nan,nan,nan,nan,nan,nan,nan,nan,nan,nan
Multiple Linear Regression,0.25,18,2043,True,,0.004528161043988189,0.10318886060123748,0.9880952380952381,1.0,1.0,1.0,0.9523809523809523,nan,nan,nan,nan,nan,nan,0.0002931323545344311,nan,nan,nan,nan
Figure 1,0.25,18,2043,True,,0.028136062463762084,0.04748108890207858,0.939484126984127,nan,nan,nan,nan,0.6666666666666666,1.0,nan,nan,nan,nan,nan,1.0,1.0,0.9940476190476191,0.9761904761904763
Figure 2,0.25,18,2043,True,,0.14462850429998725,0.14012083709366943,0.34310040989433954,nan,nan,nan,0.37240163957735817,nan,nan,nan,1.0,0.0,0.0,nan,nan,nan,nan,nan
Correlation Analysis,0.25,18,2043,True,,0.012303618073948147,0.12785713047130653,0.8185207991242474,0.9642857142857143,nan,0.6666666666666666,0.976464148877942,0.6666666666666666,nan,nan,nan,nan,nan,nan,nan,nan,nan,nan
Variance Analysis,0.25,18,2043,True,,0.05879259612776354,0.055461887096402825,0.998015873015873,nan,nan,nan,0.9940476190476191,nan,1.0,1.0,nan,nan,nan,nan,nan,nan,nan,nan
Logistic Regression,0.25,19,2044,True,,0.06194355038485815,0.6383234829206804,0.7142857142857143,1.0,1.0,0.3333333333333333,0.5238095238095238,nan,nan,nan,nan,nan,nan,nan,nan,nan,nan,nan
Multiple Linear Regression,0.25,19,2044,True,,0.008170510153900834,0.18619161843442328,0.9047619047619047,1.0,1.0,0.6666666666666666,0.9523809523809523,nan,nan,nan,nan,nan,nan,0.00106442268096274,nan,nan,nan,nan
Figure 1,0.25,19,2044,True,,0.030119407287623808,0.050828087865652266,0.9216269841269842,nan,nan,nan,nan,1.0,1.0,nan,nan,nan,nan,nan,1.0,0.6666666666666666,0.9702380952380952,0.8928571428571429
Figure 2,0.25,19,2044,True,,0.13847483807272434,0.13415896348422773,0.5956987703169814,nan,nan,nan,0.8827950812679254,nan,nan,nan,1.0,0.5,0.0,nan,nan,nan,nan,nan
Correlation Analysis,0.25,19,2044,True,,0.012081729333272817,0.12555129998338602,0.88646004378763,0.8928571428571429,nan,0.6666666666666666,0.9863163656267104,1.0,nan,nan,nan,nan,nan,nan,nan,nan,nan,nan
Variance Analysis,0.25,19,2044,True,,0.04005665905262442,0.03778737542067217,0.8134920634920636,nan,nan,nan,0.9404761904761905,nan,1.0,0.5,nan,nan,nan,nan,nan,nan,nan,nan
Logistic Regression,0.25,20,2045,True,,0.05107397244042832,0.5263133251519017,0.9047619047619048,0.75,1.0,1.0,0.8690476190476191,nan,nan,nan,nan,nan,nan,nan,nan,nan,nan,nan
Multiple Linear Regression,0.25,20,2045,True,,0.00427493691128385,0.09741832605605193,0.9627976190476191,0.875,1.0,1.0,0.9761904761904763,nan,nan,nan,nan,nan,nan,0.0014547016584137706,nan,nan,nan,nan
Figure 1,0.25,20,2045,True,,0.02846489211112549,0.04803600626978809,0.9107142857142857,nan,nan,nan,nan,1.0,0.875,nan,nan,nan,nan,nan,1.0,0.6666666666666666,0.9702380952380953,0.9523809523809523
Figure 2,0.25,20,2045,True,,0.1400049991182364,0.1356414336765527,0.6756806645964826,nan,nan,nan,0.7027226583859301,nan,nan,nan,1.0,0.5,0.5,nan,nan,nan,nan,nan
Correlation Analysis,0.25,20,2045,True,,0.011106474197908734,0.11541661258203659,0.9026067323481116,0.9642857142857143,nan,0.6666666666666666,0.9794745484400657,1.0,nan,nan,nan,nan,nan,nan,nan,nan,nan,nan
Variance Analysis,0.25,20,2045,True,,0.05256209051027303,0.04958435111619492,0.7698412698412698,nan,nan,nan,0.9345238095238095,nan,0.875,0.5,nan,nan,nan,nan,nan,nan,nan,nan
Logistic Regression,0.25,21,2046,True,,0.028897744435175465,0.2977890153503695,0.8645833333333333,0.875,1.0,0.6666666666666666,0.9166666666666667,nan,nan,nan,nan,nan,nan,nan,nan,nan,nan,nan
Multiple Linear Regression,0.25,21,2046,True,,0.005146047231045005,0.11726940477894192,0.9970238095238095,1.0,1.0,1.0,0.9880952380952381,nan,nan,nan,nan,nan,nan,0.0009237642776288579,nan,nan,nan,nan
Figure 1,0.25,21,2046,True,,0.030154580075256607,0.05088744379929358,0.8591269841269841,nan,nan,nan,nan,0.6666666666666666,0.875,nan,nan,nan,nan,nan,1.0,0.6666666666666666,0.9821428571428572,0.9642857142857144
Figure 2,0.25,21,2046,True,,0.14213724888589382,0.13770722716437878,0.6337723872790566,nan,nan,nan,0.5350895491162265,nan,nan,nan,1.0,0.5,0.5,nan,nan,nan,nan,nan
Correlation Analysis,0.25,21,2046,True,,0.008794864435985423,0.09139475257690616,0.9033593322386425,0.9642857142857143,nan,1.0,0.9824849480021893,0.6666666666666666,nan,nan,nan,nan,nan,nan,nan,nan,nan,nan
Variance Analysis,0.25,21,2046,True,,0.05882415733262439,0.05549166030078412,0.9186507936507936,nan,nan,nan,0.880952380952381,nan,0.875,1.0,nan,nan,nan,nan,nan,nan,nan,nan
Logistic Regression,0.25,22,2047,True,,0.029977508889058348,0.3089159043106276,0.8363095238095237,0.75,1.0,0.6666666666666666,0.9285714285714286,nan,nan,nan,nan,nan,nan,nan,nan,nan,nan,nan
Multiple Linear Regression,0.25,22,2047,True,,0.006230394579327558,0.14197978196700684,0.8794642857142857,0.875,1.0,0.6666666666666666,0.9761904761904763,nan,nan,nan,nan,nan,nan,0.002730193232400424,nan,nan,nan,nan
Figure 1,0.25,22,2047,True,,0.016611970208252603,0.028033575604710186,0.9880952380952381,nan,nan,nan,nan,1.0,1.0,nan,nan,nan,nan,nan,1.0,1.0,0.9761904761904763,0.9523809523809523
Figure 2,0.25,22,2047,True,,0.13797300870899248,0.13367277474249503,0.6768368339216982,nan,nan,nan,0.7073473356867929,nan,nan,nan,1.0,0.5,0.5,nan,nan,nan,nan,nan
Correlation Analysis,0.25,22,2047,True,,0.011535587953532007,0.1198758905854663,0.9927476737821566,1.0,nan,1.0,0.9709906951286262,1.0,nan,nan,nan,nan,nan,nan,nan,nan,nan,nan
Variance Analysis,0.25,22,2047,True,,0.04943012190329981,0.046629814308669956,0.7996031746031745,nan,nan,nan,0.8988095238095238,nan,1.0,0.5,nan,nan,nan,nan,nan,nan,nan,nan
Logistic Regression,0.25,23,2048,True,,0.03681069195820847,0.37933132591682517,0.8169642857142857,0.875,1.0,0.6666666666666666,0.7261904761904762,nan,nan,nan,nan,nan,nan,nan,nan,nan,nan,nan
Multiple Linear Regression,0.25,23,2048,True,,0.005679226956593343,0.12941963703449708,0.8764880952380952,0.875,1.0,0.6666666666666666,0.9642857142857144,nan,nan,nan,nan,nan,nan,0.0007967300282994971,nan,nan,nan,nan
Figure 1,0.25,23,2048,True,,0.041839076630564,0.07060564781000501,0.9156746031746033,nan,nan,nan,nan,1.0,0.875,nan,nan,nan,nan,nan,1.0,0.6666666666666666,0.9642857142857144,0.9880952380952381
Figure 2,0.25,23,2048,True,,0.14196284149203367,0.137538255562679,0.5192561062236161,nan,nan,nan,0.5770244248944645,nan,nan,nan,1.0,0.0,0.5,nan,nan,nan,nan,nan
Correlation Analysis,0.25,23,2048,True,,0.011666098685434842,0.12123213616920554,0.907088122605364,1.0,nan,0.6666666666666666,0.9616858237547893,1.0,nan,nan,nan,nan,nan,nan,nan,nan,nan,nan
Variance Analysis,0.25,23,2048,True,,0.06815426752275418,0.06429320253643331,0.7400793650793651,nan,nan,nan,0.8452380952380952,nan,0.875,0.5,nan,nan,nan,nan,nan,nan,nan,nan
Logistic Regression,0.25,24,2049,True,,0.03755072878520525,0.38695734802829945,0.9880952380952381,1.0,1.0,1.0,0.9523809523809523,nan,nan,nan,nan,nan,nan,nan,nan,nan,nan,nan
Multiple Linear Regression,0.25,24,2049,True,,0.005693956403422411,0.12975529533392877,0.9047619047619047,1.0,1.0,0.6666666666666666,0.9523809523809523,nan,nan,nan,nan,nan,nan,9.461141493183334e-05,nan,nan,nan,nan
Figure 1,0.25,24,2049,True,,0.023583800533062943,0.039798906872682685,0.8601190476190474,nan,nan,nan,nan,0.6666666666666666,1.0,nan,nan,nan,nan,nan,1.0,0.6666666666666666,0.9702380952380952,0.8571428571428572
Figure 2,0.25,24,2049,True,,0.13854227264350577,0.13422429630746807,0.8488887293275473,nan,nan,nan,0.8955549173101895,nan,nan,nan,1.0,0.5,1.0,nan,nan,nan,nan,nan
Correlation Analysis,0.25,24,2049,True,,0.010336022236512019,0.10741020533189967,0.8940202517788725,0.9285714285714286,nan,1.0,0.9808429118773947,0.6666666666666666,nan,nan,nan,nan,nan,nan,nan,nan,nan,nan
Variance Analysis,0.25,24,2049,True,,0.048521357088167856,0.04577253269680675,0.7936507936507936,nan,nan,nan,0.8809523809523809,nan,1.0,0.5,nan,nan,nan,nan,nan,nan,nan,nan
Logistic Regression,0.25,25,2050,True,,0.02368147245931427,0.2440357371671548,0.8898809523809523,1.0,1.0,0.6666666666666666,0.8928571428571429,nan,nan,nan,nan,nan,nan,nan,nan,nan,nan,nan
Multiple Linear Regression,0.25,25,2050,True,,0.00483786815277736,0.11024654325995994,0.8065476190476191,1.0,1.0,0.3333333333333333,0.8928571428571429,nan,nan,nan,nan,nan,nan,0.00017377250217986973,nan,nan,nan,nan
Figure 1,0.25,25,2050,True,,0.02654650097399394,0.04479862007730225,0.8551587301587301,nan,nan,nan,nan,0.6666666666666666,0.875,nan,nan,nan,nan,nan,1.0,0.6666666666666666,0.9821428571428572,0.9404761904761905
Figure 2,0.25,25,2050,True,,0.1452307673971705,0.14070432932942475,0.6651168879658669,nan,nan,nan,0.6604675518634677,nan,nan,nan,1.0,0.5,0.5,nan,nan,nan,nan,nan
Correlation Analysis,0.25,25,2050,True,,0.012126846922739673,0.1260201543877038,0.803195128626163,0.8928571428571429,nan,0.6666666666666666,0.9865900383141761,0.6666666666666666,nan,nan,nan,nan,nan,nan,nan,nan,nan,nan
Variance Analysis,0.25,25,2050,True,,0.043667982682404585,0.04119411090464676,0.9365079365079364,nan,nan,nan,0.9345238095238095,nan,0.875,1.0,nan,nan,nan,nan,nan,nan,nan,nan
Logistic Regression,0.25,26,2051,True,,0.044812580403458556,0.46179016578925464,0.8928571428571428,1.0,1.0,0.6666666666666666,0.9047619047619049,nan,nan,nan,nan,nan,nan,nan,nan,nan,nan,nan
Multiple Linear Regression,0.25,26,2051,True,,0.009798410807941704,0.2232886236051,0.8779761904761905,1.0,1.0,0.6666666666666666,0.8452380952380953,nan,nan,nan,nan,nan,nan,0.0003417337866523651,nan,nan,nan,nan
Figure 1,0.25,26,2051,True,,0.018508728097035184,0.0312344545499783,0.8511904761904762,nan,nan,nan,nan,0.6666666666666666,1.0,nan,nan,nan,nan,nan,1.0,0.6666666666666666,0.9642857142857143,0.8095238095238095
Figure 2,0.25,26,2051,True,,0.14190222619439952,0.13747952947485634,0.45932802261528294,nan,nan,nan,0.3373120904611317,nan,nan,nan,1.0,0.0,0.5,nan,nan,nan,nan,nan
Correlation Analysis,0.25,26,2051,True,,0.010006109531297222,0.10398180796607882,0.8866652983032293,0.8928571428571429,nan,1.0,0.9871373836891079,0.6666666666666666,nan,nan,nan,nan,nan,nan,nan,nan,nan,nan
Variance Analysis,0.25,26,2051,True,,0.04781773987395302,0.04510877669581192,0.8015873015873015,nan,nan,nan,0.9047619047619048,nan,1.0,0.5,nan,nan,nan,nan,nan,nan,nan,nan
Logistic Regression,0.25,27,2052,True,,0.034296741340333704,0.3534252597594568,0.8809523809523809,1.0,1.0,0.6666666666666666,0.8571428571428572,nan,nan,nan,nan,nan,nan,nan,nan,nan,nan,nan
Multiple Linear Regression,0.25,27,2052,True,,0.0036742114610855145,0.08372884501994121,0.9970238095238095,1.0,1.0,1.0,0.9880952380952381,nan,nan,nan,nan,nan,nan,0.0004796764568792966,nan,nan,nan,nan
Figure 1,0.25,27,2052,True,,0.028133475438731324,0.047476723160936395,0.8660714285714287,nan,nan,nan,nan,0.6666666666666666,1.0,nan,nan,nan,nan,nan,1.0,0.6666666666666666,0.9702380952380953,0.8928571428571429
Figure 2,0.25,27,2052,True,,0.14366180283698757,0.139184265019784,0.5487383042103159,nan,nan,nan,0.6949532168412637,nan,nan,nan,1.0,0.5,0.0,nan,nan,nan,nan,nan
Correlation Analysis,0.25,27,2052,True,,0.013866979248417679,0.14410331695535947,0.9016488779419815,0.9642857142857143,nan,1.0,0.9756431308155447,0.6666666666666666,nan,nan,nan,nan,nan,nan,nan,nan,nan,nan
Variance Analysis,0.25,27,2052,True,,0.046854572531369994,0.04420017456003965,0.9702380952380952,nan,nan,nan,0.9107142857142858,nan,1.0,1.0,nan,nan,nan,nan,nan,nan,nan,nan
Logistic Regression,0.25,28,2053,True,,0.04635689219659143,0.4777041790542907,0.8779761904761905,1.0,1.0,0.6666666666666666,0.8452380952380953,nan,nan,nan,nan,nan,nan,nan,nan,nan,nan,nan
Multiple Linear Regression,0.25,28,2053,True,,0.00857205666155945,0.19534216016674746,0.9851190476190477,1.0,1.0,1.0,0.9404761904761905,nan,nan,nan,nan,nan,nan,0.00012428973587552683,nan,nan,nan,nan
Figure 1,0.25,28,2053,True,,0.029798804282040996,0.05028705338970321,0.9265873015873015,nan,nan,nan,nan,1.0,1.0,nan,nan,nan,nan,nan,1.0,0.6666666666666666,0.9761904761904763,0.9166666666666667
Figure 2,0.25,28,2053,True,,0.141166902076449,0.13676712335933244,0.3383154713784905,nan,nan,nan,0.3532618855139619,nan,nan,nan,1.0,0.0,0.0,nan,nan,nan,nan,nan
Correlation Analysis,0.25,28,2053,True,,0.011413729896849011,0.11860956214787541,0.8843390804597702,0.8928571428571429,nan,0.6666666666666666,0.9778325123152709,1.0,nan,nan,nan,nan,nan,nan,nan,nan,nan,nan
Variance Analysis,0.25,28,2053,True,,0.04444553035310794,0.041927609065382954,0.7916666666666666,nan,nan,nan,0.875,nan,1.0,0.5,nan,nan,nan,nan,nan,nan,nan,nan
Logistic Regression,0.25,29,2054,True,,0.02999113346874858,0.3090563045477332,0.9910714285714286,1.0,1.0,1.0,0.9642857142857144,nan,nan,nan,nan,nan,nan,nan,nan,nan,nan,nan
Multiple Linear Regression,0.25,29,2054,True,,0.008445443658586606,0.1924568715502097,0.8645833333333333,0.875,1.0,0.6666666666666666,0.9166666666666667,nan,nan,nan,nan,nan,nan,0.0017570745410887545,nan,nan,nan,nan
Figure 1,0.25,29,2054,True,,0.028441743541751035,0.04799694183844344,0.8829365079365079,nan,nan,nan,nan,1.0,0.75,nan,nan,nan,nan,nan,1.0,0.6666666666666666,1.0,0.880952380952381
Figure 2,0.25,29,2054,True,,0.14504278392760708,0.14052220478044675,0.30206897089417284,nan,nan,nan,0.2082758835766914,nan,nan,nan,1.0,0.0,0.0,nan,nan,nan,nan,nan
Correlation Analysis,0.25,29,2054,True,,0.014236508507295787,0.14794340288629265,0.9025383141762452,0.9642857142857143,nan,0.6666666666666666,0.9792008757525998,1.0,nan,nan,nan,nan,nan,nan,nan,nan,nan,nan
Variance Analysis,0.25,29,2054,True,,0.059796753553106,0.0564091571511276,0.8869047619047619,nan,nan,nan,0.9107142857142857,nan,0.75,1.0,nan,nan,nan,nan,nan,nan,nan,nan
Logistic Regression,0.25,30,2055,True,,0.037273956887546034,0.38410523508690797,0.8199404761904762,0.875,1.0,0.6666666666666666,0.7380952380952381,nan,nan,nan,nan,nan,nan,nan,nan,nan,nan,nan
Multiple Linear Regression,0.25,30,2055,True,,0.006167634815470785,0.1405495968518857,0.8705357142857142,0.875,1.0,0.6666666666666666,0.9404761904761905,nan,nan,nan,nan,nan,nan,0.0032559770421906054,nan,nan,nan,nan
Figure 1,0.25,30,2055,True,,0.024953396012110062,0.04211017145649843,0.8501984126984127,nan,nan,nan,nan,0.6666666666666666,0.875,nan,nan,nan,nan,nan,1.0,0.6666666666666666,0.9880952380952381,0.9047619047619049
Figure 2,0.25,30,2055,True,,0.14559137112309278,0.141053694042694,0.39695945945945943,nan,nan,nan,0.5878378378378378,nan,nan,nan,1.0,0.0,0.0,nan,nan,nan,nan,nan
Correlation Analysis,0.25,30,2055,True,,0.012187446365445354,0.1266498936079836,0.893951833607006,0.9285714285714286,nan,1.0,0.9805692391899289,0.6666666666666666,nan,nan,nan,nan,nan,nan,nan,nan,nan,nan
Variance Analysis,0.25,30,2055,True,,0.056922717093144844,0.053697940158652625,0.9384920634920636,nan,nan,nan,0.9404761904761905,nan,0.875,1.0,nan,nan,nan,nan,nan,nan,nan,nan
Logistic Regression,0.25,31,2056,True,,0.04453842435081037,0.4589650089278398,0.8645833333333333,0.875,1.0,0.6666666666666666,0.9166666666666667,nan,nan,nan,nan,nan,nan,nan,nan,nan,nan,nan
Multiple Linear Regression,0.25,31,2056,True,,0.01005789527874577,0.22920182029264619,0.7886904761904763,1.0,1.0,0.3333333333333333,0.8214285714285714,nan,nan,nan,nan,nan,nan,0.0004710426118857969,nan,nan,nan,nan
Figure 1,0.25,31,2056,True,,0.0235414058536575,0.03972736361589551,0.8343253968253969,nan,nan,nan,nan,0.5,1.0,nan,nan,nan,nan,nan,1.0,0.6666666666666666,0.9940476190476191,0.8452380952380953
Figure 2,0.25,31,2056,True,,0.1422846966764448,0.1378500794184321,0.5542293031796228,nan,nan,nan,0.7169172127184911,nan,nan,nan,1.0,0.0,0.5,nan,nan,nan,nan,nan
Correlation Analysis,0.25,31,2056,True,,0.0113875537246794,0.11833754376757344,0.7615968801313628,0.8928571428571429,nan,0.6666666666666666,0.986863711001642,0.5,nan,nan,nan,nan,nan,nan,nan,nan,nan,nan
Variance Analysis,0.25,31,2056,True,,0.05555087950754823,0.05240381970304934,0.9841269841269842,nan,nan,nan,0.9523809523809524,nan,1.0,1.0,nan,nan,nan,nan,nan,nan,nan,nan
Logistic Regression,0.25,32,2057,True,,0.05062865130913359,0.5217243254290875,0.9136904761904763,0.75,1.0,1.0,0.9047619047619049,nan,nan,nan,nan,nan,nan,nan,nan,nan,nan,nan
Multiple Linear Regression,0.25,32,2057,True,,0.011316549315664504,0.2578843416736439,0.8065476190476191,1.0,1.0,0.3333333333333333,0.8928571428571429,nan,nan,nan,nan,nan,nan,0.002940854548973193,nan,nan,nan,nan
Figure 1,0.25,32,2057,True,,0.021409372961266528,0.036129445696991516,0.8501984126984127,nan,nan,nan,nan,0.5,1.0,nan,nan,nan,nan,nan,1.0,0.6666666666666666,0.9940476190476191,0.9404761904761905
Figure 2,0.25,32,2057,True,,0.13934607910265925,0.1350030503605714,0.504814026555904,nan,nan,nan,0.5192561062236162,nan,nan,nan,1.0,0.5,0.0,nan,nan,nan,nan,nan
Correlation Analysis,0.25,32,2057,True,,0.010861265201915523,0.11286844192158454,0.7875615763546797,1.0,nan,0.6666666666666666,0.9835796387520526,0.5,nan,nan,nan,nan,nan,nan,nan,nan,nan,nan
Variance Analysis,0.25,32,2057,True,,0.05449859850334131,0.05141115235898127,0.8194444444444445,nan,nan,nan,0.9583333333333334,nan,1.0,0.5,nan,nan,nan,nan,nan,nan,nan,nan
Logistic Regression,0.25,33,2058,True,,0.03533228936728697,0.36409650186924114,0.9598214285714286,0.875,1.0,1.0,0.9642857142857144,nan,nan,nan,nan,nan,nan,nan,nan,nan,nan,nan
Multiple Linear Regression,0.25,33,2058,True,,0.0058732384255717396,0.13384081866495884,0.8645833333333333,0.875,1.0,0.6666666666666666,0.9166666666666667,nan,nan,nan,nan,nan,nan,0.0011360416955087382,nan,nan,nan,nan
Figure 1,0.25,33,2058,True,,0.027589961987777457,0.046559515555307365,0.9047619047619048,nan,nan,nan,nan,1.0,0.875,nan,nan,nan,nan,nan,1.0,0.6666666666666666,0.9226190476190477,0.9642857142857144
Figure 2,0.25,33,2058,True,,0.1411325662508796,0.13673385768570626,0.34150543038905656,nan,nan,nan,0.36602172155622614,nan,nan,nan,1.0,0.0,0.0,nan,nan,nan,nan,nan
Correlation Analysis,0.25,33,2058,True,,0.011226839912908319,0.11666743285575429,0.9847085385878489,0.9642857142857143,nan,1.0,0.9745484400656814,1.0,nan,nan,nan,nan,nan,nan,nan,nan,nan,nan
Variance Analysis,0.25,33,2058,True,,0.054312537007460575,0.05123563159008888,0.9166666666666666,nan,nan,nan,0.8750000000000001,nan,0.875,1.0,nan,nan,nan,nan,nan,nan,nan,nan
Logistic Regression,0.25,34,2059,True,,0.03734551468632399,0.38484263265392316,0.8273809523809523,0.75,1.0,0.6666666666666666,0.8928571428571429,nan,nan,nan,nan,nan,nan,nan,nan,nan,nan,nan
Multiple Linear Regression,0.25,34,2059,True,,0.005692406158041817,0.12971996795645221,0.9657738095238095,0.875,1.0,1.0,0.9880952380952381,nan,nan,nan,nan,nan,nan,0.0005175857596456668,nan,nan,nan,nan
Figure 1,0.25,34,2059,True,,0.022088733465761668,0.03727590236810674,0.9593253968253969,nan,nan,nan,nan,1.0,0.875,nan,nan,nan,nan,nan,1.0,1.0,0.9880952380952381,0.8928571428571429
Figure 2,0.25,34,2059,True,,0.13998535690055322,0.13562240365202563,0.6735365460360417,nan,nan,nan,0.6941461841441671,nan,nan,nan,1.0,0.5,0.5,nan,nan,nan,nan,nan
Correlation Analysis,0.25,34,2059,True,,0.014752541058737311,0.15330592640259097,0.8830391351943077,0.8928571428571429,nan,0.6666666666666666,0.9726327312534209,1.0,nan,nan,nan,nan,nan,nan,nan,nan,nan,nan
Variance Analysis,0.25,34,2059,True,,0.04961954078466094,0.04680850226096157,0.9345238095238096,nan,nan,nan,0.9285714285714286,nan,0.875,1.0,nan,nan,nan,nan,nan,nan,nan,nan
Logistic Regression,0.25,35,2060,True,,0.03716765801164176,0.38300983341431744,0.9568452380952381,0.875,1.0,1.0,0.9523809523809523,nan,nan,nan,nan,nan,nan,nan,nan,nan,nan,nan
Multiple Linear Regression,0.25,35,2060,True,,0.006165094091834867,0.1404916982094686,0.7633928571428572,0.875,1.0,0.3333333333333333,0.8452380952380953,nan,nan,nan,nan,nan,nan,0.0006546419515894852,nan,nan,nan,nan
Figure 1,0.25,35,2060,True,,0.02291408117898699,0.03866872015123655,0.8859126984126985,nan,nan,nan,nan,1.0,0.75,nan,nan,nan,nan,nan,1.0,0.6666666666666666,0.9821428571428572,0.9166666666666667
Figure 2,0.25,35,2060,True,,0.14440533364009167,0.13990462204096832,0.8036121346313475,nan,nan,nan,0.71444853852539,nan,nan,nan,1.0,1.0,0.5,nan,nan,nan,nan,nan
Correlation Analysis,0.25,35,2060,True,,0.012618940702967655,0.13113391021827125,0.9924055829228243,1.0,nan,1.0,0.9696223316912972,1.0,nan,nan,nan,nan,nan,nan,nan,nan,nan,nan
Variance Analysis,0.25,35,2060,True,,0.040671806019005385,0.038367673176583045,0.7182539682539683,nan,nan,nan,0.9047619047619048,nan,0.75,0.5,nan,nan,nan,nan,nan,nan,nan,nan
Logistic Regression,0.25,36,2061,True,,0.03372149051602528,0.34749734462633736,0.8675595238095237,0.875,1.0,0.6666666666666666,0.9285714285714286,nan,nan,nan,nan,nan,nan,nan,nan,nan,nan,nan
Multiple Linear Regression,0.25,36,2061,True,,0.005728760073508886,0.13054841002796838,0.9627976190476191,0.875,1.0,1.0,0.9761904761904763,nan,nan,nan,nan,nan,nan,0.00035639980409818417,nan,nan,nan,nan
Figure 1,0.25,36,2061,True,,0.027692527549978245,0.0467326003493655,0.8601190476190476,nan,nan,nan,nan,0.6666666666666666,0.875,nan,nan,nan,nan,nan,1.0,0.6666666666666666,1.0,0.9523809523809523
Figure 2,0.25,36,2061,True,,0.14214274453140566,0.1377125515259437,0.6120031188772491,nan,nan,nan,0.44801247550899637,nan,nan,nan,1.0,0.5,0.5,nan,nan,nan,nan,nan
Correlation Analysis,0.25,36,2061,True,,0.009930424645396629,0.10319530335636663,0.8108921729611385,0.9285714285714286,nan,0.6666666666666666,0.981663929939792,0.6666666666666666,nan,nan,nan,nan,nan,nan,nan,nan,nan,nan
Variance Analysis,0.25,36,2061,True,,0.05532179953298743,0.052187717531654694,0.9563492063492064,nan,nan,nan,0.9940476190476191,nan,0.875,1.0,nan,nan,nan,nan,nan,nan,nan,nan
Logistic Regression,0.25,37,2062,True,,0.04408449043359089,0.454287255114003,0.8660714285714286,1.0,1.0,0.6666666666666666,0.7976190476190477,nan,nan,nan,nan,nan,nan,nan,nan,nan,nan,nan
Multiple Linear Regression,0.25,37,2062,True,,0.005438997286164165,0.123945223529017,0.9627976190476191,0.875,1.0,1.0,0.9761904761904763,nan,nan,nan,nan,nan,nan,0.0004138675415816806,nan,nan,nan,nan
Figure 1,0.25,37,2062,True,,0.025953253754858387,0.0437974841156173,0.9672619047619048,nan,nan,nan,nan,1.0,0.875,nan,nan,nan,nan,nan,1.0,1.0,0.9404761904761906,0.9880952380952381
Figure 2,0.25,37,2062,True,,0.14750147374329933,0.14290426409023463,0.5768581081081081,nan,nan,nan,0.8074324324324325,nan,nan,nan,1.0,0.5,0.0,nan,nan,nan,nan,nan
Correlation Analysis,0.25,37,2062,True,,0.012149055152897515,0.1262509385817321,0.9942528735632183,1.0,nan,1.0,0.9770114942528736,1.0,nan,nan,nan,nan,nan,nan,nan,nan,nan,nan
Variance Analysis,0.25,37,2062,True,,0.052676663669462574,0.04969243349455153,0.9087301587301587,nan,nan,nan,0.8511904761904763,nan,0.875,1.0,nan,nan,nan,nan,nan,nan,nan,nan
Logistic Regression,0.25,38,2063,True,,0.037554410046163327,0.38699528313698645,0.8497023809523809,0.875,1.0,0.6666666666666666,0.8571428571428572,nan,nan,nan,nan,nan,nan,nan,nan,nan,nan,nan
Multiple Linear Regression,0.25,38,2063,True,,0.009749713231181742,0.22217889110859937,0.9970238095238095,1.0,1.0,1.0,0.9880952380952381,nan,nan,nan,nan,nan,nan,0.0026774331950117913,nan,nan,nan,nan
Figure 1,0.25,38,2063,True,,0.025487743630023388,0.0430119112355963,0.9662698412698413,nan,nan,nan,nan,1.0,0.875,nan,nan,nan,nan,nan,1.0,1.0,0.9940476190476191,0.9285714285714286
Figure 2,0.25,38,2063,True,,0.14443992068862907,0.13993813110764303,0.3464617712194589,nan,nan,nan,0.38584708487783576,nan,nan,nan,1.0,0.0,0.0,nan,nan,nan,nan,nan
Correlation Analysis,0.25,38,2063,True,,0.015341479834770006,0.15942607914743806,0.9731800766283525,0.9285714285714286,nan,1.0,0.9641488779419813,1.0,nan,nan,nan,nan,nan,nan,nan,nan,nan,nan
Variance Analysis,0.25,38,2063,True,,0.04622522074614413,0.043606476714476525,0.7698412698412698,nan,nan,nan,0.9345238095238095,nan,0.875,0.5,nan,nan,nan,nan,nan,nan,nan,nan
Logistic Regression,0.25,39,2064,True,,0.03702024423837982,0.38149074591296483,0.9880952380952381,1.0,1.0,1.0,0.9523809523809523,nan,nan,nan,nan,nan,nan,nan,nan,nan,nan,nan
Multiple Linear Regression,0.25,39,2064,True,,0.006572125732664267,0.1497672365213404,0.9107142857142857,1.0,1.0,0.6666666666666666,0.9761904761904763,nan,nan,nan,nan,nan,nan,0.0015616641081360738,nan,nan,nan,nan
Figure 1,0.25,39,2064,True,,0.020632818785823667,0.0348189695815446,0.9871031746031748,nan,nan,nan,nan,1.0,1.0,nan,nan,nan,nan,nan,1.0,1.0,0.9821428571428572,0.9404761904761905
Figure 2,0.25,39,2064,True,,0.13923896695750068,0.13489927660231288,0.5104303908711254,nan,nan,nan,0.5417215634845016,nan,nan,nan,1.0,0.0,0.5,nan,nan,nan,nan,nan
Correlation Analysis,0.25,39,2064,True,,0.01316685908503582,0.13682778592561726,0.9009646962233169,0.9642857142857143,nan,0.6666666666666666,0.9729064039408868,1.0,nan,nan,nan,nan,nan,nan,nan,nan,nan,nan
Variance Analysis,0.25,39,2064,True,,0.039140832747554,0.03692343236530256,0.8055555555555557,nan,nan,nan,0.9166666666666667,nan,1.0,0.5,nan,nan,nan,nan,nan,nan,nan,nan
Logistic Regression,0.25,40,2065,True,,0.029848639270484586,0.3075879128852157,0.8958333333333333,1.0,1.0,0.6666666666666666,0.9166666666666667,nan,nan,nan,nan,nan,nan,nan,nan,nan,nan,nan
Multiple Linear Regression,0.25,40,2065,True,,0.005096781088891961,0.11614671567278909,0.9940476190476191,1.0,1.0,1.0,0.9761904761904763,nan,nan,nan,nan,nan,nan,0.00029246509311620095,nan,nan,nan,nan
Figure 1,0.25,40,2065,True,,0.023461342977548552,0.039592253291087925,0.8541666666666666,nan,nan,nan,nan,0.6666666666666666,0.875,nan,nan,nan,nan,nan,1.0,0.6666666666666666,0.9880952380952381,0.9285714285714286
Figure 2,0.25,40,2065,True,,0.13844268532844325,0.13412781285133324,0.5582167519428303,nan,nan,nan,0.7328670077713213,nan,nan,nan,1.0,0.5,0.0,nan,nan,nan,nan,nan
Correlation Analysis,0.25,40,2065,True,,0.009769293453525412,0.10152085510071915,0.8958675424192665,0.9285714285714286,nan,1.0,0.988232074438971,0.6666666666666666,nan,nan,nan,nan,nan,nan,nan,nan,nan,nan
Variance Analysis,0.25,40,2065,True,,0.05289988244638864,0.0499030065159702,0.9384920634920636,nan,nan,nan,0.9404761904761905,nan,0.875,1.0,nan,nan,nan,nan,nan,nan,nan,nan
Logistic Regression,0.25,41,2066,True,,0.043236788843084434,0.4455517559640906,0.7485119047619049,0.875,1.0,0.3333333333333333,0.7857142857142858,nan,nan,nan,nan,nan,nan,nan,nan,nan,nan,nan
Multiple Linear Regression,0.25,41,2066,True,,0.004396156520827036,0.10018070868109025,0.8764880952380952,0.875,1.0,0.6666666666666666,0.9642857142857144,nan,nan,nan,nan,nan,nan,6.251305646121086e-05,nan,nan,nan,nan
Figure 1,0.25,41,2066,True,,0.01943384797829384,0.032795643127224924,0.9732142857142857,nan,nan,nan,nan,1.0,0.875,nan,nan,nan,nan,nan,1.0,1.0,0.9880952380952381,0.9761904761904763
Figure 2,0.25,41,2066,True,,0.14314429889237199,0.13868289023014774,0.8510945576739847,nan,nan,nan,0.9043782306959388,nan,nan,nan,1.0,1.0,0.5,nan,nan,nan,nan,nan
Correlation Analysis,0.25,41,2066,True,,0.01334295960777403,0.13865779295090686,0.9733169129720853,0.9285714285714286,nan,1.0,0.964696223316913,1.0,nan,nan,nan,nan,nan,nan,nan,nan,nan,nan
Variance Analysis,0.25,41,2066,True,,0.03245545281312247,0.030616791537361576,0.9523809523809524,nan,nan,nan,0.9821428571428572,nan,0.875,1.0,nan,nan,nan,nan,nan,nan,nan,nan
Logistic Regression,0.25,42,2067,True,,0.046736279394409296,0.4816137347058797,0.7767857142857142,0.75,1.0,0.6666666666666666,0.6904761904761905,nan,nan,nan,nan,nan,nan,nan,nan,nan,nan,nan
Multiple Linear Regression,0.25,42,2067,True,,0.004330193162576571,0.09867751925978341,0.9047619047619047,1.0,1.0,0.6666666666666666,0.9523809523809523,nan,nan,nan,nan,nan,nan,0.000743526625131774,nan,nan,nan,nan
Figure 1,0.25,42,2067,True,,0.021213419734219925,0.035798764294573106,0.9216269841269842,nan,nan,nan,nan,1.0,1.0,nan,nan,nan,nan,nan,1.0,0.6666666666666666,0.9702380952380952,0.8928571428571429
Figure 2,0.25,42,2067,True,,0.14000988261890304,0.1356461649721204,0.5215322233213208,nan,nan,nan,0.5861288932852832,nan,nan,nan,1.0,0.0,0.5,nan,nan,nan,nan,nan
Correlation Analysis,0.25,42,2067,True,,0.013600232598863836,0.14133133062013625,0.9772851669403394,0.9285714285714286,nan,1.0,0.9805692391899289,1.0,nan,nan,nan,nan,nan,nan,nan,nan,nan,nan
Variance Analysis,0.25,42,2067,True,,0.04456255666722163,0.04203800562291168,0.8174603174603176,nan,nan,nan,0.9523809523809524,nan,1.0,0.5,nan,nan,nan,nan,nan,nan,nan,nan
Logistic Regression,0.25,43,2068,True,,0.032852751771292384,0.3385450592335777,0.9940476190476191,1.0,1.0,1.0,0.9761904761904763,nan,nan,nan,nan,nan,nan,nan,nan,nan,nan,nan
Multiple Linear Regression,0.25,43,2068,True,,0.00506524806956551,0.11542813338209666,0.9627976190476191,0.875,1.0,1.0,0.9761904761904763,nan,nan,nan,nan,nan,nan,0.0009270449610971898,nan,nan,nan,nan
Figure 1,0.25,43,2068,True,,0.030702958510688386,0.05181286132273895,0.9126984126984127,nan,nan,nan,nan,0.6666666666666666,0.875,nan,nan,nan,nan,nan,1.0,1.0,0.9821428571428572,0.9523809523809523
Figure 2,0.25,43,2068,True,,0.14150120202427993,0.13709100410992972,0.3457570174738105,nan,nan,nan,0.38302806989524185,nan,nan,nan,1.0,0.0,0.0,nan,nan,nan,nan,nan
Correlation Analysis,0.25,43,2068,True,,0.013244587804667897,0.1376355297118462,0.8989121510673235,0.9642857142857143,nan,1.0,0.964696223316913,0.6666666666666666,nan,nan,nan,nan,nan,nan,nan,nan,nan,nan
Variance Analysis,0.25,43,2068,True,,0.06438793935206817,0.060740243804747934,0.75,nan,nan,nan,0.875,nan,0.875,0.5,nan,nan,nan,nan,nan,nan,nan,nan
Logistic Regression,0.25,44,2069,True,,0.0652331695444536,0.6722227532464715,0.8333333333333333,1.0,1.0,0.6666666666666666,0.6666666666666667,nan,nan,nan,nan,nan,nan,nan,nan,nan,nan,nan
Multiple Linear Regression,0.25,44,2069,True,,0.0087833301214347,0.20015671234102414,0.7485119047619049,0.875,1.0,0.3333333333333333,0.7857142857142858,nan,nan,nan,nan,nan,nan,0.00026543063233530617,nan,nan,nan,nan
Figure 1,0.25,44,2069,True,,0.02141643171695588,0.036141357719395355,0.8521825396825397,nan,nan,nan,nan,0.6666666666666666,0.875,nan,nan,nan,nan,nan,1.0,0.6666666666666666,0.9880952380952381,0.9166666666666667
Figure 2,0.25,44,2069,True,,0.14444726576324496,0.1399452472567637,0.327886305930028,nan,nan,nan,0.31154522372011184,nan,nan,nan,1.0,0.0,0.0,nan,nan,nan,nan,nan
Correlation Analysis,0.25,44,2069,True,,0.01238576625256494,0.12871080053228048,0.8987068965517241,0.9642857142857143,nan,1.0,0.9638752052545156,0.6666666666666666,nan,nan,nan,nan,nan,nan,nan,nan,nan,nan
Variance Analysis,0.25,44,2069,True,,0.04556360385603152,0.04298234164174122,0.7718253968253969,nan,nan,nan,0.9404761904761905,nan,0.875,0.5,nan,nan,nan,nan,nan,nan,nan,nan
Logistic Regression,0.25,45,2070,True,,0.03850289411814319,0.3967693379426821,0.8764880952380952,0.875,1.0,0.6666666666666666,0.9642857142857144,nan,nan,nan,nan,nan,nan,nan,nan,nan,nan,nan
Multiple Linear Regression,0.25,45,2070,True,,0.008220437160796845,0.18732936749078014,0.8065476190476191,1.0,1.0,0.3333333333333333,0.8928571428571429,nan,nan,nan,nan,nan,nan,0.002327566703770878,nan,nan,nan,nan
Figure 1,0.25,45,2070,True,,0.023565898673775263,0.039768696541246096,0.8948412698412698,nan,nan,nan,nan,1.0,0.875,nan,nan,nan,nan,nan,1.0,0.6666666666666666,0.9821428571428572,0.8452380952380953
Figure 2,0.25,45,2070,True,,0.1404174672422336,0.1360410463192242,0.4284318134269812,nan,nan,nan,0.713727253707925,nan,nan,nan,1.0,0.0,0.0,nan,nan,nan,nan,nan
Correlation Analysis,0.25,45,2070,True,,0.012155489780747514,0.1263178061525236,0.9024698960043788,0.9642857142857143,nan,0.6666666666666666,0.9789272030651341,1.0,nan,nan,nan,nan,nan,nan,nan,nan,nan,nan
Variance Analysis,0.25,45,2070,True,,0.04022843549955866,0.03794942041499398,0.7777777777777778,nan,nan,nan,0.9583333333333334,nan,0.875,0.5,nan,nan,nan,nan,nan,nan,nan,nan
Logistic Regression,0.25,46,2071,True,,0.03336533040118928,0.3438271422635888,0.8988095238095237,1.0,1.0,0.6666666666666666,0.9285714285714286,nan,nan,nan,nan,nan,nan,nan,nan,nan,nan,nan
Multiple Linear Regression,0.25,46,2071,True,,0.0054822467183276965,0.12493080235080611,0.96875,0.875,1.0,1.0,1.0,nan,nan,nan,nan,nan,nan,0.0018342879742743179,nan,nan,nan,nan
Figure 1,0.25,46,2071,True,,0.033782645285740334,0.05700999513437768,0.9017857142857143,nan,nan,nan,nan,1.0,0.875,nan,nan,nan,nan,nan,1.0,0.6666666666666666,0.9404761904761905,0.9285714285714286
Figure 2,0.25,46,2071,True,,0.14164565386997102,0.13723095379437075,0.3159857583045282,nan,nan,nan,0.2639430332181127,nan,nan,nan,1.0,0.0,0.0,nan,nan,nan,nan,nan
Correlation Analysis,0.25,46,2071,True,,0.013609808085691092,0.14143083746936064,0.8921045429666119,0.9285714285714286,nan,0.6666666666666666,0.9731800766283525,1.0,nan,nan,nan,nan,nan,nan,nan,nan,nan,nan
Variance Analysis,0.25,46,2071,True,,0.060999551276321826,0.05754381416439911,0.7658730158730158,nan,nan,nan,0.9226190476190477,nan,0.875,0.5,nan,nan,nan,nan,nan,nan,nan,nan
Logistic Regression,0.25,47,2072,True,,0.04619826731816882,0.47606956198369177,0.8065476190476191,0.75,1.0,0.6666666666666666,0.8095238095238095,nan,nan,nan,nan,nan,nan,nan,nan,nan,nan,nan
Multiple Linear Regression,0.25,47,2072,True,,0.00876636974556303,0.1997702150754532,0.9970238095238095,1.0,1.0,1.0,0.9880952380952381,nan,nan,nan,nan,nan,nan,0.0021319323661243006,nan,nan,nan,nan
Figure 1,0.25,47,2072,True,,0.01868632519432677,0.03153415901559476,0.9107142857142857,nan,nan,nan,nan,1.0,0.875,nan,nan,nan,nan,nan,1.0,0.6666666666666666,0.9940476190476191,0.9285714285714286
Figure 2,0.25,47,2072,True,,0.13858721422122616,0.13426783718152308,0.2878142709421355,nan,nan,nan,0.1512570837685422,nan,nan,nan,1.0,0.0,0.0,nan,nan,nan,nan,nan
Correlation Analysis,0.25,47,2072,True,,0.0114518830056845,0.11900604284037952,0.8772577996715927,0.8571428571428571,nan,0.6666666666666666,0.9852216748768472,1.0,nan,nan,nan,nan,nan,nan,nan,nan,nan,nan
Variance Analysis,0.25,47,2072,True,,0.030357330956602757,0.028637532154633962,0.9305555555555557,nan,nan,nan,0.9166666666666667,nan,0.875,1.0,nan,nan,nan,nan,nan,nan,nan,nan
Logistic Regression,0.25,48,2073,True,,0.025737041782878747,0.26521821963466485,0.9880952380952381,1.0,1.0,1.0,0.9523809523809523,nan,nan,nan,nan,nan,nan,nan,nan,nan,nan,nan
Multiple Linear Regression,0.25,48,2073,True,,0.005718198808154409,0.13030773728513767,0.9910714285714286,1.0,1.0,1.0,0.9642857142857144,nan,nan,nan,nan,nan,nan,0.000643115297907837,nan,nan,nan,nan
Figure 1,0.25,48,2073,True,,0.022687748566129297,0.03828677193348657,0.9742063492063492,nan,nan,nan,nan,1.0,0.875,nan,nan,nan,nan,nan,1.0,1.0,0.9940476190476191,0.9761904761904763
Figure 2,0.25,48,2073,True,,0.13862798919900401,0.1343073413169379,0.6737383042103159,nan,nan,nan,0.6949532168412637,nan,nan,nan,1.0,0.5,0.5,nan,nan,nan,nan,nan
Correlation Analysis,0.25,48,2073,True,,0.010597136429677063,0.1101236601272906,0.9132457580733442,1.0,nan,0.6666666666666666,0.9863163656267104,1.0,nan,nan,nan,nan,nan,nan,nan,nan,nan,nan
Variance Analysis,0.25,48,2073,True,,0.054732177741078004,0.05163149890199264,0.9444444444444445,nan,nan,nan,0.9583333333333334,nan,0.875,1.0,nan,nan,nan,nan,nan,nan,nan,nan
Logistic Regression,0.25,49,2074,True,,0.055303611255194694,0.5698994251245977,0.75,1.0,1.0,0.3333333333333333,0.6666666666666667,nan,nan,nan,nan,nan,nan,nan,nan,nan,nan,nan
Multiple Linear Regression,0.25,49,2074,True,,0.005084054078606464,0.11585668939557349,0.8869047619047619,1.0,1.0,0.6666666666666666,0.880952380952381,nan,nan,nan,nan,nan,nan,0.0009293866965900399,nan,nan,nan,nan
Figure 1,0.25,49,2074,True,,0.018737842791992174,0.031621097677958156,0.9206349206349206,nan,nan,nan,nan,0.6666666666666666,1.0,nan,nan,nan,nan,nan,1.0,1.0,0.9761904761904763,0.880952380952381
Figure 2,0.25,49,2074,True,,0.13899110282910015,0.13465913770766638,0.27069609128874594,nan,nan,nan,0.08278436515498383,nan,nan,nan,1.0,0.0,0.0,nan,nan,nan,nan,nan
Correlation Analysis,0.25,49,2074,True,,0.011951252789536041,0.12419540967732054,0.9090038314176244,1.0,nan,1.0,0.9693486590038314,0.6666666666666666,nan,nan,nan,nan,nan,nan,nan,nan,nan,nan
Variance Analysis,0.25,49,2074,True,,0.028432406168858382,0.02682165790722119,0.9900793650793651,nan,nan,nan,0.9702380952380952,nan,1.0,1.0,nan,nan,nan,nan,nan,nan,nan,nan
Logistic Regression,0.25,50,2075,True,,0.04365093271531459,0.44981947645007725,0.9508928571428572,0.875,1.0,1.0,0.9285714285714286,nan,nan,nan,nan,nan,nan,nan,nan,nan,nan,nan
Multiple Linear Regression,0.25,50,2075,True,,0.007322150175899641,0.16685898016046916,0.9345238095238095,0.75,1.0,1.0,0.9880952380952381,nan,nan,nan,nan,nan,nan,0.0030442444913616473,nan,nan,nan,nan
Figure 1,0.25,50,2075,True,,0.025788920570828013,0.043520163202978676,0.8521825396825397,nan,nan,nan,nan,0.6666666666666666,0.875,nan,nan,nan,nan,nan,1.0,0.6666666666666666,0.9761904761904763,0.9285714285714286
Figure 2,0.25,50,2075,True,,0.14986033196351295,0.14518960327701097,0.6582946002439646,nan,nan,nan,0.6331784009758583,nan,nan,nan,1.0,0.5,0.5,nan,nan,nan,nan,nan
Correlation Analysis,0.25,50,2075,True,,0.011394258687355484,0.11840722061242745,0.908935413245758,1.0,nan,1.0,0.9690749863163657,0.6666666666666666,nan,nan,nan,nan,nan,nan,nan,nan,nan,nan
Variance Analysis,0.25,50,2075,True,,0.05511648370178489,0.05199403322105692,0.9345238095238096,nan,nan,nan,0.9285714285714286,nan,0.875,1.0,nan,nan,nan,nan,nan,nan,nan,nan
Logistic Regression,0.5,1,2026,True,,0.09916203200605478,1.02185704969003,0.699404761904762,1.0,1.0,0.3333333333333333,0.4642857142857143,nan,nan,nan,nan,nan,nan,nan,nan,nan,nan,nan
Multiple Linear Regression,0.5,1,2026,True,,0.009257843413271993,0.21097003930735198,0.9970238095238095,1.0,1.0,1.0,0.9880952380952381,nan,nan,nan,nan,nan,nan,0.002192558529255817,nan,nan,nan,nan
Figure 1,0.5,1,2026,True,,0.04487201991117906,0.07572389951019656,0.9156746031746031,nan,nan,nan,nan,1.0,0.75,nan,nan,nan,nan,nan,1.0,1.0,0.9107142857142858,0.8333333333333335
Figure 2,0.5,1,2026,True,,0.286575008851313,0.27764326489252955,0.3213878653686525,nan,nan,nan,0.28555146147460997,nan,nan,nan,1.0,0.0,0.0,nan,nan,nan,nan,nan
Correlation Analysis,0.5,1,2026,True,,0.02058286782276066,0.2138937019071401,0.9691091954022989,0.9642857142857143,nan,1.0,0.9121510673234811,1.0,nan,nan,nan,nan,nan,nan,nan,nan,nan,nan
Variance Analysis,0.5,1,2026,True,,0.1365126325836887,0.1287789401089894,0.8234126984126985,nan,nan,nan,0.7202380952380953,nan,0.75,1.0,nan,nan,nan,nan,nan,nan,nan,nan
Logistic Regression,0.5,2,2027,True,,0.02887363496271382,0.2975405691063703,0.875,1.0,1.0,0.6666666666666666,0.8333333333333335,nan,nan,nan,nan,nan,nan,nan,nan,nan,nan,nan
Multiple Linear Regression,0.5,2,2027,True,,0.010844835052274777,0.24713479966405427,0.8005952380952381,1.0,1.0,0.3333333333333333,0.8690476190476191,nan,nan,nan,nan,nan,nan,0.005308767600061826,nan,nan,nan,nan
Figure 1,0.5,2,2027,True,,0.04135612160035031,0.06979063573236208,0.941468253968254,nan,nan,nan,nan,1.0,0.75,nan,nan,nan,nan,nan,1.0,1.0,0.9464285714285715,0.9523809523809523
Figure 2,0.5,2,2027,True,,0.27495364758071733,0.2663841090484906,0.38726145111205224,nan,nan,nan,0.5490458044482089,nan,nan,nan,1.0,0.0,0.0,nan,nan,nan,nan,nan
Correlation Analysis,0.5,2,2027,True,,0.016220030462125508,0.16855582956006568,0.9775930487137384,0.9642857142857143,nan,1.0,0.9460864805692393,1.0,nan,nan,nan,nan,nan,nan,nan,nan,nan,nan
Variance Analysis,0.5,2,2027,True,,0.10141597299058779,0.0956705710282398,0.9047619047619048,nan,nan,nan,0.9642857142857143,nan,0.75,1.0,nan,nan,nan,nan,nan,nan,nan,nan
Logistic Regression,0.5,3,2028,True,,0.05375552171542676,0.5539464824734561,0.7827380952380952,0.75,1.0,0.6666666666666666,0.7142857142857143,nan,nan,nan,nan,nan,nan,nan,nan,nan,nan,nan
Multiple Linear Regression,0.5,3,2028,True,,0.011708587903000264,0.26681821455181914,0.8988095238095237,1.0,1.0,0.6666666666666666,0.9285714285714286,nan,nan,nan,nan,nan,nan,0.0064627089324611475,nan,nan,nan,nan
Figure 1,0.5,3,2028,True,,0.07142570910016965,0.12053465007930952,0.7182539682539683,nan,nan,nan,nan,0.5,0.5,nan,nan,nan,nan,nan,1.0,0.6666666666666666,0.8690476190476191,0.7738095238095238
Figure 2,0.5,3,2028,True,,0.2789910958404541,0.27029572130372936,0.6704569159005661,nan,nan,nan,0.6818276636022645,nan,nan,nan,1.0,0.5,0.5,nan,nan,nan,nan,nan
Correlation Analysis,0.5,3,2028,True,,0.023846965731506485,0.24781365859640955,0.7527025177887247,0.8928571428571429,nan,0.6666666666666666,0.9512862616310892,0.5,nan,nan,nan,nan,nan,nan,nan,nan,nan,nan
Variance Analysis,0.5,3,2028,True,,0.1201853587525858,0.11337663646101258,0.5892857142857143,nan,nan,nan,0.7678571428571429,nan,0.5,0.5,nan,nan,nan,nan,nan,nan,nan,nan
Logistic Regression,0.5,4,2029,True,,0.07332646753012499,0.7556235613440249,0.7068452380952381,0.875,1.0,0.3333333333333333,0.6190476190476191,nan,nan,nan,nan,nan,nan,nan,nan,nan,nan,nan
Multiple Linear Regression,0.5,4,2029,True,,0.013602480577969488,0.3099767120815315,0.8407738095238095,0.875,1.0,0.6666666666666666,0.8214285714285714,nan,nan,nan,nan,nan,nan,0.007264546076860778,nan,nan,nan,nan
Figure 1,0.5,4,2029,True,,0.03040156560284783,0.051304244899596424,0.8551587301587302,nan,nan,nan,nan,0.6666666666666666,1.0,nan,nan,nan,nan,nan,1.0,0.6666666666666666,0.9642857142857143,0.8333333333333335
Figure 2,0.5,4,2029,True,,0.28722923268784034,0.2782770983962676,0.375,nan,nan,nan,0.5,nan,nan,nan,1.0,0.0,0.0,nan,nan,nan,nan,nan
Correlation Analysis,0.5,4,2029,True,,0.025243026818043145,0.26232129069409166,0.883107553366174,0.8928571428571429,nan,1.0,0.9729064039408868,0.6666666666666666,nan,nan,nan,nan,nan,nan,nan,nan,nan,nan
Variance Analysis,0.5,4,2029,True,,0.12269250545882054,0.11574174868114884,0.9900793650793651,nan,nan,nan,0.9702380952380952,nan,1.0,1.0,nan,nan,nan,nan,nan,nan,nan,nan
Logistic Regression,0.5,5,2030,True,,0.04967155680667519,0.5118615408050596,0.8452380952380952,1.0,1.0,0.6666666666666666,0.7142857142857143,nan,nan,nan,nan,nan,nan,nan,nan,nan,nan,nan
Multiple Linear Regression,0.5,5,2030,True,,0.01196035421512266,0.2725555279188375,0.8675595238095237,0.875,1.0,0.6666666666666666,0.9285714285714286,nan,nan,nan,nan,nan,nan,0.004632523898618124,nan,nan,nan,nan
Figure 1,0.5,5,2030,True,,0.05331278616355816,0.08996813760666292,0.8511904761904762,nan,nan,nan,nan,1.0,0.75,nan,nan,nan,nan,nan,1.0,0.6666666666666666,0.8690476190476191,0.8214285714285714
Figure 2,0.5,5,2030,True,,0.27330634592030684,0.2647881491876063,0.6088488794030389,nan,nan,nan,0.9353955176121554,nan,nan,nan,1.0,0.5,0.0,nan,nan,nan,nan,nan
Correlation Analysis,0.5,5,2030,True,,0.026540196399318913,0.2758012588952961,0.9667829775588397,0.9642857142857143,nan,1.0,0.9028461959496443,1.0,nan,nan,nan,nan,nan,nan,nan,nan,nan,nan
Variance Analysis,0.5,5,2030,True,,0.115438086319471,0.10889830576901334,0.7063492063492064,nan,nan,nan,0.8690476190476191,nan,0.75,0.5,nan,nan,nan,nan,nan,nan,nan,nan
Logistic Regression,0.5,6,2031,True,,0.05574837316708914,0.57448266213486,0.9419642857142857,0.875,1.0,1.0,0.8928571428571429,nan,nan,nan,nan,nan,nan,nan,nan,nan,nan,nan
Multiple Linear Regression,0.5,6,2031,True,,0.016343567723862123,0.37244128801989923,0.9598214285714286,0.875,1.0,1.0,0.9642857142857144,nan,nan,nan,nan,nan,nan,0.0048532567779268065,nan,nan,nan,nan
Figure 1,0.5,6,2031,True,,0.04861163899437253,0.08203470388723794,0.9345238095238096,nan,nan,nan,nan,1.0,0.75,nan,nan,nan,nan,nan,1.0,1.0,0.892857142857143,0.9642857142857144
Figure 2,0.5,6,2031,True,,0.27854156741748043,0.269860203428264,0.3247581455835848,nan,nan,nan,0.29903258233433916,nan,nan,nan,1.0,0.0,0.0,nan,nan,nan,nan,nan
Correlation Analysis,0.5,6,2031,True,,0.020032211376440588,0.208171372696427,0.8957649151614668,0.9642857142857143,nan,0.6666666666666666,0.9521072796934866,1.0,nan,nan,nan,nan,nan,nan,nan,nan,nan,nan
Variance Analysis,0.5,6,2031,True,,0.12093325635554796,0.11408216428504361,0.7043650793650794,nan,nan,nan,0.8630952380952381,nan,0.75,0.5,nan,nan,nan,nan,nan,nan,nan,nan
Logistic Regression,0.5,7,2032,True,,0.09495835518986627,0.9785384860992951,0.6041666666666666,1.0,1.0,0.0,0.41666666666666663,nan,nan,nan,nan,nan,nan,nan,nan,nan,nan,nan
Multiple Linear Regression,0.5,7,2032,True,,0.011283534353366645,0.25713198849777086,0.7142857142857143,0.75,1.0,0.3333333333333333,0.7738095238095238,nan,nan,nan,nan,nan,nan,0.0002398695281605745,nan,nan,nan,nan
Figure 1,0.5,7,2032,True,,0.04879305106134,0.0823408463153295,0.7569444444444445,nan,nan,nan,nan,0.6666666666666666,0.875,nan,nan,nan,nan,nan,1.0,0.3333333333333333,0.9523809523809524,0.7142857142857143
Figure 2,0.5,7,2032,True,,0.2904041379786353,0.2813530507418478,0.3159857583045282,nan,nan,nan,0.2639430332181127,nan,nan,nan,1.0,0.0,0.0,nan,nan,nan,nan,nan
Correlation Analysis,0.5,7,2032,True,,0.023422202753095145,0.2433995931382892,0.8976806239737274,0.9642857142857143,nan,1.0,0.9597701149425287,0.6666666666666666,nan,nan,nan,nan,nan,nan,nan,nan,nan,nan
Variance Analysis,0.5,7,2032,True,,0.11449637125862276,0.10800994060364037,0.9087301587301587,nan,nan,nan,0.8511904761904763,nan,0.875,1.0,nan,nan,nan,nan,nan,nan,nan,nan
Logistic Regression,0.5,8,2033,True,,0.045283900794632556,0.46664708586885134,0.84375,0.875,1.0,0.6666666666666666,0.8333333333333335,nan,nan,nan,nan,nan,nan,nan,nan,nan,nan,nan
Multiple Linear Regression,0.5,8,2033,True,,0.008894931421838172,0.20269991054408718,0.8988095238095237,1.0,1.0,0.6666666666666666,0.9285714285714286,nan,nan,nan,nan,nan,nan,0.0010115060721840319,nan,nan,nan,nan
Figure 1,0.5,8,2033,True,,0.04294933304047977,0.07247926404081946,0.8759920634920636,nan,nan,nan,nan,0.6666666666666666,0.75,nan,nan,nan,nan,nan,1.0,1.0,0.9345238095238095,0.9047619047619049
Figure 2,0.5,8,2033,True,,0.28493862582886803,0.27605788336611015,0.511372270982407,nan,nan,nan,0.5454890839296281,nan,nan,nan,1.0,0.5,0.0,nan,nan,nan,nan,nan
Correlation Analysis,0.5,8,2033,True,,0.025470012016767025,0.26468008271720767,0.801655719759168,0.9285714285714286,nan,0.6666666666666666,0.9447181171319102,0.6666666666666666,nan,nan,nan,nan,nan,nan,nan,nan,nan,nan
Variance Analysis,0.5,8,2033,True,,0.11975591441697797,0.11297152093925686,0.6706349206349206,nan,nan,nan,0.761904761904762,nan,0.75,0.5,nan,nan,nan,nan,nan,nan,nan,nan
Logistic Regression,0.5,9,2034,True,,0.08218673175246805,0.846927897031345,0.6636904761904763,0.75,1.0,0.3333333333333333,0.5714285714285714,nan,nan,nan,nan,nan,nan,nan,nan,nan,nan,nan
Multiple Linear Regression,0.5,9,2034,True,,0.016817560281244107,0.3832427483598865,0.7797619047619049,1.0,1.0,0.3333333333333333,0.7857142857142858,nan,nan,nan,nan,nan,nan,0.002600620398002018,nan,nan,nan,nan
Figure 1,0.5,9,2034,True,,0.049162968206093394,0.08296510100125296,0.7281746031746031,nan,nan,nan,nan,0.6666666666666666,0.875,nan,nan,nan,nan,nan,1.0,0.3333333333333333,0.8630952380952381,0.6309523809523809
Figure 2,0.5,9,2034,True,,0.28581658268867616,0.2769084767586359,0.4775345427391145,nan,nan,nan,0.41013817095645805,nan,nan,nan,1.0,0.5,0.0,nan,nan,nan,nan,nan
Correlation Analysis,0.5,9,2034,True,,0.017804033733419076,0.1850165252438491,0.8862889983579638,0.9285714285714286,nan,1.0,0.9499178981937603,0.6666666666666666,nan,nan,nan,nan,nan,nan,nan,nan,nan,nan
Variance Analysis,0.5,9,2034,True,,0.1050326636898609,0.09908236952731939,0.8829365079365079,nan,nan,nan,0.7738095238095238,nan,0.875,1.0,nan,nan,nan,nan,nan,nan,nan,nan
Logistic Regression,0.5,10,2035,True,,0.0891739144809562,0.918930273184166,0.6324404761904762,0.625,1.0,0.3333333333333333,0.5714285714285714,nan,nan,nan,nan,nan,nan,nan,nan,nan,nan,nan
Multiple Linear Regression,0.5,10,2035,True,,0.01055512819312445,0.24053288767071318,0.9627976190476191,0.875,1.0,1.0,0.9761904761904763,nan,nan,nan,nan,nan,nan,0.0007780877236409633,nan,nan,nan,nan
Figure 1,0.5,10,2035,True,,0.05850374915301136,0.09872816134868694,0.9037698412698413,nan,nan,nan,nan,1.0,0.875,nan,nan,nan,nan,nan,1.0,0.6666666666666666,0.9523809523809524,0.9285714285714286
Figure 2,0.5,10,2035,True,,0.27416608267789827,0.2656210903476977,0.2745162911671696,nan,nan,nan,0.09806516466867832,nan,nan,nan,1.0,0.0,0.0,nan,nan,nan,nan,nan
Correlation Analysis,0.5,10,2035,True,,0.02254230883876462,0.23425588351325813,0.8852627257799672,0.9285714285714286,nan,0.6666666666666666,0.9458128078817734,1.0,nan,nan,nan,nan,nan,nan,nan,nan,nan,nan
Variance Analysis,0.5,10,2035,True,,0.12683108601326137,0.11964587101231723,0.746031746031746,nan,nan,nan,0.8630952380952381,nan,0.875,0.5,nan,nan,nan,nan,nan,nan,nan,nan
Logistic Regression,0.5,11,2036,True,,0.06875311933541692,0.7084955628660967,0.7931547619047619,0.875,1.0,0.6666666666666666,0.6309523809523809,nan,nan,nan,nan,nan,nan,nan,nan,nan,nan,nan
Multiple Linear Regression,0.5,11,2036,True,,0.010561836598574076,0.24068576048333482,0.8764880952380952,0.875,1.0,0.6666666666666666,0.9642857142857144,nan,nan,nan,nan,nan,nan,0.005185680354024336,nan,nan,nan,nan
Figure 1,0.5,11,2036,True,,0.05025046879522495,0.08480031558467674,0.8521825396825397,nan,nan,nan,nan,1.0,0.75,nan,nan,nan,nan,nan,0.875,0.6666666666666666,0.9166666666666667,0.9047619047619049
Figure 2,0.5,11,2036,True,,0.2770533845121723,0.268418403034562,0.5348800573984391,nan,nan,nan,0.6395202295937563,nan,nan,nan,1.0,0.5,0.0,nan,nan,nan,nan,nan
Correlation Analysis,0.5,11,2036,True,,0.02037987231943267,0.2117842067652963,0.8705186097427476,0.8928571428571429,nan,0.6666666666666666,0.9225506294471811,1.0,nan,nan,nan,nan,nan,nan,nan,nan,nan,nan
Variance Analysis,0.5,11,2036,True,,0.11931433881422544,0.11255496140902001,0.8849206349206349,nan,nan,nan,0.9047619047619048,nan,0.75,1.0,nan,nan,nan,nan,nan,nan,nan,nan
Logistic Regression,0.5,12,2037,True,,0.06221738575246996,0.6411453351476648,0.8273809523809523,0.75,1.0,0.6666666666666666,0.8928571428571429,nan,nan,nan,nan,nan,nan,nan,nan,nan,nan,nan
Multiple Linear Regression,0.5,12,2037,True,,0.010672429891247068,0.24320598795541565,0.8735119047619047,0.875,1.0,0.6666666666666666,0.9523809523809523,nan,nan,nan,nan,nan,nan,0.0021149609100270528,nan,nan,nan,nan
Figure 1,0.5,12,2037,True,,0.04375911545908114,0.07384581456857978,0.8670634920634921,nan,nan,nan,nan,0.6666666666666666,1.0,nan,nan,nan,nan,nan,1.0,0.6666666666666666,0.9880952380952381,0.880952380952381
Figure 2,0.5,12,2037,True,,0.2792282580792228,0.2705254918568035,0.5465935142257985,nan,nan,nan,0.6863740569031938,nan,nan,nan,1.0,0.5,0.0,nan,nan,nan,nan,nan
Correlation Analysis,0.5,12,2037,True,,0.028101929876792178,0.2920305306258214,0.772167487684729,0.9285714285714286,nan,0.6666666666666666,0.8267651888341543,0.6666666666666666,nan,nan,nan,nan,nan,nan,nan,nan,nan,nan
Variance Analysis,0.5,12,2037,True,,0.0690953197101374,0.06518094238134593,0.753968253968254,nan,nan,nan,0.761904761904762,nan,1.0,0.5,nan,nan,nan,nan,nan,nan,nan,nan
Logistic Regression,0.5,13,2038,True,,0.06351928812368224,0.6545613381189452,0.7544642857142857,0.625,1.0,0.6666666666666666,0.7261904761904762,nan,nan,nan,nan,nan,nan,nan,nan,nan,nan,nan
Multiple Linear Regression,0.5,13,2038,True,,0.0108767596003207,0.24786230420862915,0.8645833333333333,0.875,1.0,0.6666666666666666,0.9166666666666667,nan,nan,nan,nan,nan,nan,0.004359781695768672,nan,nan,nan,nan
Figure 1,0.5,13,2038,True,,0.04278434185707859,0.0722008327195491,0.8392857142857141,nan,nan,nan,nan,0.6666666666666666,0.875,nan,nan,nan,nan,nan,1.0,0.6666666666666666,0.9821428571428572,0.8452380952380953
Figure 2,0.5,13,2038,True,,0.27880695687729257,0.27011732143860856,0.3558602459366037,nan,nan,nan,0.4234409837464149,nan,nan,nan,1.0,0.0,0.0,nan,nan,nan,nan,nan
Correlation Analysis,0.5,13,2038,True,,0.024056004480422014,0.2499859541303748,0.7814723590585658,0.8571428571428571,nan,0.6666666666666666,0.9354132457580733,0.6666666666666666,nan,nan,nan,nan,nan,nan,nan,nan,nan,nan
Variance Analysis,0.5,13,2038,True,,0.1048624904559428,0.09892183692103873,0.7579365079365079,nan,nan,nan,0.8988095238095238,nan,0.875,0.5,nan,nan,nan,nan,nan,nan,nan,nan
Logistic Regression,0.5,14,2039,True,,0.055877435064056596,0.5758126349742074,0.7410714285714286,0.75,1.0,0.3333333333333333,0.880952380952381,nan,nan,nan,nan,nan,nan,nan,nan,nan,nan,nan
Multiple Linear Regression,0.5,14,2039,True,,0.010320338554770504,0.23518244296979293,0.8035714285714286,1.0,1.0,0.3333333333333333,0.880952380952381,nan,nan,nan,nan,nan,nan,0.0030836567058830644,nan,nan,nan,nan
Figure 1,0.5,14,2039,True,,0.029427673696478196,0.04966075095843433,0.7192460317460317,nan,nan,nan,nan,0.5,0.875,nan,nan,nan,nan,nan,1.0,0.3333333333333333,0.9880952380952381,0.6190476190476191
Figure 2,0.5,14,2039,True,,0.28141508728082076,0.27264416368979993,0.6800267929322643,nan,nan,nan,0.720107171729057,nan,nan,nan,1.0,0.5,0.5,nan,nan,nan,nan,nan
Correlation Analysis,0.5,14,2039,True,,0.019299189279984537,0.200553930309835,0.7789408866995073,1.0,nan,0.6666666666666666,0.9490968801313628,0.5,nan,nan,nan,nan,nan,nan,nan,nan,nan,nan
Variance Analysis,0.5,14,2039,True,,0.11053735798371513,0.10427521273435346,0.9285714285714285,nan,nan,nan,0.9107142857142857,nan,0.875,1.0,nan,nan,nan,nan,nan,nan,nan,nan
Logistic Regression,0.5,15,2040,True,,0.06947967394719173,0.7159826517952704,0.8377976190476191,0.875,1.0,0.6666666666666666,0.8095238095238095,nan,nan,nan,nan,nan,nan,nan,nan,nan,nan,nan
Multiple Linear Regression,0.5,15,2040,True,,0.01441378298937567,0.3284648733069781,0.7544642857142858,0.875,1.0,0.3333333333333333,0.8095238095238095,nan,nan,nan,nan,nan,nan,2.328120419237134e-05,nan,nan,nan,nan
Figure 1,0.5,15,2040,True,,0.04923504471081566,0.08308673390325824,0.8214285714285713,nan,nan,nan,nan,1.0,0.75,nan,nan,nan,nan,nan,1.0,0.6666666666666666,0.9404761904761905,0.5714285714285714
Figure 2,0.5,15,2040,True,,0.2736446860311813,0.2651159441806304,0.2905202727021191,nan,nan,nan,0.16208109080847638,nan,nan,nan,1.0,0.0,0.0,nan,nan,nan,nan,nan
Correlation Analysis,0.5,15,2040,True,,0.024605994272293,0.2557013555801347,0.8829707170224411,0.9642857142857143,nan,0.6666666666666666,0.9009304871373837,1.0,nan,nan,nan,nan,nan,nan,nan,nan,nan,nan
Variance Analysis,0.5,15,2040,True,,0.11560021029877825,0.10905124512580613,0.8908730158730158,nan,nan,nan,0.9226190476190477,nan,0.75,1.0,nan,nan,nan,nan,nan,nan,nan,nan
Logistic Regression,0.5,16,2041,True,,0.10216134998932865,1.052764788907025,0.8452380952380952,1.0,1.0,0.6666666666666666,0.7142857142857143,nan,nan,nan,nan,nan,nan,nan,nan,nan,nan,nan
Multiple Linear Regression,0.5,16,2041,True,,0.011128659306267982,0.25360265738732113,0.8988095238095237,1.0,1.0,0.6666666666666666,0.9285714285714286,nan,nan,nan,nan,nan,nan,9.778257305381732e-05,nan,nan,nan,nan
Figure 1,0.5,16,2041,True,,0.04053347086184615,0.06840236923627421,0.8472222222222222,nan,nan,nan,nan,0.6666666666666666,1.0,nan,nan,nan,nan,nan,1.0,0.6666666666666666,0.9285714285714286,0.8214285714285714
Figure 2,0.5,16,2041,True,,0.2665593275403792,0.2582514165576339,0.5706057228199258,nan,nan,nan,0.7824228912797033,nan,nan,nan,1.0,0.5,0.0,nan,nan,nan,nan,nan
Correlation Analysis,0.5,16,2041,True,,0.017438845018354604,0.1812215455144707,0.8245758073344279,1.0,nan,0.6666666666666666,0.9649698960043788,0.6666666666666666,nan,nan,nan,nan,nan,nan,nan,nan,nan,nan
Variance Analysis,0.5,16,2041,True,,0.11334777097236744,0.10692641064254199,0.7619047619047619,nan,nan,nan,0.7857142857142857,nan,1.0,0.5,nan,nan,nan,nan,nan,nan,nan,nan
Logistic Regression,0.5,17,2042,True,,0.07558322003572923,0.778879220900462,0.6517857142857143,1.0,1.0,0.3333333333333333,0.27380952380952384,nan,nan,nan,nan,nan,nan,nan,nan,nan,nan,nan
Multiple Linear Regression,0.5,17,2042,True,,0.010355762746934926,0.23598969827534774,0.8586309523809523,0.875,1.0,0.6666666666666666,0.8928571428571429,nan,nan,nan,nan,nan,nan,0.0016337631497781446,nan,nan,nan,nan
Figure 1,0.5,17,2042,True,,0.04917674211492835,0.08298834519865136,0.8154761904761906,nan,nan,nan,nan,1.0,0.875,nan,nan,nan,nan,nan,1.0,0.3333333333333333,0.9583333333333334,0.7261904761904762
Figure 2,0.5,17,2042,True,,0.28292563822443173,0.2741076349724206,0.9359776697081177,nan,nan,nan,0.743910678832471,nan,nan,nan,1.0,1.0,1.0,nan,nan,nan,nan,nan
Correlation Analysis,0.5,17,2042,True,,0.026852384850439785,0.27904546879247377,0.8626505199781062,0.8928571428571429,nan,0.6666666666666666,0.8910782703886152,1.0,nan,nan,nan,nan,nan,nan,nan,nan,nan,nan
Variance Analysis,0.5,17,2042,True,,0.09821890936308923,0.09265462695318973,0.7619047619047619,nan,nan,nan,0.9107142857142858,nan,0.875,0.5,nan,nan,nan,nan,nan,nan,nan,nan
Logistic Regression,0.5,18,2043,True,,0.06812025643765159,0.7019739597838881,0.8526785714285714,0.875,1.0,0.6666666666666666,0.8690476190476191,nan,nan,nan,nan,nan,nan,nan,nan,nan,nan,nan
Multiple Linear Regression,0.5,18,2043,True,,0.008613974255858525,0.19629738873588354,0.8869047619047619,1.0,1.0,0.6666666666666666,0.880952380952381,nan,nan,nan,nan,nan,nan,0.0008935405349641545,nan,nan,nan,nan
Figure 1,0.5,18,2043,True,,0.05140443563181058,0.08674769546516077,0.8621031746031745,nan,nan,nan,nan,0.6666666666666666,1.0,nan,nan,nan,nan,nan,1.0,0.6666666666666666,0.9940476190476191,0.8452380952380953
Figure 2,0.5,18,2043,True,,0.28268566589845245,0.2738751419147188,0.8449012805643399,nan,nan,nan,0.8796051222573593,nan,nan,nan,1.0,1.0,0.5,nan,nan,nan,nan,nan
Correlation Analysis,0.5,18,2043,True,,0.023733869925420696,0.2466383859938662,0.790948275862069,0.8928571428571429,nan,0.6666666666666666,0.9376026272577997,0.6666666666666666,nan,nan,nan,nan,nan,nan,nan,nan,nan,nan
Variance Analysis,0.5,18,2043,True,,0.14083895574691413,0.13286016908380674,0.9940476190476191,nan,nan,nan,0.9821428571428572,nan,1.0,1.0,nan,nan,nan,nan,nan,nan,nan,nan
Logistic Regression,0.5,19,2044,True,,0.11491220473959912,1.1841613582647599,0.625,0.75,1.0,0.3333333333333333,0.41666666666666663,nan,nan,nan,nan,nan,nan,nan,nan,nan,nan,nan
Multiple Linear Regression,0.5,19,2044,True,,0.016372368802487557,0.373097614166115,0.8675595238095237,0.875,1.0,0.6666666666666666,0.9285714285714286,nan,nan,nan,nan,nan,nan,0.0018719360828926002,nan,nan,nan,nan
Figure 1,0.5,19,2044,True,,0.06341287699669053,0.10701257342225301,0.8621031746031745,nan,nan,nan,nan,1.0,0.75,nan,nan,nan,nan,nan,1.0,0.6666666666666666,0.9107142857142858,0.8452380952380953
Figure 2,0.5,19,2044,True,,0.2715126310260869,0.2630503393851613,0.35905020494716977,nan,nan,nan,0.4362008197886791,nan,nan,nan,1.0,0.0,0.0,nan,nan,nan,nan,nan
Correlation Analysis,0.5,19,2044,True,,0.024820635004948553,0.2579318659872894,0.8647714833059661,0.8214285714285714,nan,0.6666666666666666,0.9709906951286262,1.0,nan,nan,nan,nan,nan,nan,nan,nan,nan,nan
Variance Analysis,0.5,19,2044,True,,0.08821513126147795,0.08321758133602865,0.6825396825396824,nan,nan,nan,0.7976190476190477,nan,0.75,0.5,nan,nan,nan,nan,nan,nan,nan,nan
Logistic Regression,0.5,20,2045,True,,0.09732824976151506,1.0029600658720208,0.6532738095238095,0.375,1.0,0.6666666666666666,0.5714285714285714,nan,nan,nan,nan,nan,nan,nan,nan,nan,nan,nan
Multiple Linear Regression,0.5,20,2045,True,,0.008108470005296832,0.18477783209074233,0.8675595238095237,0.875,1.0,0.6666666666666666,0.9285714285714286,nan,nan,nan,nan,nan,nan,0.002462981376796347,nan,nan,nan,nan
Figure 1,0.5,20,2045,True,,0.05847412419261339,0.09867816766601767,0.8988095238095238,nan,nan,nan,nan,1.0,0.875,nan,nan,nan,nan,nan,1.0,0.6666666666666666,0.9345238095238095,0.9166666666666667
Figure 2,0.5,20,2045,True,,0.2748335778350131,0.2662677815419653,0.36362772901759294,nan,nan,nan,0.4545109160703718,nan,nan,nan,1.0,0.0,0.0,nan,nan,nan,nan,nan
Correlation Analysis,0.5,20,2045,True,,0.022222721039090367,0.2309347808299336,0.8838259441707718,0.9285714285714286,nan,0.6666666666666666,0.9400656814449917,1.0,nan,nan,nan,nan,nan,nan,nan,nan,nan,nan
Variance Analysis,0.5,20,2045,True,,0.11471785070407527,0.10821887282992218,0.7579365079365079,nan,nan,nan,0.8988095238095238,nan,0.875,0.5,nan,nan,nan,nan,nan,nan,nan,nan
Logistic Regression,0.5,21,2046,True,,0.05545420557925748,0.5714512879552975,0.6875,0.75,1.0,0.3333333333333333,0.6666666666666667,nan,nan,nan,nan,nan,nan,nan,nan,nan,nan,nan
Multiple Linear Regression,0.5,21,2046,True,,0.010320868656803766,0.23519452306683086,0.9940476190476191,1.0,1.0,1.0,0.9761904761904763,nan,nan,nan,nan,nan,nan,0.0019939313214830667,nan,nan,nan,nan
Figure 1,0.5,21,2046,True,,0.05969117192509646,0.10073199988431503,0.8095238095238094,nan,nan,nan,nan,0.6666666666666666,0.75,nan,nan,nan,nan,nan,1.0,0.6666666666666666,0.8690476190476191,0.9047619047619049
Figure 2,0.5,21,2046,True,,0.27738936180805285,0.26874390885494714,0.4886981462332398,nan,nan,nan,0.45479258493295915,nan,nan,nan,1.0,0.0,0.5,nan,nan,nan,nan,nan
Correlation Analysis,0.5,21,2046,True,,0.017270214875428607,0.17946916942022761,0.8894020251778872,0.9642857142857143,nan,1.0,0.926655719759168,0.6666666666666666,nan,nan,nan,nan,nan,nan,nan,nan,nan,nan
Variance Analysis,0.5,21,2046,True,,0.14636688690275138,0.13807493274172508,0.6448412698412699,nan,nan,nan,0.6845238095238095,nan,0.75,0.5,nan,nan,nan,nan,nan,nan,nan,nan
Logistic Regression,0.5,22,2047,True,,0.05989639092513976,0.6172276634479094,0.8184523809523809,0.75,1.0,0.6666666666666666,0.8571428571428572,nan,nan,nan,nan,nan,nan,nan,nan,nan,nan,nan
Multiple Linear Regression,0.5,22,2047,True,,0.012844933979025211,0.2927135516863893,0.8705357142857142,0.875,1.0,0.6666666666666666,0.9404761904761905,nan,nan,nan,nan,nan,nan,0.005253039856623176,nan,nan,nan,nan
Figure 1,0.5,22,2047,True,,0.03004342143806772,0.05069985773811685,0.9871031746031745,nan,nan,nan,nan,1.0,1.0,nan,nan,nan,nan,nan,1.0,1.0,0.9702380952380952,0.9523809523809523
Figure 2,0.5,22,2047,True,,0.27032557717373146,0.26190028269148,0.4832527151945283,nan,nan,nan,0.43301086077811307,nan,nan,nan,1.0,0.5,0.0,nan,nan,nan,nan,nan
Correlation Analysis,0.5,22,2047,True,,0.02368414888218057,0.246121693271895,0.9601806239737274,0.9285714285714286,nan,1.0,0.9121510673234811,1.0,nan,nan,nan,nan,nan,nan,nan,nan,nan,nan
Variance Analysis,0.5,22,2047,True,,0.1297923287163397,0.12243935385335851,0.7579365079365079,nan,nan,nan,0.7738095238095238,nan,1.0,0.5,nan,nan,nan,nan,nan,nan,nan,nan
Logistic Regression,0.5,23,2048,True,,0.07040846439596536,0.7255537653410895,0.6339285714285715,0.75,1.0,0.3333333333333333,0.4523809523809524,nan,nan,nan,nan,nan,nan,nan,nan,nan,nan,nan
Multiple Linear Regression,0.5,23,2048,True,,0.011134314199855293,0.2537315225094816,0.8764880952380952,0.875,1.0,0.6666666666666666,0.9642857142857144,nan,nan,nan,nan,nan,nan,0.0015459680062323011,nan,nan,nan,nan
Figure 1,0.5,23,2048,True,,0.08525351389559836,0.1438697997527209,0.8402777777777778,nan,nan,nan,nan,1.0,0.75,nan,nan,nan,nan,nan,0.875,0.6666666666666666,0.8452380952380953,0.9047619047619049
Figure 2,0.5,23,2048,True,,0.2788413601875003,0.27015065249356507,0.3303405738520754,nan,nan,nan,0.3213622954083015,nan,nan,nan,1.0,0.0,0.0,nan,nan,nan,nan,nan
Correlation Analysis,0.5,23,2048,True,,0.024438322170440688,0.2539589352876581,0.8773946360153257,0.9285714285714286,nan,0.6666666666666666,0.9143404488232074,1.0,nan,nan,nan,nan,nan,nan,nan,nan,nan,nan
Variance Analysis,0.5,23,2048,True,,0.1529688856181595,0.14430291605052223,0.6607142857142857,nan,nan,nan,0.7321428571428572,nan,0.75,0.5,nan,nan,nan,nan,nan,nan,nan,nan
Logistic Regression,0.5,24,2049,True,,0.06820860890431076,0.7028844251009729,0.8422619047619048,1.0,1.0,0.6666666666666666,0.7023809523809524,nan,nan,nan,nan,nan,nan,nan,nan,nan,nan,nan
Multiple Linear Regression,0.5,24,2049,True,,0.01107680472773382,0.2524209823488413,0.8556547619047619,0.875,1.0,0.6666666666666666,0.880952380952381,nan,nan,nan,nan,nan,nan,0.00011117282549333307,nan,nan,nan,nan
Figure 1,0.5,24,2049,True,,0.0449900545697685,0.07592308922002998,0.808531746031746,nan,nan,nan,nan,1.0,0.875,nan,nan,nan,nan,nan,1.0,0.3333333333333333,0.9523809523809523,0.6904761904761905
Figure 2,0.5,24,2049,True,,0.271385407448496,0.26292708101174195,0.5519875244910036,nan,nan,nan,0.7079500979640145,nan,nan,nan,1.0,0.5,0.0,nan,nan,nan,nan,nan
Correlation Analysis,0.5,24,2049,True,,0.021016032785372552,0.21839507937248395,0.951559934318555,0.8571428571428571,nan,1.0,0.9490968801313628,1.0,nan,nan,nan,nan,nan,nan,nan,nan,nan,nan
Variance Analysis,0.5,24,2049,True,,0.12167056975480946,0.11477770752003943,0.7222222222222223,nan,nan,nan,0.7916666666666667,nan,0.875,0.5,nan,nan,nan,nan,nan,nan,nan,nan
Logistic Regression,0.5,25,2050,True,,0.042922162718130145,0.44230955814606315,0.7738095238095238,1.0,1.0,0.3333333333333333,0.761904761904762,nan,nan,nan,nan,nan,nan,nan,nan,nan,nan,nan
Multiple Linear Regression,0.5,25,2050,True,,0.008753392879835621,0.1994744950302564,0.7752976190476191,0.875,1.0,0.3333333333333333,0.8928571428571429,nan,nan,nan,nan,nan,nan,0.0007092757831494989,nan,nan,nan,nan
Figure 1,0.5,25,2050,True,,0.050188548861424584,0.08469582243161479,0.8303571428571428,nan,nan,nan,nan,0.6666666666666666,0.75,nan,nan,nan,nan,nan,1.0,0.6666666666666666,0.9583333333333334,0.9404761904761905
Figure 2,0.5,25,2050,True,,0.2837784619789593,0.2749338785884777,0.31287531436560206,nan,nan,nan,0.2515012574624083,nan,nan,nan,1.0,0.0,0.0,nan,nan,nan,nan,nan
Correlation Analysis,0.5,25,2050,True,,0.023847389726684147,0.24781806468301137,0.7911535303776683,0.8928571428571429,nan,0.6666666666666666,0.9384236453201971,0.6666666666666666,nan,nan,nan,nan,nan,nan,nan,nan,nan,nan
Variance Analysis,0.5,25,2050,True,,0.09915809808274528,0.09354060889925964,0.7043650793650794,nan,nan,nan,0.8630952380952381,nan,0.75,0.5,nan,nan,nan,nan,nan,nan,nan,nan
Logistic Regression,0.5,26,2051,True,,0.07773675025020839,0.8010711827518654,0.7738095238095238,1.0,1.0,0.3333333333333333,0.761904761904762,nan,nan,nan,nan,nan,nan,nan,nan,nan,nan,nan
Multiple Linear Regression,0.5,26,2051,True,,0.01887208038831202,0.43006166378078053,0.75,1.0,1.0,0.3333333333333333,0.6666666666666667,nan,nan,nan,nan,nan,nan,0.00011309561005867774,nan,nan,nan,nan
Figure 1,0.5,26,2051,True,,0.03598041156545543,0.06071884161023206,0.8283730158730158,nan,nan,nan,nan,0.6666666666666666,1.0,nan,nan,nan,nan,nan,1.0,0.6666666666666666,0.9226190476190477,0.7142857142857143
Figure 2,0.5,26,2051,True,,0.27598243352797963,0.2673808306063765,0.37021506148415095,nan,nan,nan,0.4808602459366037,nan,nan,nan,1.0,0.0,0.0,nan,nan,nan,nan,nan
Correlation Analysis,0.5,26,2051,True,,0.01996867950491165,0.20751116016883223,0.8615558292282429,0.8214285714285714,nan,1.0,0.958128078817734,0.6666666666666666,nan,nan,nan,nan,nan,nan,nan,nan,nan,nan
Variance Analysis,0.5,26,2051,True,,0.12303562852429037,0.11606543319196554,0.7718253968253969,nan,nan,nan,0.8154761904761905,nan,1.0,0.5,nan,nan,nan,nan,nan,nan,nan,nan
Logistic Regression,0.5,27,2052,True,,0.06521640779872834,0.6720500247566658,0.761904761904762,1.0,1.0,0.3333333333333333,0.7142857142857143,nan,nan,nan,nan,nan,nan,nan,nan,nan,nan,nan
Multiple Linear Regression,0.5,27,2052,True,,0.006795291827988987,0.15485280103145396,0.9077380952380952,1.0,1.0,0.6666666666666666,0.9642857142857144,nan,nan,nan,nan,nan,nan,0.0005045796435072525,nan,nan,nan,nan
Figure 1,0.5,27,2052,True,,0.05776165358703716,0.09747583595357379,0.7321428571428572,nan,nan,nan,nan,0.6666666666666666,0.875,nan,nan,nan,nan,nan,0.875,0.3333333333333333,0.9404761904761905,0.7023809523809524
Figure 2,0.5,27,2052,True,,0.28274925037166987,0.2739367446372008,0.6242025102473585,nan,nan,nan,0.49681004098943393,nan,nan,nan,1.0,0.5,0.5,nan,nan,nan,nan,nan
Correlation Analysis,0.5,27,2052,True,,0.027269115060580308,0.28337605907323776,0.8883757525998905,0.9642857142857143,nan,1.0,0.9225506294471811,0.6666666666666666,nan,nan,nan,nan,nan,nan,nan,nan,nan,nan
Variance Analysis,0.5,27,2052,True,,0.10511933278527401,0.09916412865858996,0.7341269841269842,nan,nan,nan,0.8273809523809524,nan,0.875,0.5,nan,nan,nan,nan,nan,nan,nan,nan
Logistic Regression,0.5,28,2053,True,,0.0865516620473867,0.8919081652149967,0.7366071428571429,0.875,1.0,0.3333333333333333,0.7380952380952381,nan,nan,nan,nan,nan,nan,nan,nan,nan,nan,nan
Multiple Linear Regression,0.5,28,2053,True,,0.016391645514478588,0.3735368966755421,0.9821428571428572,1.0,1.0,1.0,0.9285714285714286,nan,nan,nan,nan,nan,nan,0.0005434332785758667,nan,nan,nan,nan
Figure 1,0.5,28,2053,True,,0.061451387094247814,0.10370245579089063,0.875,nan,nan,nan,nan,1.0,0.875,nan,nan,nan,nan,nan,0.875,0.6666666666666666,0.9642857142857143,0.8690476190476191
Figure 2,0.5,28,2053,True,,0.276735467255346,0.2681103943721711,0.362316342764204,nan,nan,nan,0.4492653710568159,nan,nan,nan,1.0,0.0,0.0,nan,nan,nan,nan,nan
Correlation Analysis,0.5,28,2053,True,,0.022631791234658968,0.23518576952711073,0.8661056376573617,0.8571428571428571,nan,0.6666666666666666,0.9406130268199233,1.0,nan,nan,nan,nan,nan,nan,nan,nan,nan,nan
Variance Analysis,0.5,28,2053,True,,0.11319534623785726,0.10678262105043534,0.6904761904761904,nan,nan,nan,0.6964285714285714,nan,0.875,0.5,nan,nan,nan,nan,nan,nan,nan,nan
Logistic Regression,0.5,29,2054,True,,0.05429600167024323,0.5595160864929828,0.8541666666666666,1.0,1.0,0.6666666666666666,0.75,nan,nan,nan,nan,nan,nan,nan,nan,nan,nan,nan
Multiple Linear Regression,0.5,29,2054,True,,0.016137197364402122,0.36773846891791134,0.8645833333333333,0.875,1.0,0.6666666666666666,0.9166666666666667,nan,nan,nan,nan,nan,nan,0.003600615805430585,nan,nan,nan,nan
Figure 1,0.5,29,2054,True,,0.05071953048913959,0.08559188192477869,0.8363095238095237,nan,nan,nan,nan,1.0,0.75,nan,nan,nan,nan,nan,0.875,0.6666666666666666,0.9761904761904763,0.75
Figure 2,0.5,29,2054,True,,0.28375272821397396,0.2749089468731926,0.35027781766811317,nan,nan,nan,0.4011112706724526,nan,nan,nan,1.0,0.0,0.0,nan,nan,nan,nan,nan
Correlation Analysis,0.5,29,2054,True,,0.029700350784191164,0.3086410519600387,0.8812260536398467,0.9285714285714286,nan,0.6666666666666666,0.9296661193212917,1.0,nan,nan,nan,nan,nan,nan,nan,nan,nan,nan
Variance Analysis,0.5,29,2054,True,,0.14382894164812907,0.13568076676778465,0.6865079365079364,nan,nan,nan,0.8095238095238095,nan,0.75,0.5,nan,nan,nan,nan,nan,nan,nan,nan
Logistic Regression,0.5,30,2055,True,,0.07153070062036658,0.7371183226028033,0.6488095238095238,0.75,1.0,0.3333333333333333,0.5119047619047619,nan,nan,nan,nan,nan,nan,nan,nan,nan,nan,nan
Multiple Linear Regression,0.5,30,2055,True,,0.01151728067765905,0.26245865789825157,0.7098214285714286,0.75,0.875,0.3333333333333333,0.880952380952381,nan,nan,nan,nan,nan,nan,0.006179860972889806,nan,nan,nan,nan
Figure 1,0.5,30,2055,True,,0.04701150279198893,0.07933438967736353,0.7549603174603176,nan,nan,nan,nan,0.6666666666666666,0.75,nan,nan,nan,nan,nan,1.0,0.3333333333333333,0.9464285714285715,0.8333333333333335
Figure 2,0.5,30,2055,True,,0.28294047355119106,0.27412200792341057,0.6456109430081686,nan,nan,nan,0.5824437720326742,nan,nan,nan,1.0,0.5,0.5,nan,nan,nan,nan,nan
Correlation Analysis,0.5,30,2055,True,,0.023772783869476132,0.24704277315806014,0.8637110016420361,0.8571428571428571,nan,1.0,0.9310344827586207,0.6666666666666666,nan,nan,nan,nan,nan,nan,nan,nan,nan,nan
Variance Analysis,0.5,30,2055,True,,0.14430187188815774,0.13612690463725285,0.8809523809523809,nan,nan,nan,0.8928571428571429,nan,0.75,1.0,nan,nan,nan,nan,nan,nan,nan,nan
Logistic Regression,0.5,31,2056,True,,0.08627507980404392,0.8890580066466283,0.8199404761904762,0.875,1.0,0.6666666666666666,0.7380952380952381,nan,nan,nan,nan,nan,nan,nan,nan,nan,nan,nan
Multiple Linear Regression,0.5,31,2056,True,,0.019588532218516135,0.4463883463603648,0.7738095238095238,1.0,1.0,0.3333333333333333,0.761904761904762,nan,nan,nan,nan,nan,nan,0.001500286949330354,nan,nan,nan,nan
Figure 1,0.5,31,2056,True,,0.043144690347811515,0.07280893979729874,0.8303571428571429,nan,nan,nan,nan,0.6666666666666666,1.0,nan,nan,nan,nan,nan,1.0,0.6666666666666666,0.9940476190476191,0.6547619047619048
Figure 2,0.5,31,2056,True,,0.2780531573867215,0.2693870157763131,0.5489426033183576,nan,nan,nan,0.6957704132734307,nan,nan,nan,1.0,0.5,0.0,nan,nan,nan,nan,nan
Correlation Analysis,0.5,31,2056,True,,0.022724076762710113,0.23614478521905852,0.7906746031746031,0.8928571428571429,nan,0.6666666666666666,0.9365079365079365,0.6666666666666666,nan,nan,nan,nan,nan,nan,nan,nan,nan,nan
Variance Analysis,0.5,31,2056,True,,0.14250516229923973,0.13443198196112124,0.9722222222222223,nan,nan,nan,0.9166666666666667,nan,1.0,1.0,nan,nan,nan,nan,nan,nan,nan,nan
Logistic Regression,0.5,32,2057,True,,0.09713890949265211,1.001008929084949,0.7291666666666666,0.5,1.0,0.6666666666666666,0.75,nan,nan,nan,nan,nan,nan,nan,nan,nan,nan,nan
Multiple Linear Regression,0.5,32,2057,True,,0.021942910710670976,0.5000405092736216,0.7678571428571429,1.0,1.0,0.3333333333333333,0.7380952380952381,nan,nan,nan,nan,nan,nan,0.006705406700826533,nan,nan,nan,nan
Figure 1,0.5,32,2057,True,,0.042381104052760424,0.07152034766375391,0.8214285714285715,nan,nan,nan,nan,0.5,0.875,nan,nan,nan,nan,nan,1.0,0.6666666666666666,0.9821428571428572,0.9047619047619049
Figure 2,0.5,32,2057,True,,0.2708084304035233,0.2623680867324558,0.6927866289745285,nan,nan,nan,0.7711465158981139,nan,nan,nan,1.0,0.5,0.5,nan,nan,nan,nan,nan
Correlation Analysis,0.5,32,2057,True,,0.02069194271944722,0.21502718989522446,0.7530446086480569,0.8928571428571429,nan,0.6666666666666666,0.9526546250684181,0.5,nan,nan,nan,nan,nan,nan,nan,nan,nan,nan
Variance Analysis,0.5,32,2057,True,,0.13941968842252433,0.1315213058716114,0.763888888888889,nan,nan,nan,0.9166666666666667,nan,0.875,0.5,nan,nan,nan,nan,nan,nan,nan,nan
Logistic Regression,0.5,33,2058,True,,0.06450201937407686,0.664688307442296,0.8407738095238095,0.875,1.0,0.6666666666666666,0.8214285714285714,nan,nan,nan,nan,nan,nan,nan,nan,nan,nan,nan
Multiple Linear Regression,0.5,33,2058,True,,0.0116751394355214,0.26605598255201335,0.8616071428571428,0.875,1.0,0.6666666666666666,0.9047619047619049,nan,nan,nan,nan,nan,nan,0.0022379347705546726,nan,nan,nan,nan
Figure 1,0.5,33,2058,True,,0.05350951662547157,0.09030013063389934,0.8531746031746033,nan,nan,nan,nan,1.0,0.75,nan,nan,nan,nan,nan,1.0,0.6666666666666666,0.8214285714285714,0.880952380952381
Figure 2,0.5,33,2058,True,,0.27689632113006596,0.26826623488013057,0.8308583148781996,nan,nan,nan,0.8234332595127987,nan,nan,nan,1.0,1.0,0.5,nan,nan,nan,nan,nan
Correlation Analysis,0.5,33,2058,True,,0.023209591612870274,0.24119017391444772,0.8731869184455392,0.8928571428571429,nan,0.6666666666666666,0.933223864258347,1.0,nan,nan,nan,nan,nan,nan,nan,nan,nan,nan
Variance Analysis,0.5,33,2058,True,,0.13258580075398477,0.125074570546667,0.8353174603174603,nan,nan,nan,0.7559523809523809,nan,0.75,1.0,nan,nan,nan,nan,nan,nan,nan,nan
Logistic Regression,0.5,34,2059,True,,0.0692469122414243,0.7135840604682815,0.7901785714285714,0.625,1.0,0.6666666666666666,0.8690476190476191,nan,nan,nan,nan,nan,nan,nan,nan,nan,nan,nan
Multiple Linear Regression,0.5,34,2059,True,,0.010218076432240776,0.23285206827596075,0.9598214285714286,0.875,1.0,1.0,0.9642857142857144,nan,nan,nan,nan,nan,nan,0.0006789478737403432,nan,nan,nan,nan
Figure 1,0.5,34,2059,True,,0.0419877973885825,0.07085662193057203,0.8998015873015874,nan,nan,nan,nan,0.6666666666666666,0.875,nan,nan,nan,nan,nan,1.0,1.0,0.9642857142857144,0.8928571428571429
Figure 2,0.5,34,2059,True,,0.275290153723573,0.2667101272331653,0.32445272116300766,nan,nan,nan,0.2978108846520306,nan,nan,nan,1.0,0.0,0.0,nan,nan,nan,nan,nan
Correlation Analysis,0.5,34,2059,True,,0.028787607241754148,0.29915597452258824,0.7537287903667214,0.8214285714285714,nan,0.6666666666666666,0.8601532567049808,0.6666666666666666,nan,nan,nan,nan,nan,nan,nan,nan,nan,nan
Variance Analysis,0.5,34,2059,True,,0.128389400933618,0.12111590451765253,0.6805555555555557,nan,nan,nan,0.6666666666666667,nan,0.875,0.5,nan,nan,nan,nan,nan,nan,nan,nan
Logistic Regression,0.5,35,2060,True,,0.06657044267674549,0.6860032491676331,0.8363095238095237,0.75,1.0,0.6666666666666666,0.9285714285714286,nan,nan,nan,nan,nan,nan,nan,nan,nan,nan,nan
Multiple Linear Regression,0.5,35,2060,True,,0.012048311675775775,0.27455992441843274,0.7544642857142858,0.875,1.0,0.3333333333333333,0.8095238095238095,nan,nan,nan,nan,nan,nan,0.0013462820386348495,nan,nan,nan,nan
Figure 1,0.5,35,2060,True,,0.0456652023562848,0.07706243670743727,0.871031746031746,nan,nan,nan,nan,1.0,0.75,nan,nan,nan,nan,nan,1.0,0.6666666666666666,0.9404761904761905,0.8690476190476191
Figure 2,0.5,35,2060,True,,0.28090162842113564,0.27214670791107587,0.5135573257949057,nan,nan,nan,0.5542293031796227,nan,nan,nan,1.0,0.5,0.0,nan,nan,nan,nan,nan
Correlation Analysis,0.5,35,2060,True,,0.025474149533175314,0.2647230790921002,0.8743158182813355,0.9285714285714286,nan,0.6666666666666666,0.9020251778872468,1.0,nan,nan,nan,nan,nan,nan,nan,nan,nan,nan
Variance Analysis,0.5,35,2060,True,,0.09906821768536973,0.093455820392207,0.6924603174603176,nan,nan,nan,0.8273809523809524,nan,0.75,0.5,nan,nan,nan,nan,nan,nan,nan,nan
Logistic Regression,0.5,36,2061,True,,0.06874390659394987,0.7084006262797377,0.6815476190476191,0.75,1.0,0.3333333333333333,0.6428571428571429,nan,nan,nan,nan,nan,nan,nan,nan,nan,nan,nan
Multiple Linear Regression,0.5,36,2061,True,,0.010866428174433111,0.24762686910476026,0.8422619047619047,0.75,1.0,0.6666666666666666,0.9523809523809523,nan,nan,nan,nan,nan,nan,0.0008328009099453082,nan,nan,nan,nan
Figure 1,0.5,36,2061,True,,0.05075479056704426,0.08565138516535624,0.8482142857142857,nan,nan,nan,nan,0.6666666666666666,0.875,nan,nan,nan,nan,nan,1.0,0.6666666666666666,0.9880952380952381,0.8928571428571429
Figure 2,0.5,36,2061,True,,0.27670102067333174,0.2680770213940697,0.6763496165963097,nan,nan,nan,0.7053984663852387,nan,nan,nan,1.0,0.5,0.5,nan,nan,nan,nan,nan
Correlation Analysis,0.5,36,2061,True,,0.019358933917618906,0.20117478653952836,0.7844143404488232,0.8571428571428571,nan,0.6666666666666666,0.9471811713191023,0.6666666666666666,nan,nan,nan,nan,nan,nan,nan,nan,nan,nan
Variance Analysis,0.5,36,2061,True,,0.13751699577963297,0.1297264042770318,0.9543650793650794,nan,nan,nan,0.9880952380952381,nan,0.875,1.0,nan,nan,nan,nan,nan,nan,nan,nan
Logistic Regression,0.5,37,2062,True,,0.08349092433081226,0.8603675004095118,0.8139880952380952,0.875,1.0,0.6666666666666666,0.7142857142857143,nan,nan,nan,nan,nan,nan,nan,nan,nan,nan,nan
Multiple Linear Regression,0.5,37,2062,True,,0.010715487628235324,0.2441871983798516,0.9538690476190477,0.875,1.0,1.0,0.9404761904761905,nan,nan,nan,nan,nan,nan,0.0011177055269956382,nan,nan,nan,nan
Figure 1,0.5,37,2062,True,,0.0481120090785207,0.08119155206088507,0.8938492063492064,nan,nan,nan,nan,1.0,0.875,nan,nan,nan,nan,nan,1.0,0.6666666666666666,0.880952380952381,0.9404761904761905
Figure 2,0.5,37,2062,True,,0.2888903769897838,0.2798864694621461,0.506341828617898,nan,nan,nan,0.525367314471592,nan,nan,nan,1.0,0.0,0.5,nan,nan,nan,nan,nan
Correlation Analysis,0.5,37,2062,True,,0.02432668528666152,0.252798823560443,0.8850232621784346,0.9642857142857143,nan,0.6666666666666666,0.9091406677613574,1.0,nan,nan,nan,nan,nan,nan,nan,nan,nan,nan
Variance Analysis,0.5,37,2062,True,,0.13096370734530735,0.12354437172203302,0.9027777777777778,nan,nan,nan,0.8333333333333335,nan,0.875,1.0,nan,nan,nan,nan,nan,nan,nan,nan
Logistic Regression,0.5,38,2063,True,,0.07151362586569536,0.7369423685800837,0.7425595238095237,0.875,1.0,0.6666666666666666,0.42857142857142855,nan,nan,nan,nan,nan,nan,nan,nan,nan,nan,nan
Multiple Linear Regression,0.5,38,2063,True,,0.018526245409829847,0.42218069023788773,0.9315476190476191,0.875,0.875,1.0,0.9761904761904763,nan,nan,nan,nan,nan,nan,0.0056381411536947645,nan,nan,nan,nan
Figure 1,0.5,38,2063,True,,0.0485734241545846,0.08197021433019039,0.9007936507936508,nan,nan,nan,nan,1.0,0.875,nan,nan,nan,nan,nan,1.0,0.6666666666666666,0.9702380952380953,0.8928571428571429
Figure 2,0.5,38,2063,True,,0.28164172085655625,0.27286373372891004,0.6141529151221643,nan,nan,nan,0.956611660488657,nan,nan,nan,1.0,0.5,0.0,nan,nan,nan,nan,nan
Correlation Analysis,0.5,38,2063,True,,0.029062391430080266,0.30201148560941693,0.8607348111658457,0.8928571428571429,nan,0.6666666666666666,0.8834154351395731,1.0,nan,nan,nan,nan,nan,nan,nan,nan,nan,nan
Variance Analysis,0.5,38,2063,True,,0.11786009142165428,0.1111830998140371,0.736111111111111,nan,nan,nan,0.8333333333333333,nan,0.875,0.5,nan,nan,nan,nan,nan,nan,nan,nan
Logistic Regression,0.5,39,2064,True,,0.06882818020830313,0.7092690593401302,0.9166666666666667,0.75,1.0,1.0,0.9166666666666667,nan,nan,nan,nan,nan,nan,nan,nan,nan,nan,nan
Multiple Linear Regression,0.5,39,2064,True,,0.01312549890824169,0.2991071351056346,0.8794642857142857,0.875,1.0,0.6666666666666666,0.9761904761904763,nan,nan,nan,nan,nan,nan,0.003011845504396926,nan,nan,nan,nan
Figure 1,0.5,39,2064,True,,0.040331114269841546,0.06806088181786704,0.9642857142857143,nan,nan,nan,nan,1.0,0.875,nan,nan,nan,nan,nan,1.0,1.0,0.9702380952380953,0.9404761904761905
Figure 2,0.5,39,2064,True,,0.2735894776742794,0.26506245651427374,0.3525345427391145,nan,nan,nan,0.41013817095645805,nan,nan,nan,1.0,0.0,0.0,nan,nan,nan,nan,nan
Correlation Analysis,0.5,39,2064,True,,0.028254877064113202,0.293619932082124,0.86873973727422,0.8928571428571429,nan,0.6666666666666666,0.9154351395730707,1.0,nan,nan,nan,nan,nan,nan,nan,nan,nan,nan
Variance Analysis,0.5,39,2064,True,,0.08628975178886746,0.08140127816248621,0.7361111111111112,nan,nan,nan,0.8333333333333334,nan,0.875,0.5,nan,nan,nan,nan,nan,nan,nan,nan
Logistic Regression,0.5,40,2065,True,,0.058555002555900314,0.6034047603291446,0.8214285714285714,0.75,1.0,0.6666666666666666,0.8690476190476191,nan,nan,nan,nan,nan,nan,nan,nan,nan,nan,nan
Multiple Linear Regression,0.5,40,2065,True,,0.009795136757260873,0.22321401372351146,0.8735119047619047,0.875,1.0,0.6666666666666666,0.9523809523809523,nan,nan,nan,nan,nan,nan,0.0006808081251425957,nan,nan,nan,nan
Figure 1,0.5,40,2065,True,,0.04094395798371349,0.0690950878976592,0.8373015873015873,nan,nan,nan,nan,0.6666666666666666,0.875,nan,nan,nan,nan,nan,1.0,0.6666666666666666,0.9583333333333334,0.8571428571428572
Figure 2,0.5,40,2065,True,,0.26990297404128316,0.26149085092031105,0.5288841593354242,nan,nan,nan,0.6155366373416968,nan,nan,nan,1.0,0.5,0.0,nan,nan,nan,nan,nan
Correlation Analysis,0.5,40,2065,True,,0.01874559856021798,0.19480110862279246,0.8889573070607554,0.9285714285714286,nan,1.0,0.9605911330049262,0.6666666666666666,nan,nan,nan,nan,nan,nan,nan,nan,nan,nan
Variance Analysis,0.5,40,2065,True,,0.13253531653365125,0.1250269463505488,0.7440476190476191,nan,nan,nan,0.8571428571428572,nan,0.875,0.5,nan,nan,nan,nan,nan,nan,nan,nan
Logistic Regression,0.5,41,2066,True,,0.08118119055254619,0.8365658729470545,0.6666666666666667,0.75,1.0,0.3333333333333333,0.5833333333333334,nan,nan,nan,nan,nan,nan,nan,nan,nan,nan,nan
Multiple Linear Regression,0.5,41,2066,True,,0.008491907470847652,0.19351570046548708,0.7752976190476191,0.875,1.0,0.3333333333333333,0.8928571428571429,nan,nan,nan,nan,nan,nan,0.0002698903649503981,nan,nan,nan,nan
Figure 1,0.5,41,2066,True,,0.039352014291254185,0.06640859898023813,0.8869047619047619,nan,nan,nan,nan,1.0,0.75,nan,nan,nan,nan,nan,1.0,0.6666666666666666,0.9761904761904763,0.9285714285714286
Figure 2,0.5,41,2066,True,,0.28143816259633564,0.2726665198120719,0.5747320664558178,nan,nan,nan,0.7989282658232709,nan,nan,nan,1.0,0.5,0.0,nan,nan,nan,nan,nan
Correlation Analysis,0.5,41,2066,True,,0.027205162924504152,0.2827114792271256,0.9382183908045977,0.8571428571428571,nan,1.0,0.8957307060755336,1.0,nan,nan,nan,nan,nan,nan,nan,nan,nan,nan
Variance Analysis,0.5,41,2066,True,,0.08790968672083622,0.08292944079209912,0.7202380952380952,nan,nan,nan,0.9107142857142857,nan,0.75,0.5,nan,nan,nan,nan,nan,nan,nan,nan
Logistic Regression,0.5,42,2067,True,,0.09198559403308106,0.9479044129197519,0.7380952380952381,0.5,1.0,0.6666666666666666,0.7857142857142858,nan,nan,nan,nan,nan,nan,nan,nan,nan,nan,nan
Multiple Linear Regression,0.5,42,2067,True,,0.00930913287060134,0.21213883622319885,0.8988095238095237,1.0,1.0,0.6666666666666666,0.9285714285714286,nan,nan,nan,nan,nan,nan,0.0016943791111643236,nan,nan,nan,nan
Figure 1,0.5,42,2067,True,,0.042507541951180325,0.0717337182838682,0.8125,nan,nan,nan,nan,0.6666666666666666,0.75,nan,nan,nan,nan,nan,1.0,0.6666666666666666,0.9107142857142858,0.880952380952381
Figure 2,0.5,42,2067,True,,0.2724478647510496,0.2639564244826618,0.484145428455255,nan,nan,nan,0.43658171382101985,nan,nan,nan,1.0,0.0,0.5,nan,nan,nan,nan,nan
Correlation Analysis,0.5,42,2067,True,,0.02807650397452579,0.2917663089242142,0.7900930487137384,0.9285714285714286,nan,0.6666666666666666,0.8984674329501916,0.6666666666666666,nan,nan,nan,nan,nan,nan,nan,nan,nan,nan
Variance Analysis,0.5,42,2067,True,,0.10603022283531277,0.1000234151068819,0.6944444444444445,nan,nan,nan,0.8333333333333334,nan,0.75,0.5,nan,nan,nan,nan,nan,nan,nan,nan
Logistic Regression,0.5,43,2068,True,,0.060921868620383686,0.627795131570395,0.8675595238095237,0.875,1.0,0.6666666666666666,0.9285714285714286,nan,nan,nan,nan,nan,nan,nan,nan,nan,nan,nan
Multiple Linear Regression,0.5,43,2068,True,,0.010399047129212058,0.23697607354902214,0.9627976190476191,0.875,1.0,1.0,0.9761904761904763,nan,nan,nan,nan,nan,nan,0.002009893296496479,nan,nan,nan,nan
Figure 1,0.5,43,2068,True,,0.055943506599996376,0.09440761704981226,0.8402777777777778,nan,nan,nan,nan,0.6666666666666666,0.875,nan,nan,nan,nan,nan,1.0,0.6666666666666666,0.9166666666666667,0.9166666666666667
Figure 2,0.5,43,2068,True,,0.27474168965476703,0.2661787572600825,0.5523200860976586,nan,nan,nan,0.7092803443906345,nan,nan,nan,1.0,0.5,0.0,nan,nan,nan,nan,nan
Correlation Analysis,0.5,43,2068,True,,0.026059578548841656,0.27080675899730067,0.8757868089764641,0.8928571428571429,nan,1.0,0.9436234263820471,0.6666666666666666,nan,nan,nan,nan,nan,nan,nan,nan,nan,nan
Variance Analysis,0.5,43,2068,True,,0.1543074053804291,0.14556560619895478,0.7341269841269842,nan,nan,nan,0.8273809523809524,nan,0.875,0.5,nan,nan,nan,nan,nan,nan,nan,nan
Logistic Regression,0.5,44,2069,True,,0.12128725902785231,1.2498557983122411,0.6919642857142858,0.875,1.0,0.3333333333333333,0.5595238095238095,nan,nan,nan,nan,nan,nan,nan,nan,nan,nan,nan
Multiple Linear Regression,0.5,44,2069,True,,0.01642878169722844,0.3743831652485479,0.7455357142857143,0.875,1.0,0.3333333333333333,0.7738095238095238,nan,nan,nan,nan,nan,nan,0.0008430690936425123,nan,nan,nan,nan
Figure 1,0.5,44,2069,True,,0.0469932194350663,0.07930353554855321,0.8948412698412698,nan,nan,nan,nan,1.0,0.875,nan,nan,nan,nan,nan,1.0,0.6666666666666666,0.9702380952380952,0.8571428571428572
Figure 2,0.5,44,2069,True,,0.28643834520719536,0.27751086067313496,0.6963455719513527,nan,nan,nan,0.7853822878054106,nan,nan,nan,1.0,0.5,0.5,nan,nan,nan,nan,nan
Correlation Analysis,0.5,44,2069,True,,0.024511145127925963,0.25471569921844167,0.9500889436234263,0.8928571428571429,nan,1.0,0.9074986316365627,1.0,nan,nan,nan,nan,nan,nan,nan,nan,nan,nan
Variance Analysis,0.5,44,2069,True,,0.10262528290103638,0.09681137130132365,0.7678571428571429,nan,nan,nan,0.9285714285714286,nan,0.875,0.5,nan,nan,nan,nan,nan,nan,nan,nan
Logistic Regression,0.5,45,2070,True,,0.06932471856490402,0.7143858485977679,0.8288690476190476,0.875,1.0,0.6666666666666666,0.7738095238095238,nan,nan,nan,nan,nan,nan,nan,nan,nan,nan,nan
Multiple Linear Regression,0.5,45,2070,True,,0.015704775323518393,0.35788432785177254,0.7633928571428572,1.0,0.875,0.3333333333333333,0.8452380952380953,nan,nan,nan,nan,nan,nan,0.004713286749910228,nan,nan,nan,nan
Figure 1,0.5,45,2070,True,,0.04685652051443934,0.07907284891244462,0.7559523809523809,nan,nan,nan,nan,0.6666666666666666,0.875,nan,nan,nan,nan,nan,1.0,0.3333333333333333,0.9583333333333334,0.7023809523809524
Figure 2,0.5,45,2070,True,,0.2743450058051029,0.26579443693992494,0.8018368339216982,nan,nan,nan,0.7073473356867929,nan,nan,nan,1.0,0.5,1.0,nan,nan,nan,nan,nan
Correlation Analysis,0.5,45,2070,True,,0.025268236870776277,0.2625832693236392,0.8017583470169677,0.9642857142857143,nan,0.6666666666666666,0.9094143404488232,0.6666666666666666,nan,nan,nan,nan,nan,nan,nan,nan,nan,nan
Variance Analysis,0.5,45,2070,True,,0.09515625789989397,0.08976548034537127,0.7559523809523809,nan,nan,nan,0.8928571428571429,nan,0.875,0.5,nan,nan,nan,nan,nan,nan,nan,nan
Logistic Regression,0.5,46,2071,True,,0.06124247394940717,0.6310989446226613,0.8556547619047619,0.875,1.0,0.6666666666666666,0.880952380952381,nan,nan,nan,nan,nan,nan,nan,nan,nan,nan,nan
Multiple Linear Regression,0.5,46,2071,True,,0.010133464198678438,0.23092390364369458,0.9657738095238095,0.875,1.0,1.0,0.9880952380952381,nan,nan,nan,nan,nan,nan,0.003256960550508059,nan,nan,nan,nan
Figure 1,0.5,46,2071,True,,0.06792559924087457,0.11462803014589582,0.8412698412698413,nan,nan,nan,nan,1.0,0.625,nan,nan,nan,nan,nan,1.0,0.6666666666666666,0.886904761904762,0.8690476190476191
Figure 2,0.5,46,2071,True,,0.2787440574132107,0.27005638237543733,0.7990458044482089,nan,nan,nan,0.6961832177928355,nan,nan,nan,1.0,1.0,0.5,nan,nan,nan,nan,nan
Correlation Analysis,0.5,46,2071,True,,0.026597109891121355,0.2763926943334922,0.8585112205801861,0.8571428571428571,nan,0.6666666666666666,0.9102353585112206,1.0,nan,nan,nan,nan,nan,nan,nan,nan,nan,nan
Variance Analysis,0.5,46,2071,True,,0.13364291436288048,0.12607179671945307,0.6746031746031745,nan,nan,nan,0.898809523809524,nan,0.625,0.5,nan,nan,nan,nan,nan,nan,nan,nan
Logistic Regression,0.5,47,2072,True,,0.08513346809830831,0.8772937865523549,0.8184523809523809,0.75,1.0,0.6666666666666666,0.8571428571428572,nan,nan,nan,nan,nan,nan,nan,nan,nan,nan,nan
Multiple Linear Regression,0.5,47,2072,True,,0.016950038341331793,0.3862616913573446,0.9627976190476191,0.875,1.0,1.0,0.9761904761904763,nan,nan,nan,nan,nan,nan,0.004594670335474005,nan,nan,nan,nan
Figure 1,0.5,47,2072,True,,0.03975396458200101,0.06708691128899658,0.9057539682539683,nan,nan,nan,nan,1.0,0.875,nan,nan,nan,nan,nan,1.0,0.6666666666666666,0.9761904761904763,0.9166666666666667
Figure 2,0.5,47,2072,True,,0.2714642609435319,0.26300347686320746,0.33113806360471687,nan,nan,nan,0.3245522544188675,nan,nan,nan,1.0,0.0,0.0,nan,nan,nan,nan,nan
Correlation Analysis,0.5,47,2072,True,,0.023868647379847736,0.24803897064073177,0.8651477832512315,0.8571428571428571,nan,0.6666666666666666,0.9367816091954023,1.0,nan,nan,nan,nan,nan,nan,nan,nan,nan,nan
Variance Analysis,0.5,47,2072,True,,0.08178418603642101,0.07715096102179442,0.9126984126984127,nan,nan,nan,0.8630952380952381,nan,0.875,1.0,nan,nan,nan,nan,nan,nan,nan,nan
Logistic Regression,0.5,48,2073,True,,0.04999995024869243,0.515245609757749,0.9523809523809523,1.0,1.0,1.0,0.8095238095238095,nan,nan,nan,nan,nan,nan,nan,nan,nan,nan,nan
Multiple Linear Regression,0.5,48,2073,True,,0.011131763190722576,0.2536733894786041,0.8898809523809523,1.0,1.0,0.6666666666666666,0.8928571428571429,nan,nan,nan,nan,nan,nan,0.0013801036589913274,nan,nan,nan,nan
Figure 1,0.5,48,2073,True,,0.04347253152489641,0.07336218906929545,0.8938492063492062,nan,nan,nan,nan,1.0,0.875,nan,nan,nan,nan,nan,1.0,0.6666666666666666,0.9761904761904763,0.8452380952380953
Figure 2,0.5,48,2073,True,,0.27088343002164095,0.26244074882160073,0.6282093510372694,nan,nan,nan,0.5128374041490774,nan,nan,nan,1.0,0.5,0.5,nan,nan,nan,nan,nan
Correlation Analysis,0.5,48,2073,True,,0.023147162697595078,0.24054142312280669,0.8967911877394636,0.9642857142857143,nan,0.6666666666666666,0.9562123700054734,1.0,nan,nan,nan,nan,nan,nan,nan,nan,nan,nan
Variance Analysis,0.5,48,2073,True,,0.14467598963734105,0.1364798279257716,0.9305555555555557,nan,nan,nan,0.9166666666666667,nan,0.875,1.0,nan,nan,nan,nan,nan,nan,nan,nan
Logistic Regression,0.5,49,2074,True,,0.10091884978857801,1.0399609206956437,0.7113095238095238,1.0,1.0,0.3333333333333333,0.5119047619047619,nan,nan,nan,nan,nan,nan,nan,nan,nan,nan,nan
Multiple Linear Regression,0.5,49,2074,True,,0.009839939625273587,0.22423499262796923,0.8467261904761905,0.875,1.0,0.6666666666666666,0.8452380952380953,nan,nan,nan,nan,nan,nan,0.0020052583207760266,nan,nan,nan,nan
Figure 1,0.5,49,2074,True,,0.04082647862758524,0.06889683529000776,0.8859126984126985,nan,nan,nan,nan,0.6666666666666666,0.875,nan,nan,nan,nan,nan,1.0,1.0,0.9642857142857144,0.8095238095238095
Figure 2,0.5,49,2074,True,,0.2713865493201795,0.26292818729446904,0.47938905699183143,nan,nan,nan,0.41755622796732583,nan,nan,nan,1.0,0.0,0.5,nan,nan,nan,nan,nan
Correlation Analysis,0.5,49,2074,True,,0.02293365253924753,0.2383226614537823,0.8730842911877394,0.9285714285714286,nan,1.0,0.8970990695128627,0.6666666666666666,nan,nan,nan,nan,nan,nan,nan,nan,nan,nan
Variance Analysis,0.5,49,2074,True,,0.08527791470196003,0.08044676351319159,0.9325396825396824,nan,nan,nan,0.9226190476190477,nan,0.875,1.0,nan,nan,nan,nan,nan,nan,nan,nan
Logistic Regression,0.5,50,2075,True,,0.08441383650368707,0.8698780387780607,0.7232142857142857,0.5,1.0,0.6666666666666666,0.7261904761904762,nan,nan,nan,nan,nan,nan,nan,nan,nan,nan,nan
Multiple Linear Regression,0.5,50,2075,True,,0.01519290085295433,0.3462196050481317,0.9255952380952381,0.75,1.0,1.0,0.9523809523809523,nan,nan,nan,nan,nan,nan,0.005664384052980753,nan,nan,nan,nan
Figure 1,0.5,50,2075,True,,0.04777368872782506,0.08062061863089816,0.7976190476190476,nan,nan,nan,nan,0.5,0.75,nan,nan,nan,nan,nan,1.0,0.6666666666666666,0.9642857142857144,0.9047619047619049
Figure 2,0.5,50,2075,True,,0.2941926376083871,0.2850234734017461,0.43023988520312184,nan,nan,nan,0.22095954081248742,nan,nan,nan,1.0,0.0,0.5,nan,nan,nan,nan,nan
Correlation Analysis,0.5,50,2075,True,,0.022187118886377675,0.23056480924457656,0.8443144499178983,0.9642857142857143,nan,1.0,0.9129720853858785,0.5,nan,nan,nan,nan,nan,nan,nan,nan,nan,nan
Variance Analysis,0.5,50,2075,True,,0.14533928355738096,0.13710554502159503,0.878968253968254,nan,nan,nan,0.886904761904762,nan,0.75,1.0,nan,nan,nan,nan,nan,nan,nan,nan
Logistic Regression,0.75,1,2026,True,,0.13256529111240845,1.3660750443189218,0.65625,0.875,1.0,0.3333333333333333,0.41666666666666663,nan,nan,nan,nan,nan,nan,nan,nan,nan,nan,nan
Multiple Linear Regression,0.75,1,2026,True,,0.013747602831042463,0.3132837940949608,0.9910714285714286,1.0,1.0,1.0,0.9642857142857144,nan,nan,nan,nan,nan,nan,0.0035052296621351786,nan,nan,nan,nan
Figure 1,0.75,1,2026,True,,0.0634136973995789,0.10701395789538348,0.8660714285714285,nan,nan,nan,nan,1.0,0.75,nan,nan,nan,nan,nan,0.875,1.0,0.7738095238095238,0.7976190476190477
Figure 2,0.75,1,2026,True,,0.41589236589353884,0.40293016049585506,0.3925447745581132,nan,nan,nan,0.5701790982324529,nan,nan,nan,1.0,0.0,0.0,nan,nan,nan,nan,nan
Correlation Analysis,0.75,1,2026,True,,0.030615288457685588,0.31814893043854797,0.8535509031198687,0.8928571428571429,nan,0.6666666666666666,0.854679802955665,1.0,nan,nan,nan,nan,nan,nan,nan,nan,nan,nan
Variance Analysis,0.75,1,2026,True,,0.24654413124810268,0.23257695138769063,0.7976190476190476,nan,nan,nan,0.6428571428571428,nan,0.75,1.0,nan,nan,nan,nan,nan,nan,nan,nan
Logistic Regression,0.75,2,2027,True,,0.04079342419390713,0.42037307274012453,0.8199404761904762,0.875,1.0,0.6666666666666666,0.7380952380952381,nan,nan,nan,nan,nan,nan,nan,nan,nan,nan,nan
Multiple Linear Regression,0.75,2,2027,True,,0.016696613647370365,0.3804865863723274,0.7857142857142858,1.0,1.0,0.3333333333333333,0.8095238095238095,nan,nan,nan,nan,nan,nan,0.007598061128285649,nan,nan,nan,nan
Figure 1,0.75,2,2027,True,,0.06224058859595217,0.10503427493624336,0.8442460317460316,nan,nan,nan,nan,1.0,0.625,nan,nan,nan,nan,nan,1.0,0.6666666666666666,0.9404761904761906,0.8333333333333335
Figure 2,0.75,2,2027,True,,0.39967180087095733,0.38721514525665907,0.34916719139026237,nan,nan,nan,0.3966687655610495,nan,nan,nan,1.0,0.0,0.0,nan,nan,nan,nan,nan
Correlation Analysis,0.75,2,2027,True,,0.02370011204632656,0.2462875797898836,0.9555966064586754,0.9285714285714286,nan,1.0,0.8938149972632732,1.0,nan,nan,nan,nan,nan,nan,nan,nan,nan,nan
Variance Analysis,0.75,2,2027,True,,0.19617589222547877,0.18506216602514702,0.6686507936507936,nan,nan,nan,0.880952380952381,nan,0.625,0.5,nan,nan,nan,nan,nan,nan,nan,nan
Logistic Regression,0.75,3,2028,True,,0.07765928177858997,0.8002728761596088,0.7991071428571428,0.625,1.0,0.6666666666666666,0.9047619047619049,nan,nan,nan,nan,nan,nan,nan,nan,nan,nan,nan
Multiple Linear Regression,0.75,3,2028,True,,0.015638766166256705,0.35638009475120197,0.8675595238095237,1.0,0.875,0.6666666666666666,0.9285714285714286,nan,nan,nan,nan,nan,nan,0.008847865012259981,nan,nan,nan,nan
Figure 1,0.75,3,2028,True,,0.10321235124322131,0.17417628466967397,0.6974206349206349,nan,nan,nan,nan,0.6666666666666666,0.5,nan,nan,nan,nan,nan,0.875,0.6666666666666666,0.761904761904762,0.7142857142857143
Figure 2,0.75,3,2028,True,,0.40340314423319606,0.3908301930505319,0.47191817842389316,nan,nan,nan,0.38767271369557255,nan,nan,nan,1.0,0.5,0.0,nan,nan,nan,nan,nan
Correlation Analysis,0.75,3,2028,True,,0.03446100125212662,0.35811293123561083,0.7770251778872468,0.8571428571428571,nan,0.6666666666666666,0.9176245210727969,0.6666666666666666,nan,nan,nan,nan,nan,nan,nan,nan,nan,nan
Variance Analysis,0.75,3,2028,True,,0.20829456265321408,0.19649429141659874,0.5674603174603176,nan,nan,nan,0.7023809523809524,nan,0.5,0.5,nan,nan,nan,nan,nan,nan,nan,nan
Logistic Regression,0.75,4,2029,True,,0.0944749041759456,0.9735565608930381,0.6800595238095238,0.875,1.0,0.3333333333333333,0.5119047619047619,nan,nan,nan,nan,nan,nan,nan,nan,nan,nan,nan
Multiple Linear Regression,0.75,4,2029,True,,0.019404678192128315,0.4421986350591078,0.8377976190476191,0.875,1.0,0.6666666666666666,0.8095238095238095,nan,nan,nan,nan,nan,nan,0.010544479562248354,nan,nan,nan,nan
Figure 1,0.75,4,2029,True,,0.041270392925758945,0.06964596407388206,0.746031746031746,nan,nan,nan,nan,0.5,1.0,nan,nan,nan,nan,nan,1.0,0.3333333333333333,0.9642857142857143,0.6785714285714286
Figure 2,0.75,4,2029,True,,0.4148173064714803,0.4018886076783562,0.6058602459366037,nan,nan,nan,0.4234409837464149,nan,nan,nan,1.0,0.5,0.5,nan,nan,nan,nan,nan
Correlation Analysis,0.75,4,2029,True,,0.03787462151582976,0.39358669909906113,0.8305623973727422,0.8928571428571429,nan,1.0,0.9293924466338259,0.5,nan,nan,nan,nan,nan,nan,nan,nan,nan,nan
Variance Analysis,0.75,4,2029,True,,0.24612200837947137,0.2321787425583006,0.9861111111111112,nan,nan,nan,0.9583333333333334,nan,1.0,1.0,nan,nan,nan,nan,nan,nan,nan,nan
Logistic Regression,0.75,5,2030,True,,0.06986277668450505,0.7199304957932157,0.8020833333333333,0.875,1.0,0.6666666666666666,0.6666666666666667,nan,nan,nan,nan,nan,nan,nan,nan,nan,nan,nan
Multiple Linear Regression,0.75,5,2030,True,,0.0172119272151636,0.3922296801793684,0.7961309523809523,0.625,1.0,0.6666666666666666,0.8928571428571429,nan,nan,nan,nan,nan,nan,0.006626706009186245,nan,nan,nan,nan
Figure 1,0.75,5,2030,True,,0.0818804096053796,0.13817750841358498,0.7202380952380953,nan,nan,nan,nan,1.0,0.5,nan,nan,nan,nan,nan,1.0,0.3333333333333333,0.8095238095238095,0.6785714285714286
Figure 2,0.75,5,2030,True,,0.3974162292967843,0.385029873559164,0.4749744666593167,nan,nan,nan,0.39989786663726673,nan,nan,nan,1.0,0.0,0.5,nan,nan,nan,nan,nan
Correlation Analysis,0.75,5,2030,True,,0.039706031269221925,0.4126184013494501,0.9217296113847838,0.8571428571428571,nan,1.0,0.8297755883962781,1.0,nan,nan,nan,nan,nan,nan,nan,nan,nan,nan
Variance Analysis,0.75,5,2030,True,,0.21854678748875844,0.20616570880188043,0.6011904761904762,nan,nan,nan,0.8035714285714286,nan,0.5,0.5,nan,nan,nan,nan,nan,nan,nan,nan
Logistic Regression,0.75,6,2031,True,,0.07535240633897237,0.7765007036552566,0.8705357142857143,0.625,1.0,1.0,0.8571428571428572,nan,nan,nan,nan,nan,nan,nan,nan,nan,nan,nan
Multiple Linear Regression,0.75,6,2031,True,,0.02385520916262736,0.5436184422291802,0.9211309523809523,0.875,1.0,1.0,0.8095238095238095,nan,nan,nan,nan,nan,nan,0.006297452271485149,nan,nan,nan,nan
Figure 1,0.75,6,2031,True,,0.07529525684374713,0.1270647159213326,0.8442460317460317,nan,nan,nan,nan,1.0,0.625,nan,nan,nan,nan,nan,0.75,1.0,0.7619047619047619,0.9285714285714286
Figure 2,0.75,6,2031,True,,0.4040106306337157,0.39141874579382296,0.5885213625432077,nan,nan,nan,0.854085450172831,nan,nan,nan,1.0,0.5,0.0,nan,nan,nan,nan,nan
Correlation Analysis,0.75,6,2031,True,,0.029083087558976588,0.3022265563013584,0.8593322386425835,0.8571428571428571,nan,0.6666666666666666,0.9135194307608101,1.0,nan,nan,nan,nan,nan,nan,nan,nan,nan,nan
Variance Analysis,0.75,6,2031,True,,0.2330646153413531,0.2198610749241018,0.626984126984127,nan,nan,nan,0.7559523809523809,nan,0.625,0.5,nan,nan,nan,nan,nan,nan,nan,nan
Logistic Regression,0.75,7,2032,True,,0.13568732346554466,1.3982473456007047,0.5982142857142857,1.0,1.0,0.0,0.39285714285714285,nan,nan,nan,nan,nan,nan,nan,nan,nan,nan,nan
Multiple Linear Regression,0.75,7,2032,True,,0.016794640810100868,0.3827204537484804,0.6860119047619048,0.625,1.0,0.3333333333333333,0.7857142857142858,nan,nan,nan,nan,nan,nan,0.0002870809513698669,nan,nan,nan,nan
Figure 1,0.75,7,2032,True,,0.07607390029502695,0.128378717799913,0.7162698412698413,nan,nan,nan,nan,0.6666666666666666,0.875,nan,nan,nan,nan,nan,1.0,0.3333333333333333,0.9226190476190477,0.5
Figure 2,0.75,7,2032,True,,0.4245360034493679,0.41130439997042556,0.5508583419504209,nan,nan,nan,0.7034333678016838,nan,nan,nan,1.0,0.5,0.0,nan,nan,nan,nan,nan
Correlation Analysis,0.75,7,2032,True,,0.03465248445807727,0.36010279251862115,0.8810892172961139,0.9285714285714286,nan,1.0,0.9291187739463602,0.6666666666666666,nan,nan,nan,nan,nan,nan,nan,nan,nan,nan
Variance Analysis,0.75,7,2032,True,,0.22372892248536363,0.21105426629091284,0.7123015873015873,nan,nan,nan,0.761904761904762,nan,0.875,0.5,nan,nan,nan,nan,nan,nan,nan,nan
Logistic Regression,0.75,8,2033,True,,0.058012694853297506,0.5978163215104237,0.8288690476190476,0.875,1.0,0.6666666666666666,0.7738095238095238,nan,nan,nan,nan,nan,nan,nan,nan,nan,nan,nan
Multiple Linear Regression,0.75,8,2033,True,,0.011799419573725376,0.2688881092657174,0.7663690476190477,0.875,1.0,0.3333333333333333,0.8571428571428572,nan,nan,nan,nan,nan,nan,0.0007679323539075966,nan,nan,nan,nan
Figure 1,0.75,8,2033,True,,0.060507078889248694,0.1021088859056136,0.8472222222222223,nan,nan,nan,nan,0.6666666666666666,0.75,nan,nan,nan,nan,nan,0.875,1.0,0.886904761904762,0.9047619047619049
Figure 2,0.75,8,2033,True,,0.4135616648758944,0.4006721009301556,0.5231272028266039,nan,nan,nan,0.5925088113064153,nan,nan,nan,1.0,0.0,0.5,nan,nan,nan,nan,nan
Correlation Analysis,0.75,8,2033,True,,0.03873641919199532,0.4025423556595227,0.7845169677066228,0.8928571428571429,nan,0.6666666666666666,0.9118773946360154,0.6666666666666666,nan,nan,nan,nan,nan,nan,nan,nan,nan,nan
Variance Analysis,0.75,8,2033,True,,0.22644690634551437,0.21361827135124287,0.6468253968253969,nan,nan,nan,0.6904761904761905,nan,0.75,0.5,nan,nan,nan,nan,nan,nan,nan,nan
Logistic Regression,0.75,9,2034,True,,0.11241868955671616,1.15846587768019,0.6845238095238095,0.75,1.0,0.3333333333333333,0.6547619047619048,nan,nan,nan,nan,nan,nan,nan,nan,nan,nan,nan
Multiple Linear Regression,0.75,9,2034,True,,0.024166923925953994,0.550721875819062,0.6860119047619048,0.75,0.875,0.3333333333333333,0.7857142857142858,nan,nan,nan,nan,nan,nan,0.004252969931595074,nan,nan,nan,nan
Figure 1,0.75,9,2034,True,,0.06948793769738247,0.11726455866669112,0.6299603174603176,nan,nan,nan,nan,0.6666666666666666,0.75,nan,nan,nan,nan,nan,0.75,0.3333333333333333,0.7797619047619049,0.5
Figure 2,0.75,9,2034,True,,0.41596188598074246,0.40299751383578586,0.669930914521771,nan,nan,nan,0.6797236580870839,nan,nan,nan,1.0,0.5,0.5,nan,nan,nan,nan,nan
Correlation Analysis,0.75,9,2034,True,,0.025906624035633784,0.2692172814116136,0.8713738368910783,0.9285714285714286,nan,1.0,0.8902572523262178,0.6666666666666666,nan,nan,nan,nan,nan,nan,nan,nan,nan,nan
Variance Analysis,0.75,9,2034,True,,0.1923823997837458,0.18148358192848224,0.8392857142857143,nan,nan,nan,0.7678571428571429,nan,0.75,1.0,nan,nan,nan,nan,nan,nan,nan,nan
Logistic Regression,0.75,10,2035,True,,0.12002957630792074,1.2368954754181225,0.6383928571428571,0.625,1.0,0.3333333333333333,0.5952380952380952,nan,nan,nan,nan,nan,nan,nan,nan,nan,nan,nan
Multiple Linear Regression,0.75,10,2035,True,,0.015000982902113836,0.3418461310299213,0.9627976190476191,0.875,1.0,1.0,0.9761904761904763,nan,nan,nan,nan,nan,nan,0.0007697884552330114,nan,nan,nan,nan
Figure 1,0.75,10,2035,True,,0.08038053974672937,0.135646398945377,0.8353174603174603,nan,nan,nan,nan,1.0,0.75,nan,nan,nan,nan,nan,0.875,0.6666666666666666,0.8392857142857142,0.880952380952381
Figure 2,0.75,10,2035,True,,0.39594958120068796,0.3836089367947168,0.6529121413424529,nan,nan,nan,0.6116485653698116,nan,nan,nan,1.0,0.5,0.5,nan,nan,nan,nan,nan
Correlation Analysis,0.75,10,2035,True,,0.03329730676451898,0.3460200137672253,0.8544061302681992,0.8571428571428571,nan,0.6666666666666666,0.8938149972632732,1.0,nan,nan,nan,nan,nan,nan,nan,nan,nan,nan
Variance Analysis,0.75,10,2035,True,,0.23412390882509104,0.22086035747779886,0.6904761904761904,nan,nan,nan,0.8214285714285714,nan,0.75,0.5,nan,nan,nan,nan,nan,nan,nan,nan
Logistic Regression,0.75,11,2036,True,,0.0926062964231385,0.9543007029130928,0.6830357142857143,0.875,1.0,0.3333333333333333,0.5238095238095238,nan,nan,nan,nan,nan,nan,nan,nan,nan,nan,nan
Multiple Linear Regression,0.75,11,2036,True,,0.01474272609292902,0.3359609106008305,0.8422619047619047,0.875,0.875,0.6666666666666666,0.9523809523809523,nan,nan,nan,nan,nan,nan,0.0072176074010907865,nan,nan,nan,nan
Figure 1,0.75,11,2036,True,,0.07407174699537747,0.12499997854175683,0.8402777777777778,nan,nan,nan,nan,1.0,0.75,nan,nan,nan,nan,nan,0.875,0.6666666666666666,0.8452380952380953,0.9047619047619049
Figure 2,0.75,11,2036,True,,0.40068350005138104,0.38819531259458523,0.6233753898596561,nan,nan,nan,0.49350155943862456,nan,nan,nan,1.0,0.5,0.5,nan,nan,nan,nan,nan
Correlation Analysis,0.75,11,2036,True,,0.03080058762242701,0.3200745282050077,0.8389778325123153,0.8214285714285714,nan,0.6666666666666666,0.867816091954023,1.0,nan,nan,nan,nan,nan,nan,nan,nan,nan,nan
Variance Analysis,0.75,11,2036,True,,0.22244443793076454,0.209842550155952,0.6944444444444445,nan,nan,nan,0.8333333333333334,nan,0.75,0.5,nan,nan,nan,nan,nan,nan,nan,nan
Logistic Regression,0.75,12,2037,True,,0.08477204522016794,0.8735693518218883,0.7946428571428571,0.75,1.0,0.6666666666666666,0.761904761904762,nan,nan,nan,nan,nan,nan,nan,nan,nan,nan,nan
Multiple Linear Regression,0.75,12,2037,True,,0.014810038553110267,0.33749484369262955,0.8422619047619047,0.875,0.875,0.6666666666666666,0.9523809523809523,nan,nan,nan,nan,nan,nan,0.0024994687989282616,nan,nan,nan,nan
Figure 1,0.75,12,2037,True,,0.0709962601887384,0.11980993239826124,0.8819444444444443,nan,nan,nan,nan,1.0,0.875,nan,nan,nan,nan,nan,1.0,0.6666666666666666,0.9761904761904763,0.7738095238095238
Figure 2,0.75,12,2037,True,,0.40757279106682737,0.3948698836187309,0.4895696091288746,nan,nan,nan,0.4582784365154984,nan,nan,nan,1.0,0.5,0.0,nan,nan,nan,nan,nan
Correlation Analysis,0.75,12,2037,True,,0.041854830462050435,0.4349483612931718,0.8197523262178434,0.8214285714285714,nan,0.6666666666666666,0.7909140667761356,1.0,nan,nan,nan,nan,nan,nan,nan,nan,nan,nan
Variance Analysis,0.75,12,2037,True,,0.1479209610699904,0.1395409657404303,0.6865079365079364,nan,nan,nan,0.6845238095238095,nan,0.875,0.5,nan,nan,nan,nan,nan,nan,nan,nan
Logistic Regression,0.75,13,2038,True,,0.09252720604944643,0.9534856827457476,0.6860119047619048,0.375,1.0,0.6666666666666666,0.7023809523809524,nan,nan,nan,nan,nan,nan,nan,nan,nan,nan,nan
Multiple Linear Regression,0.75,13,2038,True,,0.016893539201783873,0.3849741749067889,0.8616071428571428,0.875,1.0,0.6666666666666666,0.9047619047619049,nan,nan,nan,nan,nan,nan,0.0062539221778160625,nan,nan,nan,nan
Figure 1,0.75,13,2038,True,,0.06294452196841918,0.10622219961768357,0.8224206349206349,nan,nan,nan,nan,0.6666666666666666,0.875,nan,nan,nan,nan,nan,1.0,0.6666666666666666,0.9880952380952381,0.7380952380952381
Figure 2,0.75,13,2038,True,,0.4048655054876282,0.39224697658221636,0.4889453224395979,nan,nan,nan,0.4557812897583916,nan,nan,nan,1.0,0.0,0.5,nan,nan,nan,nan,nan
Correlation Analysis,0.75,13,2038,True,,0.03393523128999921,0.35264921818457273,0.7518130815544608,0.75,nan,0.6666666666666666,0.9239189928845102,0.6666666666666666,nan,nan,nan,nan,nan,nan,nan,nan,nan,nan
Variance Analysis,0.75,13,2038,True,,0.20691460383294422,0.19519250980924852,0.7400793650793651,nan,nan,nan,0.8452380952380953,nan,0.875,0.5,nan,nan,nan,nan,nan,nan,nan,nan
Logistic Regression,0.75,14,2039,True,,0.0785725201232932,0.8096837264790665,0.6160714285714286,0.5,1.0,0.3333333333333333,0.6309523809523809,nan,nan,nan,nan,nan,nan,nan,nan,nan,nan,nan
Multiple Linear Regression,0.75,14,2039,True,,0.014740297176166012,0.33590555984125386,0.7976190476190477,1.0,1.0,0.3333333333333333,0.8571428571428572,nan,nan,nan,nan,nan,nan,0.003987667913792792,nan,nan,nan,nan
Figure 1,0.75,14,2039,True,,0.037232969499418365,0.06283259916582806,0.7113095238095238,nan,nan,nan,nan,0.5,0.875,nan,nan,nan,nan,nan,1.0,0.3333333333333333,0.9761904761904763,0.5833333333333334
Figure 2,0.75,14,2039,True,,0.40721344588622604,0.3945217382254343,0.6145696091288746,nan,nan,nan,0.4582784365154984,nan,nan,nan,1.0,0.5,0.5,nan,nan,nan,nan,nan
Correlation Analysis,0.75,14,2039,True,,0.027506719242638037,0.2858452017858362,0.7537629994526547,0.9285714285714286,nan,0.6666666666666666,0.9198139025725233,0.5,nan,nan,nan,nan,nan,nan,nan,nan,nan,nan
Variance Analysis,0.75,14,2039,True,,0.22209093025392831,0.20950906934116034,0.9285714285714285,nan,nan,nan,0.9107142857142857,nan,0.875,1.0,nan,nan,nan,nan,nan,nan,nan,nan
Logistic Regression,0.75,15,2040,True,,0.09285191621837954,0.9568317958549473,0.8065476190476191,0.75,1.0,0.6666666666666666,0.8095238095238095,nan,nan,nan,nan,nan,nan,nan,nan,nan,nan,nan
Multiple Linear Regression,0.75,15,2040,True,,0.02057437401224816,0.46885395446044476,0.7247023809523809,0.875,1.0,0.3333333333333333,0.6904761904761905,nan,nan,nan,nan,nan,nan,0.0002648313545375869,nan,nan,nan,nan
Figure 1,0.75,15,2040,True,,0.07577984093177184,0.1278824771199249,0.8055555555555555,nan,nan,nan,nan,1.0,0.75,nan,nan,nan,nan,nan,1.0,0.6666666666666666,0.9047619047619049,0.5119047619047619
Figure 2,0.75,15,2040,True,,0.39681633748199,0.38444867869953747,0.5697601147968782,nan,nan,nan,0.7790404591875126,nan,nan,nan,1.0,0.5,0.0,nan,nan,nan,nan,nan
Correlation Analysis,0.75,15,2040,True,,0.03660620278597714,0.38040550491209185,0.8484195402298851,0.8928571428571429,nan,0.6666666666666666,0.8341543513957307,1.0,nan,nan,nan,nan,nan,nan,nan,nan,nan,nan
Variance Analysis,0.75,15,2040,True,,0.2267655225235637,0.2139188373350218,0.6944444444444445,nan,nan,nan,0.8333333333333335,nan,0.75,0.5,nan,nan,nan,nan,nan,nan,nan,nan
Logistic Regression,0.75,16,2041,True,,0.1335350050517261,1.3760678712611323,0.8050595238095237,0.875,1.0,0.6666666666666666,0.6785714285714286,nan,nan,nan,nan,nan,nan,nan,nan,nan,nan,nan
Multiple Linear Regression,0.75,16,2041,True,,0.016015844653576312,0.3649730531477254,0.8958333333333333,1.0,1.0,0.6666666666666666,0.9166666666666667,nan,nan,nan,nan,nan,nan,7.095147011515479e-05,nan,nan,nan,nan
Figure 1,0.75,16,2041,True,,0.05815211976068765,0.09813476820922369,0.8551587301587301,nan,nan,nan,nan,1.0,0.875,nan,nan,nan,nan,nan,0.875,0.6666666666666666,0.9285714285714286,0.7857142857142858
Figure 2,0.75,16,2041,True,,0.3888008482563241,0.3766830099231669,0.5016046755186347,nan,nan,nan,0.5064187020745388,nan,nan,nan,1.0,0.5,0.0,nan,nan,nan,nan,nan
Correlation Analysis,0.75,16,2041,True,,0.026132587998949502,0.27156546092806383,0.8667214012041597,0.8571428571428571,nan,0.6666666666666666,0.9430760810071155,1.0,nan,nan,nan,nan,nan,nan,nan,nan,nan,nan
Variance Analysis,0.75,16,2041,True,,0.22102230475611198,0.20850098344919818,0.7023809523809524,nan,nan,nan,0.7321428571428572,nan,0.875,0.5,nan,nan,nan,nan,nan,nan,nan,nan
Logistic Regression,0.75,17,2042,True,,0.11047241101625462,1.1384096282569267,0.6011904761904763,0.75,1.0,0.3333333333333333,0.3214285714285714,nan,nan,nan,nan,nan,nan,nan,nan,nan,nan,nan
Multiple Linear Regression,0.75,17,2042,True,,0.015233972532245644,0.347155556695584,0.8497023809523809,0.875,1.0,0.6666666666666666,0.8571428571428572,nan,nan,nan,nan,nan,nan,0.0025026204669813534,nan,nan,nan,nan
Figure 1,0.75,17,2042,True,,0.07410697269632832,0.12505942376941223,0.7668650793650794,nan,nan,nan,nan,1.0,0.75,nan,nan,nan,nan,nan,0.875,0.3333333333333333,0.8809523809523809,0.761904761904762
Figure 2,0.75,17,2042,True,,0.4106314628249877,0.3978332251067907,0.6521146515898114,nan,nan,nan,0.6084586063592455,nan,nan,nan,1.0,0.5,0.5,nan,nan,nan,nan,nan
Correlation Analysis,0.75,17,2042,True,,0.04085142425865796,0.4245211327257865,0.8326491516146688,0.8571428571428571,nan,0.6666666666666666,0.8067870826491517,1.0,nan,nan,nan,nan,nan,nan,nan,nan,nan,nan
Variance Analysis,0.75,17,2042,True,,0.1836313736349615,0.17322831755494064,0.6944444444444445,nan,nan,nan,0.8333333333333334,nan,0.75,0.5,nan,nan,nan,nan,nan,nan,nan,nan
Logistic Regression,0.75,18,2043,True,,0.08906890435796494,0.9178481520103999,0.8348214285714286,0.875,1.0,0.6666666666666666,0.7976190476190477,nan,nan,nan,nan,nan,nan,nan,nan,nan,nan,nan
Multiple Linear Regression,0.75,18,2043,True,,0.012344307271645646,0.2813051457089491,0.8779761904761905,1.0,1.0,0.6666666666666666,0.8452380952380953,nan,nan,nan,nan,nan,nan,0.0017292441931052727,nan,nan,nan,nan
Figure 1,0.75,18,2043,True,,0.06983639027732466,0.11785259076776083,0.8462301587301586,nan,nan,nan,nan,0.6666666666666666,1.0,nan,nan,nan,nan,nan,1.0,0.6666666666666666,0.9821428571428572,0.761904761904762
Figure 2,0.75,18,2043,True,,0.40946665654170694,0.39670472258748973,0.41752390124381894,nan,nan,nan,0.6700956049752758,nan,nan,nan,1.0,0.0,0.0,nan,nan,nan,nan,nan
Correlation Analysis,0.75,18,2043,True,,0.034273547900566206,0.3561649475219021,0.7624178981937603,0.8214285714285714,nan,0.6666666666666666,0.8949096880131363,0.6666666666666666,nan,nan,nan,nan,nan,nan,nan,nan,nan,nan
Variance Analysis,0.75,18,2043,True,,0.25599082581631566,0.24148847328132947,0.9801587301587302,nan,nan,nan,0.9404761904761905,nan,1.0,1.0,nan,nan,nan,nan,nan,nan,nan,nan
Logistic Regression,0.75,19,2044,True,,0.15385240833639596,1.5854371364711028,0.6547619047619048,0.75,1.0,0.3333333333333333,0.5357142857142857,nan,nan,nan,nan,nan,nan,nan,nan,nan,nan,nan
Multiple Linear Regression,0.75,19,2044,True,,0.02397871031172503,0.5464328171452959,0.8645833333333333,0.875,1.0,0.6666666666666666,0.9166666666666667,nan,nan,nan,nan,nan,nan,0.0023587148097032884,nan,nan,nan,nan
Figure 1,0.75,19,2044,True,,0.09660526227947284,0.16302647367974848,0.7728174603174603,nan,nan,nan,nan,1.0,0.75,nan,nan,nan,nan,nan,1.0,0.3333333333333333,0.8988095238095238,0.6547619047619048
Figure 2,0.75,19,2044,True,,0.394488603398136,0.38219349359657495,0.6153126967713484,nan,nan,nan,0.4612507870853936,nan,nan,nan,1.0,0.5,0.5,nan,nan,nan,nan,nan
Correlation Analysis,0.75,19,2044,True,,0.037464551043695664,0.38932531569598744,0.8444512862616311,0.8214285714285714,nan,0.6666666666666666,0.8897099069512863,1.0,nan,nan,nan,nan,nan,nan,nan,nan,nan,nan
Variance Analysis,0.75,19,2044,True,,0.16594233794194188,0.15654139836670625,0.634920634920635,nan,nan,nan,0.6547619047619049,nan,0.75,0.5,nan,nan,nan,nan,nan,nan,nan,nan
Logistic Regression,0.75,20,2045,True,,0.1310925979091556,1.3508990550684934,0.49851190476190477,0.375,1.0,0.3333333333333333,0.2857142857142857,nan,nan,nan,nan,nan,nan,nan,nan,nan,nan,nan
Multiple Linear Regression,0.75,20,2045,True,,0.011458179769748283,0.26111185170285195,0.8675595238095237,0.875,1.0,0.6666666666666666,0.9285714285714286,nan,nan,nan,nan,nan,nan,0.0029801720616845495,nan,nan,nan,nan
Figure 1,0.75,20,2045,True,,0.087373582113745,0.14744752665299135,0.8759920634920636,nan,nan,nan,nan,1.0,0.75,nan,nan,nan,nan,nan,1.0,0.6666666666666666,0.9345238095238095,0.9047619047619049
Figure 2,0.75,20,2045,True,,0.3996696151396194,0.3872130276484724,0.39115683643443383,nan,nan,nan,0.5646273457377353,nan,nan,nan,1.0,0.0,0.0,nan,nan,nan,nan,nan
Correlation Analysis,0.75,20,2045,True,,0.03311179484797808,0.34409220511983435,0.8687055281882868,0.9285714285714286,nan,0.6666666666666666,0.879584017515052,1.0,nan,nan,nan,nan,nan,nan,nan,nan,nan,nan
Variance Analysis,0.75,20,2045,True,,0.2057367488380185,0.19408138247269507,0.6984126984126985,nan,nan,nan,0.8452380952380952,nan,0.75,0.5,nan,nan,nan,nan,nan,nan,nan,nan
Logistic Regression,0.75,21,2046,True,,0.07762573344920563,0.7999271632270157,0.6547619047619048,0.5,1.0,0.3333333333333333,0.7857142857142858,nan,nan,nan,nan,nan,nan,nan,nan,nan,nan,nan
Multiple Linear Regression,0.75,21,2046,True,,0.015199102480497663,0.34636092927972445,0.9851190476190477,1.0,1.0,1.0,0.9404761904761905,nan,nan,nan,nan,nan,nan,0.003077281782238095,nan,nan,nan,nan
Figure 1,0.75,21,2046,True,,0.08698093499698807,0.14678491394085755,0.736111111111111,nan,nan,nan,nan,0.6666666666666666,0.5,nan,nan,nan,nan,nan,1.0,0.6666666666666666,0.7619047619047619,0.8214285714285714
Figure 2,0.75,21,2046,True,,0.40126117680636886,0.38875498477587633,0.5693816084798115,nan,nan,nan,0.7775264339192459,nan,nan,nan,1.0,0.5,0.0,nan,nan,nan,nan,nan
Correlation Analysis,0.75,21,2046,True,,0.025755147489703707,0.2676431626133933,0.8656267104542966,0.9285714285714286,nan,1.0,0.8672687465790914,0.6666666666666666,nan,nan,nan,nan,nan,nan,nan,nan,nan,nan
Variance Analysis,0.75,21,2046,True,,0.2704503133817269,0.2551288042012627,0.5396825396825397,nan,nan,nan,0.6190476190476191,nan,0.5,0.5,nan,nan,nan,nan,nan,nan,nan,nan
Logistic Regression,0.75,22,2047,True,,0.08606709018309805,0.8869146897326211,0.7455357142857142,0.625,1.0,0.6666666666666666,0.6904761904761905,nan,nan,nan,nan,nan,nan,nan,nan,nan,nan,nan
Multiple Linear Regression,0.75,22,2047,True,,0.01949668552199845,0.4442953209861391,0.8377976190476191,0.875,1.0,0.6666666666666666,0.8095238095238095,nan,nan,nan,nan,nan,nan,0.00730978777125324,nan,nan,nan,nan
Figure 1,0.75,22,2047,True,,0.04376385004803878,0.07385380443708048,0.8988095238095238,nan,nan,nan,nan,1.0,1.0,nan,nan,nan,nan,nan,0.875,0.6666666666666666,0.9583333333333334,0.8928571428571429
Figure 2,0.75,22,2047,True,,0.3926909395856895,0.38045185795267356,0.3878374041490774,nan,nan,nan,0.5513496165963097,nan,nan,nan,1.0,0.0,0.0,nan,nan,nan,nan,nan
Correlation Analysis,0.75,22,2047,True,,0.03584762114768828,0.37252245206398654,0.9321633825944171,0.8928571428571429,nan,1.0,0.8357963875205254,1.0,nan,nan,nan,nan,nan,nan,nan,nan,nan,nan
Variance Analysis,0.75,22,2047,True,,0.25168928475321267,0.2374306224549446,0.736111111111111,nan,nan,nan,0.7083333333333333,nan,1.0,0.5,nan,nan,nan,nan,nan,nan,nan,nan
Logistic Regression,0.75,23,2048,True,,0.09793665046886497,1.0092295879790703,0.5773809523809523,0.5,1.0,0.3333333333333333,0.47619047619047616,nan,nan,nan,nan,nan,nan,nan,nan,nan,nan,nan
Multiple Linear Regression,0.75,23,2048,True,,0.016185054898159332,0.3688290583054395,0.8363095238095237,0.875,0.875,0.6666666666666666,0.9285714285714286,nan,nan,nan,nan,nan,nan,0.002211666145506719,nan,nan,nan,nan
Figure 1,0.75,23,2048,True,,0.12585401434905236,0.21238528495901762,0.7837301587301587,nan,nan,nan,nan,1.0,0.625,nan,nan,nan,nan,nan,0.875,0.6666666666666666,0.75,0.7857142857142858
Figure 2,0.75,23,2048,True,,0.4058670148166134,0.3932172716579606,0.6786121346313475,nan,nan,nan,0.71444853852539,nan,nan,nan,1.0,0.5,0.5,nan,nan,nan,nan,nan
Correlation Analysis,0.75,23,2048,True,,0.03730070239461912,0.3876226280819363,0.8430145046524358,0.8214285714285714,nan,0.6666666666666666,0.8839627805145047,1.0,nan,nan,nan,nan,nan,nan,nan,nan,nan,nan
Variance Analysis,0.75,23,2048,True,,0.2652355790328747,0.25020949417342747,0.5714285714285715,nan,nan,nan,0.5892857142857143,nan,0.625,0.5,nan,nan,nan,nan,nan,nan,nan,nan
Logistic Regression,0.75,24,2049,True,,0.08968159243991693,0.9241618551802327,0.7321428571428572,1.0,1.0,0.3333333333333333,0.5952380952380952,nan,nan,nan,nan,nan,nan,nan,nan,nan,nan,nan
Multiple Linear Regression,0.75,24,2049,True,,0.016020282065190315,0.3650741739877351,0.7544642857142858,0.875,1.0,0.3333333333333333,0.8095238095238095,nan,nan,nan,nan,nan,nan,2.521063836746773e-05,nan,nan,nan,nan
Figure 1,0.75,24,2049,True,,0.06512426916145152,0.10990063793469128,0.8045634920634921,nan,nan,nan,nan,1.0,0.875,nan,nan,nan,nan,nan,1.0,0.3333333333333333,0.9285714285714286,0.6904761904761905
Figure 2,0.75,24,2049,True,,0.39405150017469603,0.3817700136618194,0.5393145502065496,nan,nan,nan,0.6572582008261985,nan,nan,nan,1.0,0.5,0.0,nan,nan,nan,nan,nan
Correlation Analysis,0.75,24,2049,True,,0.03174037351004151,0.32984062514703205,0.8365489874110563,0.7857142857142857,nan,0.6666666666666666,0.8938149972632732,1.0,nan,nan,nan,nan,nan,nan,nan,nan,nan,nan
Variance Analysis,0.75,24,2049,True,,0.23084625005376933,0.2177683841225053,0.7103174603174603,nan,nan,nan,0.7559523809523809,nan,0.875,0.5,nan,nan,nan,nan,nan,nan,nan,nan
Logistic Regression,0.75,25,2050,True,,0.05745841797892036,0.5921045413047916,0.7529761904761905,1.0,1.0,0.3333333333333333,0.6785714285714286,nan,nan,nan,nan,nan,nan,nan,nan,nan,nan,nan
Multiple Linear Regression,0.75,25,2050,True,,0.0119341888960344,0.2719592661168042,0.7663690476190477,0.875,1.0,0.3333333333333333,0.8571428571428572,nan,nan,nan,nan,nan,nan,0.0015740400720630765,nan,nan,nan,nan
Figure 1,0.75,25,2050,True,,0.06999066193660636,0.1181129323268848,0.7579365079365079,nan,nan,nan,nan,0.6666666666666666,0.75,nan,nan,nan,nan,nan,1.0,0.3333333333333333,0.9285714285714286,0.8690476190476191
Figure 2,0.75,25,2050,True,,0.41079462087923263,0.39799129797942423,0.3734145428455255,nan,nan,nan,0.493658171382102,nan,nan,nan,1.0,0.0,0.0,nan,nan,nan,nan,nan
Correlation Analysis,0.75,25,2050,True,,0.034995204127854763,0.363664277706999,0.7614258347016968,0.8571428571428571,nan,0.6666666666666666,0.8552271483305967,0.6666666666666666,nan,nan,nan,nan,nan,nan,nan,nan,nan,nan
Variance Analysis,0.75,25,2050,True,,0.1896294298349143,0.17888657280593762,0.6884920634920636,nan,nan,nan,0.8154761904761906,nan,0.75,0.5,nan,nan,nan,nan,nan,nan,nan,nan
Logistic Regression,0.75,26,2051,True,,0.09813248328791406,1.0112476299923054,0.761904761904762,1.0,1.0,0.3333333333333333,0.7142857142857143,nan,nan,nan,nan,nan,nan,nan,nan,nan,nan,nan
Multiple Linear Regression,0.75,26,2051,True,,0.026952319588122487,0.6141961652514998,0.699404761904762,1.0,1.0,0.3333333333333333,0.4642857142857143,nan,nan,nan,nan,nan,nan,0.001078539551876978,nan,nan,nan,nan
Figure 1,0.75,26,2051,True,,0.05336623304725033,0.09005833204091948,0.8055555555555555,nan,nan,nan,nan,0.6666666666666666,1.0,nan,nan,nan,nan,nan,0.875,0.6666666666666666,0.8988095238095238,0.7261904761904762
Figure 2,0.75,26,2051,True,,0.3980018297126308,0.3855972224428987,0.6362327286304428,nan,nan,nan,0.544930914521771,nan,nan,nan,1.0,0.5,0.5,nan,nan,nan,nan,nan
Correlation Analysis,0.75,26,2051,True,,0.02967329684235898,0.30835991194497875,0.8378147235905856,0.75,nan,1.0,0.934592227695676,0.6666666666666666,nan,nan,nan,nan,nan,nan,nan,nan,nan,nan
Variance Analysis,0.75,26,2051,True,,0.23415363189877603,0.2208883966845264,0.7559523809523809,nan,nan,nan,0.7678571428571429,nan,1.0,0.5,nan,nan,nan,nan,nan,nan,nan,nan
Logistic Regression,0.75,27,2052,True,,0.09003246976618008,0.9277776188164246,0.71875,0.875,1.0,0.3333333333333333,0.6666666666666667,nan,nan,nan,nan,nan,nan,nan,nan,nan,nan,nan
Multiple Linear Regression,0.75,27,2052,True,,0.00958490875398005,0.2184232856742469,0.8675595238095237,0.875,1.0,0.6666666666666666,0.9285714285714286,nan,nan,nan,nan,nan,nan,0.00015579375027841014,nan,nan,nan,nan
Figure 1,0.75,27,2052,True,,0.08618491824287607,0.14544159369772774,0.65,nan,nan,nan,nan,0.4,0.875,nan,nan,nan,nan,nan,0.75,0.3333333333333333,0.875,0.6666666666666667
Figure 2,0.75,27,2052,True,,0.4120607523637758,0.3992179676759929,0.35333688049843187,nan,nan,nan,0.41334752199372743,nan,nan,nan,1.0,0.0,0.0,nan,nan,nan,nan,nan
Correlation Analysis,0.75,27,2052,True,,0.0394494849279122,0.40995241490256673,0.7108032293377121,0.9642857142857143,nan,0.6666666666666666,0.8122605363984674,0.4,nan,nan,nan,nan,nan,nan,nan,nan,nan,nan
Variance Analysis,0.75,27,2052,True,,0.19412574127871143,0.18312815991163744,0.7301587301587302,nan,nan,nan,0.8154761904761905,nan,0.875,0.5,nan,nan,nan,nan,nan,nan,nan,nan
Logistic Regression,0.75,28,2053,True,,0.11636138141258565,1.1990950114945285,0.7276785714285715,0.875,1.0,0.3333333333333333,0.7023809523809524,nan,nan,nan,nan,nan,nan,nan,nan,nan,nan,nan
Multiple Linear Regression,0.75,28,2053,True,,0.0232465254918042,0.5297476072812471,0.9494047619047619,1.0,1.0,1.0,0.7976190476190477,nan,nan,nan,nan,nan,nan,0.001136400085003042,nan,nan,nan,nan
Figure 1,0.75,28,2053,True,,0.0922410399692749,0.15566161842447493,0.7827380952380952,nan,nan,nan,nan,1.0,0.875,nan,nan,nan,nan,nan,0.875,0.3333333333333333,0.8750000000000001,0.7380952380952381
Figure 2,0.75,28,2053,True,,0.401973275450022,0.38944488929037624,0.4912276127209434,nan,nan,nan,0.46491045088377353,nan,nan,nan,1.0,0.5,0.0,nan,nan,nan,nan,nan
Correlation Analysis,0.75,28,2053,True,,0.03329159263185411,0.34596063346126404,0.8414750957854406,0.8571428571428571,nan,0.6666666666666666,0.8420908593322386,1.0,nan,nan,nan,nan,nan,nan,nan,nan,nan,nan
Variance Analysis,0.75,28,2053,True,,0.21824955116045397,0.2058853114599167,0.628968253968254,nan,nan,nan,0.511904761904762,nan,0.875,0.5,nan,nan,nan,nan,nan,nan,nan,nan
Logistic Regression,0.75,29,2054,True,,0.07229966991602295,0.7450424915600676,0.8065476190476191,1.0,1.0,0.6666666666666666,0.5595238095238095,nan,nan,nan,nan,nan,nan,nan,nan,nan,nan,nan
Multiple Linear Regression,0.75,29,2054,True,,0.02289510521495559,0.5217393545694043,0.71875,0.875,1.0,0.3333333333333333,0.6666666666666667,nan,nan,nan,nan,nan,nan,0.005312332021994326,nan,nan,nan,nan
Figure 1,0.75,29,2054,True,,0.0673298844358918,0.1136227300029884,0.8035714285714287,nan,nan,nan,nan,1.0,0.75,nan,nan,nan,nan,nan,0.875,0.6666666666666666,0.8869047619047619,0.6428571428571429
Figure 2,0.75,29,2054,True,,0.4111466353831723,0.3983323411728104,0.40689959010566046,nan,nan,nan,0.6275983604226418,nan,nan,nan,1.0,0.0,0.0,nan,nan,nan,nan,nan
Correlation Analysis,0.75,29,2054,True,,0.044937008078772135,0.4669778328931846,0.8404830322933772,0.8928571428571429,nan,0.6666666666666666,0.8024083196496989,1.0,nan,nan,nan,nan,nan,nan,nan,nan,nan,nan
Variance Analysis,0.75,29,2054,True,,0.2635505127882475,0.24861989004017268,0.6626984126984127,nan,nan,nan,0.7380952380952381,nan,0.75,0.5,nan,nan,nan,nan,nan,nan,nan,nan
Logistic Regression,0.75,30,2055,True,,0.10020694709962116,1.0326248186948352,0.581845238095238,0.625,1.0,0.3333333333333333,0.369047619047619,nan,nan,nan,nan,nan,nan,nan,nan,nan,nan,nan
Multiple Linear Regression,0.75,30,2055,True,,0.016007344904397234,0.36477935874846146,0.7008928571428572,0.75,0.875,0.3333333333333333,0.8452380952380953,nan,nan,nan,nan,nan,nan,0.00857832407947412,nan,nan,nan,nan
Figure 1,0.75,30,2055,True,,0.06597130059336252,0.11133004813639308,0.7271825396825399,nan,nan,nan,nan,0.6666666666666666,0.75,nan,nan,nan,nan,nan,0.875,0.3333333333333333,0.9047619047619049,0.8333333333333335
Figure 2,0.75,30,2055,True,,0.4077163124857199,0.3950089318751824,0.5637595457826716,nan,nan,nan,0.7550381831306863,nan,nan,nan,1.0,0.5,0.0,nan,nan,nan,nan,nan
Correlation Analysis,0.75,30,2055,True,,0.034597059977426466,0.35952683063397195,0.8486932129173508,0.8214285714285714,nan,1.0,0.9066776135741652,0.6666666666666666,nan,nan,nan,nan,nan,nan,nan,nan,nan,nan
Variance Analysis,0.75,30,2055,True,,0.2724484969683094,0.2570137870014114,0.875,nan,nan,nan,0.8750000000000001,nan,0.75,1.0,nan,nan,nan,nan,nan,nan,nan,nan
Logistic Regression,0.75,31,2056,True,,0.1220514710467107,1.2577309439010347,0.6205357142857143,0.625,1.0,0.3333333333333333,0.5238095238095238,nan,nan,nan,nan,nan,nan,nan,nan,nan,nan,nan
Multiple Linear Regression,0.75,31,2056,True,,0.028281795110384703,0.6444925842628355,0.6904761904761905,0.875,0.875,0.3333333333333333,0.6785714285714286,nan,nan,nan,nan,nan,nan,0.0029248606028700053,nan,nan,nan,nan
Figure 1,0.75,31,2056,True,,0.05893502475770351,0.09945596167092675,0.7103174603174603,nan,nan,nan,nan,0.6666666666666666,1.0,nan,nan,nan,nan,nan,1.0,0.3333333333333333,0.9642857142857143,0.29761904761904756
Figure 2,0.75,31,2056,True,,0.4028206040752581,0.3902658090449998,0.3790871503706841,nan,nan,nan,0.5163486014827363,nan,nan,nan,1.0,0.0,0.0,nan,nan,nan,nan,nan
Correlation Analysis,0.75,31,2056,True,,0.03367038891827403,0.3498970207843871,0.7493842364532018,0.7857142857142857,nan,0.6666666666666666,0.8784893267651888,0.6666666666666666,nan,nan,nan,nan,nan,nan,nan,nan,nan,nan
Variance Analysis,0.75,31,2056,True,,0.2677179888722056,0.25255127091580454,0.9583333333333334,nan,nan,nan,0.875,nan,1.0,1.0,nan,nan,nan,nan,nan,nan,nan,nan
Logistic Regression,0.75,32,2057,True,,0.1330885402533228,1.3714670861374574,0.6339285714285714,0.5,1.0,0.3333333333333333,0.7023809523809524,nan,nan,nan,nan,nan,nan,nan,nan,nan,nan,nan
Multiple Linear Regression,0.75,32,2057,True,,0.031104724001593365,0.708822190257939,0.7127976190476191,1.0,0.875,0.3333333333333333,0.6428571428571429,nan,nan,nan,nan,nan,nan,0.010715330056159433,nan,nan,nan,nan
Figure 1,0.75,32,2057,True,,0.0630270093118142,0.10636140135886818,0.7202380952380953,nan,nan,nan,nan,0.5,0.75,nan,nan,nan,nan,nan,1.0,0.3333333333333333,0.9642857142857143,0.7738095238095238
Figure 2,0.75,32,2057,True,,0.39038806415359695,0.3782207567266113,0.6428707115437825,nan,nan,nan,0.57148284617513,nan,nan,nan,1.0,0.5,0.5,nan,nan,nan,nan,nan
Correlation Analysis,0.75,32,2057,True,,0.02968714431624431,0.3085038125654803,0.7396688560481663,0.8571428571428571,nan,0.6666666666666666,0.9348659003831417,0.5,nan,nan,nan,nan,nan,nan,nan,nan,nan,nan
Variance Analysis,0.75,32,2057,True,,0.26189830114709756,0.24706127923649787,0.7063492063492064,nan,nan,nan,0.8690476190476191,nan,0.75,0.5,nan,nan,nan,nan,nan,nan,nan,nan
Logistic Regression,0.75,33,2058,True,,0.08612360365170967,0.8874970566439776,0.7633928571428571,0.625,1.0,0.6666666666666666,0.761904761904762,nan,nan,nan,nan,nan,nan,nan,nan,nan,nan,nan
Multiple Linear Regression,0.75,33,2058,True,,0.01720092070404678,0.39197886106531604,0.8318452380952381,0.875,1.0,0.6666666666666666,0.7857142857142858,nan,nan,nan,nan,nan,nan,0.003223407292701874,nan,nan,nan,nan
Figure 1,0.75,33,2058,True,,0.07632768654052492,0.1288069954702563,0.7807539682539684,nan,nan,nan,nan,1.0,0.75,nan,nan,nan,nan,nan,1.0,0.3333333333333333,0.7559523809523809,0.8452380952380953
Figure 2,0.75,33,2058,True,,0.40247518931661386,0.3899311599012505,0.4798181182736425,nan,nan,nan,0.41927247309456994,nan,nan,nan,1.0,0.5,0.0,nan,nan,nan,nan,nan
Correlation Analysis,0.75,33,2058,True,,0.035297632571706324,0.36680706324954104,0.842603995621237,0.8214285714285714,nan,0.6666666666666666,0.8823207443897099,1.0,nan,nan,nan,nan,nan,nan,nan,nan,nan,nan
Variance Analysis,0.75,33,2058,True,,0.24623240172109037,0.23228288191346294,0.8234126984126985,nan,nan,nan,0.7202380952380952,nan,0.75,1.0,nan,nan,nan,nan,nan,nan,nan,nan
Logistic Regression,0.75,34,2059,True,,0.09339298220793447,0.9624074389170061,0.7663690476190476,0.625,1.0,0.6666666666666666,0.7738095238095238,nan,nan,nan,nan,nan,nan,nan,nan,nan,nan,nan
Multiple Linear Regression,0.75,34,2059,True,,0.013783822642486673,0.3141091801706353,0.9508928571428572,0.875,1.0,1.0,0.9285714285714286,nan,nan,nan,nan,nan,nan,0.00044480037680982853,nan,nan,nan,nan
Figure 1,0.75,34,2059,True,,0.059889775961311904,0.10106715466697172,0.8829365079365079,nan,nan,nan,nan,0.6666666666666666,0.875,nan,nan,nan,nan,nan,1.0,1.0,0.9226190476190477,0.8333333333333335
Figure 2,0.75,34,2059,True,,0.40104436785441744,0.38854493315442123,0.3613602580916052,nan,nan,nan,0.44544103236642096,nan,nan,nan,1.0,0.0,0.0,nan,nan,nan,nan,nan
Correlation Analysis,0.75,34,2059,True,,0.041487761766827704,0.4311338451260615,0.7048782156540777,0.6785714285714286,nan,0.6666666666666666,0.807608100711549,0.6666666666666666,nan,nan,nan,nan,nan,nan,nan,nan,nan,nan
Variance Analysis,0.75,34,2059,True,,0.24539846417660327,0.23149618846932107,0.6349206349206349,nan,nan,nan,0.5297619047619048,nan,0.875,0.5,nan,nan,nan,nan,nan,nan,nan,nan
Logistic Regression,0.75,35,2060,True,,0.08713568088649663,0.8979264340606758,0.8363095238095237,0.75,1.0,0.6666666666666666,0.9285714285714286,nan,nan,nan,nan,nan,nan,nan,nan,nan,nan,nan
Multiple Linear Regression,0.75,35,2060,True,,0.01737067690270968,0.3958473075604508,0.7485119047619049,0.875,1.0,0.3333333333333333,0.7857142857142858,nan,nan,nan,nan,nan,nan,0.0019900936866695806,nan,nan,nan,nan
Figure 1,0.75,35,2060,True,,0.06735487974298206,0.11366491090159905,0.75,nan,nan,nan,nan,0.3333333333333333,0.75,nan,nan,nan,nan,nan,1.0,0.6666666666666666,0.8809523809523809,0.8690476190476191
Figure 2,0.75,35,2060,True,,0.4049942642472635,0.39237172229033634,0.3838257153524907,nan,nan,nan,0.5353028614099629,nan,nan,nan,1.0,0.0,0.0,nan,nan,nan,nan,nan
Correlation Analysis,0.75,35,2060,True,,0.037796632180171895,0.3927762470349083,0.685071154898741,0.8571428571428571,nan,0.6666666666666666,0.8831417624521072,0.3333333333333333,nan,nan,nan,nan,nan,nan,nan,nan,nan,nan
Variance Analysis,0.75,35,2060,True,,0.19419682244111683,0.1831952141950619,0.6706349206349206,nan,nan,nan,0.761904761904762,nan,0.75,0.5,nan,nan,nan,nan,nan,nan,nan,nan
Logistic Regression,0.75,36,2061,True,,0.10091358598347817,1.0399066775923043,0.4330357142857143,0.375,1.0,0.0,0.3571428571428571,nan,nan,nan,nan,nan,nan,nan,nan,nan,nan,nan
Multiple Linear Regression,0.75,36,2061,True,,0.015332645474191012,0.34940414024917305,0.8363095238095237,0.75,1.0,0.6666666666666666,0.9285714285714286,nan,nan,nan,nan,nan,nan,0.0013976268274519255,nan,nan,nan,nan
Figure 1,0.75,36,2061,True,,0.06921479407268856,0.11680361439832271,0.8779761904761906,nan,nan,nan,nan,1.0,0.875,nan,nan,nan,nan,nan,0.875,0.6666666666666666,0.9702380952380952,0.880952380952381
Figure 2,0.75,36,2061,True,,0.39945949805981235,0.38700945933216613,0.48724016395773584,nan,nan,nan,0.4489606558309433,nan,nan,nan,1.0,0.5,0.0,nan,nan,nan,nan,nan
Correlation Analysis,0.75,36,2061,True,,0.02844093277941675,0.2955533917948298,0.8452723043240284,0.8214285714285714,nan,0.6666666666666666,0.8929939792008758,1.0,nan,nan,nan,nan,nan,nan,nan,nan,nan,nan
Variance Analysis,0.75,36,2061,True,,0.2555971871212934,0.24111713494456585,0.9484126984126985,nan,nan,nan,0.9702380952380952,nan,0.875,1.0,nan,nan,nan,nan,nan,nan,nan,nan
Logistic Regression,0.75,37,2062,True,,0.11396517903138983,1.1744023317846222,0.7425595238095238,0.875,1.0,0.3333333333333333,0.761904761904762,nan,nan,nan,nan,nan,nan,nan,nan,nan,nan,nan
Multiple Linear Regression,0.75,37,2062,True,,0.015809654946757484,0.36027435080307585,0.9479166666666667,0.875,1.0,1.0,0.9166666666666667,nan,nan,nan,nan,nan,nan,0.001997262594614968,nan,nan,nan,nan
Figure 1,0.75,37,2062,True,,0.06660919460611707,0.11240652791634496,0.8323412698412699,nan,nan,nan,nan,0.6666666666666666,0.875,nan,nan,nan,nan,nan,1.0,0.6666666666666666,0.8690476190476191,0.9166666666666667
Figure 2,0.75,37,2062,True,,0.4190553843455717,0.40599459648229297,0.6459891569954118,nan,nan,nan,0.5839566279816473,nan,nan,nan,1.0,0.5,0.5,nan,nan,nan,nan,nan
Correlation Analysis,0.75,37,2062,True,,0.03624197967094164,0.3766205595358724,0.7618363437328953,0.8571428571428571,nan,0.6666666666666666,0.8568691844553913,0.6666666666666666,nan,nan,nan,nan,nan,nan,nan,nan,nan,nan
Variance Analysis,0.75,37,2062,True,,0.24574256809671213,0.23182079826755198,0.7003968253968255,nan,nan,nan,0.7261904761904763,nan,0.875,0.5,nan,nan,nan,nan,nan,nan,nan,nan
Logistic Regression,0.75,38,2063,True,,0.09775399269723356,1.007347313807734,0.6383928571428572,0.875,1.0,0.3333333333333333,0.34523809523809523,nan,nan,nan,nan,nan,nan,nan,nan,nan,nan,nan
Multiple Linear Regression,0.75,38,2063,True,,0.02595788561974702,0.5915347565376761,0.9196428571428572,0.875,0.875,1.0,0.9285714285714286,nan,nan,nan,nan,nan,nan,0.008487537768077758,nan,nan,nan,nan
Figure 1,0.75,38,2063,True,,0.06946347819808606,0.11722328197198341,0.8759920634920634,nan,nan,nan,nan,1.0,0.875,nan,nan,nan,nan,nan,1.0,0.6666666666666666,0.9404761904761906,0.7738095238095238
Figure 2,0.75,38,2063,True,,0.4069107415470556,0.39422846833647457,0.3249489333186334,nan,nan,nan,0.29979573327453346,nan,nan,nan,1.0,0.0,0.0,nan,nan,nan,nan,nan
Correlation Analysis,0.75,38,2063,True,,0.04078859085983008,0.42386817860907,0.8289545703338806,0.8571428571428571,nan,0.6666666666666666,0.7920087575259989,1.0,nan,nan,nan,nan,nan,nan,nan,nan,nan,nan
Variance Analysis,0.75,38,2063,True,,0.22721986438378897,0.21434743989069435,0.736111111111111,nan,nan,nan,0.8333333333333333,nan,0.875,0.5,nan,nan,nan,nan,nan,nan,nan,nan
Logistic Regression,0.75,39,2064,True,,0.093889797924728,0.9675270863499196,0.7752976190476191,0.625,1.0,0.6666666666666666,0.8095238095238095,nan,nan,nan,nan,nan,nan,nan,nan,nan,nan,nan
Multiple Linear Regression,0.75,39,2064,True,,0.019193834892130036,0.43739388547514313,0.8675595238095237,0.875,1.0,0.6666666666666666,0.9285714285714286,nan,nan,nan,nan,nan,nan,0.004246792864983973,nan,nan,nan,nan
Figure 1,0.75,39,2064,True,,0.05996548573741474,0.10119491890599859,0.7906746031746031,nan,nan,nan,nan,0.5,0.875,nan,nan,nan,nan,nan,0.875,0.6666666666666666,0.9702380952380953,0.8571428571428572
Figure 2,0.75,39,2064,True,,0.39816496466829143,0.38575527293686623,0.8301081472654078,nan,nan,nan,0.8204325890616314,nan,nan,nan,1.0,1.0,0.5,nan,nan,nan,nan,nan
Correlation Analysis,0.75,39,2064,True,,0.043919687623730726,0.4564060097620055,0.7157224958949097,0.8571428571428571,nan,0.6666666666666666,0.8390804597701149,0.5,nan,nan,nan,nan,nan,nan,nan,nan,nan,nan
Variance Analysis,0.75,39,2064,True,,0.16748856018248282,0.15800002426484602,0.7242063492063492,nan,nan,nan,0.7976190476190477,nan,0.875,0.5,nan,nan,nan,nan,nan,nan,nan,nan
Logistic Regression,0.75,40,2065,True,,0.08278727282643947,0.853116426225953,0.7842261904761905,0.625,1.0,0.6666666666666666,0.8452380952380953,nan,nan,nan,nan,nan,nan,nan,nan,nan,nan,nan
Multiple Linear Regression,0.75,40,2065,True,,0.01401730430494124,0.31942981839130025,0.8675595238095237,0.875,1.0,0.6666666666666666,0.9285714285714286,nan,nan,nan,nan,nan,nan,0.0011304988358363799,nan,nan,nan,nan
Figure 1,0.75,40,2065,True,,0.05352069330585088,0.09031899187133806,0.8115079365079364,nan,nan,nan,nan,0.6666666666666666,0.875,nan,nan,nan,nan,nan,0.875,0.6666666666666666,0.9285714285714286,0.8571428571428572
Figure 2,0.75,40,2065,True,,0.3902742788208078,0.3781105177653735,0.5007974897526415,nan,nan,nan,0.5031899590105661,nan,nan,nan,1.0,0.5,0.0,nan,nan,nan,nan,nan
Correlation Analysis,0.75,40,2065,True,,0.027448904723559205,0.28524440302366966,0.8675424192665572,0.8571428571428571,nan,1.0,0.946360153256705,0.6666666666666666,nan,nan,nan,nan,nan,nan,nan,nan,nan,nan
Variance Analysis,0.75,40,2065,True,,0.24896802532924867,0.23486352739753405,0.7420634920634921,nan,nan,nan,0.8511904761904763,nan,0.875,0.5,nan,nan,nan,nan,nan,nan,nan,nan
Logistic Regression,0.75,41,2066,True,,0.11100757447478381,1.1439244461945135,0.6636904761904763,0.75,1.0,0.3333333333333333,0.5714285714285714,nan,nan,nan,nan,nan,nan,nan,nan,nan,nan,nan
Multiple Linear Regression,0.75,41,2066,True,,0.012174668042442095,0.27743936474295927,0.7425595238095238,0.875,1.0,0.3333333333333333,0.761904761904762,nan,nan,nan,nan,nan,nan,0.0009141595108723699,nan,nan,nan,nan
Figure 1,0.75,41,2066,True,,0.059587195507443444,0.10055653419729285,0.8521825396825397,nan,nan,nan,nan,1.0,0.75,nan,nan,nan,nan,nan,0.875,0.6666666666666666,0.9404761904761906,0.880952380952381
Figure 2,0.75,41,2066,True,,0.40983170087374066,0.39705838950555983,0.797113694069972,nan,nan,nan,0.6884547762798882,nan,nan,nan,1.0,0.5,1.0,nan,nan,nan,nan,nan
Correlation Analysis,0.75,41,2066,True,,0.04071343650547736,0.4230871871940074,0.8186918445539135,0.7857142857142857,nan,0.6666666666666666,0.8223864258347017,1.0,nan,nan,nan,nan,nan,nan,nan,nan,nan,nan
Variance Analysis,0.75,41,2066,True,,0.18305214269958817,0.17268190112062284,0.7123015873015873,nan,nan,nan,0.886904761904762,nan,0.75,0.5,nan,nan,nan,nan,nan,nan,nan,nan
Logistic Regression,0.75,42,2067,True,,0.12869417003201256,1.3261834417954412,0.6220238095238095,0.5,1.0,0.3333333333333333,0.6547619047619048,nan,nan,nan,nan,nan,nan,nan,nan,nan,nan,nan
Multiple Linear Regression,0.75,42,2067,True,,0.014664006515511575,0.3341670292830488,0.8705357142857142,0.875,1.0,0.6666666666666666,0.9404761904761905,nan,nan,nan,nan,nan,nan,0.002629130262299717,nan,nan,nan,nan
Figure 1,0.75,42,2067,True,,0.0638546769537202,0.10775813414396658,0.7896825396825397,nan,nan,nan,nan,0.6666666666666666,0.75,nan,nan,nan,nan,nan,0.875,0.6666666666666666,0.898809523809524,0.880952380952381
Figure 2,0.75,42,2067,True,,0.3932267676530724,0.38097098575326427,0.28647863745679225,nan,nan,nan,0.145914549827169,nan,nan,nan,1.0,0.0,0.0,nan,nan,nan,nan,nan
Correlation Analysis,0.75,42,2067,True,,0.04260028723621579,0.4426950227599312,0.7501710454296661,0.8214285714285714,nan,0.6666666666666666,0.8459222769567597,0.6666666666666666,nan,nan,nan,nan,nan,nan,nan,nan,nan,nan
Variance Analysis,0.75,42,2067,True,,0.20039465666661854,0.1890419296779094,0.6865079365079364,nan,nan,nan,0.8095238095238095,nan,0.75,0.5,nan,nan,nan,nan,nan,nan,nan,nan
Logistic Regression,0.75,43,2068,True,,0.08172816149763923,0.8422023661179973,0.8303571428571428,0.75,1.0,0.6666666666666666,0.9047619047619049,nan,nan,nan,nan,nan,nan,nan,nan,nan,nan,nan
Multiple Linear Regression,0.75,43,2068,True,,0.015552716008681453,0.35441916234873455,0.9449404761904763,0.875,1.0,1.0,0.9047619047619049,nan,nan,nan,nan,nan,nan,0.0030865782102764694,nan,nan,nan,nan
Figure 1,0.75,43,2068,True,,0.07602523264236426,0.12829658857000711,0.7867063492063492,nan,nan,nan,nan,0.6666666666666666,0.75,nan,nan,nan,nan,nan,0.875,0.6666666666666666,0.8452380952380953,0.9166666666666667
Figure 2,0.75,43,2068,True,,0.39574740415516496,0.38341306104396544,0.2823972220003998,nan,nan,nan,0.12958888800159912,nan,nan,nan,1.0,0.0,0.0,nan,nan,nan,nan,nan
Correlation Analysis,0.75,43,2068,True,,0.038111916990437346,0.39605263377573924,0.8629926108374384,0.8928571428571429,nan,1.0,0.8924466338259441,0.6666666666666666,nan,nan,nan,nan,nan,nan,nan,nan,nan,nan
Variance Analysis,0.75,43,2068,True,,0.2784871016828035,0.26271029361879683,0.6825396825396824,nan,nan,nan,0.7976190476190477,nan,0.75,0.5,nan,nan,nan,nan,nan,nan,nan,nan
Logistic Regression,0.75,44,2069,True,,0.15989641737413177,1.6477201808849515,0.6770833333333334,0.875,1.0,0.3333333333333333,0.5,nan,nan,nan,nan,nan,nan,nan,nan,nan,nan,nan
Multiple Linear Regression,0.75,44,2069,True,,0.022557646582960153,0.5140492632945163,0.7276785714285715,0.875,1.0,0.3333333333333333,0.7023809523809524,nan,nan,nan,nan,nan,nan,0.00146803348063973,nan,nan,nan,nan
Figure 1,0.75,44,2069,True,,0.07449684235494092,0.125717349374484,0.8621031746031745,nan,nan,nan,nan,1.0,0.875,nan,nan,nan,nan,nan,0.875,0.6666666666666666,0.9464285714285714,0.8095238095238095
Figure 2,0.75,44,2069,True,,0.4201791416218674,0.40708332937769814,0.5119623462896227,nan,nan,nan,0.5478493851584907,nan,nan,nan,1.0,0.5,0.0,nan,nan,nan,nan,nan
Correlation Analysis,0.75,44,2069,True,,0.036063349765368874,0.3747642675894202,0.9156061850027367,0.8214285714285714,nan,1.0,0.8409961685823755,1.0,nan,nan,nan,nan,nan,nan,nan,nan,nan,nan
Variance Analysis,0.75,44,2069,True,,0.18952879019463015,0.1787916345869358,0.7619047619047619,nan,nan,nan,0.9107142857142858,nan,0.875,0.5,nan,nan,nan,nan,nan,nan,nan,nan
Logistic Regression,0.75,45,2070,True,,0.09187450900528654,0.9467596903231044,0.8169642857142857,0.875,1.0,0.6666666666666666,0.7261904761904762,nan,nan,nan,nan,nan,nan,nan,nan,nan,nan,nan
Multiple Linear Regression,0.75,45,2070,True,,0.02231101513814258,0.5084289645613362,0.7485119047619049,1.0,0.875,0.3333333333333333,0.7857142857142858,nan,nan,nan,nan,nan,nan,0.006949969228445929,nan,nan,nan,nan
Figure 1,0.75,45,2070,True,,0.06926453657739949,0.11688755749773233,0.7599206349206349,nan,nan,nan,nan,1.0,0.875,nan,nan,nan,nan,nan,0.875,0.3333333333333333,0.9166666666666667,0.5595238095238095
Figure 2,0.75,45,2070,True,,0.3972915656380189,0.3849090953190382,0.3509298672204798,nan,nan,nan,0.40371946888191934,nan,nan,nan,1.0,0.0,0.0,nan,nan,nan,nan,nan
Correlation Analysis,0.75,45,2070,True,,0.0387989946976234,0.4031926297934654,0.8530719759168035,0.9642857142857143,nan,0.6666666666666666,0.7813355227148331,1.0,nan,nan,nan,nan,nan,nan,nan,nan,nan,nan
Variance Analysis,0.75,45,2070,True,,0.18205860097394902,0.17174464536662934,0.75,nan,nan,nan,0.8750000000000001,nan,0.875,0.5,nan,nan,nan,nan,nan,nan,nan,nan
Logistic Regression,0.75,46,2071,True,,0.08139920720080179,0.8388125175998807,0.8318452380952381,0.875,1.0,0.6666666666666666,0.7857142857142858,nan,nan,nan,nan,nan,nan,nan,nan,nan,nan,nan
Multiple Linear Regression,0.75,46,2071,True,,0.013855697828068609,0.3157470897841967,0.9345238095238095,0.875,0.875,1.0,0.9880952380952381,nan,nan,nan,nan,nan,nan,0.004126623658786022,nan,nan,nan,nan
Figure 1,0.75,46,2071,True,,0.0998778183255696,0.16854908455544879,0.8174603174603176,nan,nan,nan,nan,1.0,0.625,nan,nan,nan,nan,nan,0.875,0.6666666666666666,0.8690476190476191,0.8690476190476191
Figure 2,0.75,46,2071,True,,0.4062479034621522,0.3935862890664631,0.5079748975264151,nan,nan,nan,0.5318995901056605,nan,nan,nan,1.0,0.5,0.0,nan,nan,nan,nan,nan
Correlation Analysis,0.75,46,2071,True,,0.03847626695509798,0.39983889735193634,0.8249521072796935,0.8214285714285714,nan,0.6666666666666666,0.8117131910235358,1.0,nan,nan,nan,nan,nan,nan,nan,nan,nan,nan
Variance Analysis,0.75,46,2071,True,,0.23480299110774833,0.22150096849637096,0.6686507936507936,nan,nan,nan,0.8809523809523809,nan,0.625,0.5,nan,nan,nan,nan,nan,nan,nan,nan
Logistic Regression,0.75,47,2072,True,,0.1131466951730615,1.1659679190989358,0.7842261904761905,0.625,1.0,0.6666666666666666,0.8452380952380953,nan,nan,nan,nan,nan,nan,nan,nan,nan,nan,nan
Multiple Linear Regression,0.75,47,2072,True,,0.023958766185976726,0.5459783254450973,0.9657738095238095,0.875,1.0,1.0,0.9880952380952381,nan,nan,nan,nan,nan,nan,0.007063158315100515,nan,nan,nan,nan
Figure 1,0.75,47,2072,True,,0.06203372716053799,0.10468518535706141,0.8839285714285715,nan,nan,nan,nan,1.0,0.875,nan,nan,nan,nan,nan,1.0,0.6666666666666666,0.9166666666666667,0.8452380952380953
Figure 2,0.75,47,2072,True,,0.39415907393882355,0.38187423465167075,0.32077069682037723,nan,nan,nan,0.28308278728150893,nan,nan,nan,1.0,0.0,0.0,nan,nan,nan,nan,nan
Correlation Analysis,0.75,47,2072,True,,0.03652889764921307,0.379602162927812,0.8328886152162014,0.8214285714285714,nan,0.6666666666666666,0.8434592227695676,1.0,nan,nan,nan,nan,nan,nan,nan,nan,nan,nan
Variance Analysis,0.75,47,2072,True,,0.1726860318523222,0.16290304957628077,0.7242063492063492,nan,nan,nan,0.7976190476190477,nan,0.875,0.5,nan,nan,nan,nan,nan,nan,nan,nan
Logistic Regression,0.75,48,2073,True,,0.07102142586555497,0.7318702857493266,0.7767857142857142,0.75,1.0,0.6666666666666666,0.6904761904761905,nan,nan,nan,nan,nan,nan,nan,nan,nan,nan,nan
Multiple Linear Regression,0.75,48,2073,True,,0.016005613902991087,0.3647399122576974,0.8616071428571428,0.875,1.0,0.6666666666666666,0.9047619047619049,nan,nan,nan,nan,nan,nan,0.0021542664130309586,nan,nan,nan,nan
Figure 1,0.75,48,2073,True,,0.061954473316552766,0.10455144031661942,0.7738095238095238,nan,nan,nan,nan,0.5,0.875,nan,nan,nan,nan,nan,1.0,0.6666666666666666,0.9583333333333334,0.6428571428571429
Figure 2,0.75,48,2073,True,,0.39236290196140367,0.380134044346458,0.6592920593635849,nan,nan,nan,0.6371682374543399,nan,nan,nan,1.0,0.5,0.5,nan,nan,nan,nan,nan
Correlation Analysis,0.75,48,2073,True,,0.036608623733660334,0.3804306629933923,0.7214354132457581,0.8214285714285714,nan,0.6666666666666666,0.8976464148877942,0.5,nan,nan,nan,nan,nan,nan,nan,nan,nan,nan
Variance Analysis,0.75,48,2073,True,,0.2741384314058648,0.25860798353548414,0.9305555555555557,nan,nan,nan,0.9166666666666667,nan,0.875,1.0,nan,nan,nan,nan,nan,nan,nan,nan
Logistic Regression,0.75,49,2074,True,,0.13277691633370814,1.36825582581263,0.7113095238095238,1.0,1.0,0.3333333333333333,0.5119047619047619,nan,nan,nan,nan,nan,nan,nan,nan,nan,nan,nan
Multiple Linear Regression,0.75,49,2074,True,,0.014196054369930999,0.3235032193502124,0.8318452380952381,0.875,1.0,0.6666666666666666,0.7857142857142858,nan,nan,nan,nan,nan,nan,0.0031155980520884974,nan,nan,nan,nan
Figure 1,0.75,49,2074,True,,0.06506875236711276,0.10980695041708102,0.875,nan,nan,nan,nan,0.6666666666666666,0.875,nan,nan,nan,nan,nan,0.875,1.0,0.9642857142857144,0.8690476190476191
Figure 2,0.75,49,2074,True,,0.3927807239778757,0.38053884401570437,0.37175077971931225,nan,nan,nan,0.4870031188772491,nan,nan,nan,1.0,0.0,0.0,nan,nan,nan,nan,nan
Correlation Analysis,0.75,49,2074,True,,0.033055123295065186,0.3435032838699024,0.8558429118773946,0.9285714285714286,nan,1.0,0.8281335522714833,0.6666666666666666,nan,nan,nan,nan,nan,nan,nan,nan,nan,nan
Variance Analysis,0.75,49,2074,True,,0.18359512312090118,0.1731941206993769,0.7420634920634921,nan,nan,nan,0.8511904761904763,nan,0.875,0.5,nan,nan,nan,nan,nan,nan,nan,nan
Logistic Regression,0.75,50,2075,True,,0.11875871004512668,1.2237992971372051,0.6086309523809523,0.375,1.0,0.3333333333333333,0.7261904761904762,nan,nan,nan,nan,nan,nan,nan,nan,nan,nan,nan
Multiple Linear Regression,0.75,50,2075,True,,0.022970439892583447,0.5234560999485248,0.8794642857142857,0.625,1.0,1.0,0.8928571428571429,nan,nan,nan,nan,nan,nan,0.007579913980619191,nan,nan,nan,nan
Figure 1,0.75,50,2075,True,,0.06581127037013058,0.11105998869697858,0.751984126984127,nan,nan,nan,nan,0.6666666666666666,0.75,nan,nan,nan,nan,nan,1.0,0.3333333333333333,0.9642857142857144,0.7976190476190477
Figure 2,0.75,50,2075,True,,0.42742226618257184,0.41410070594210274,0.4308242826849058,nan,nan,nan,0.7232971307396232,nan,nan,nan,1.0,0.0,0.0,nan,nan,nan,nan,nan
Correlation Analysis,0.75,50,2075,True,,0.03237696741643447,0.3364560019945356,0.8551245210727969,0.8928571428571429,nan,1.0,0.8609742747673782,0.6666666666666666,nan,nan,nan,nan,nan,nan,nan,nan,nan,nan
Variance Analysis,0.75,50,2075,True,,0.277980753412685,0.26223263091229315,0.871031746031746,nan,nan,nan,0.8630952380952381,nan,0.75,1.0,nan,nan,nan,nan,nan,nan,nan,nan
Logistic Regression,1.0,1,2026,True,,0.15494509813438112,1.596697220099959,0.6473214285714286,0.875,1.0,0.3333333333333333,0.38095238095238093,nan,nan,nan,nan,nan,nan,nan,nan,nan,nan,nan
Multiple Linear Regression,1.0,1,2026,True,,0.01813395909326694,0.4132411720444425,0.9880952380952381,1.0,1.0,1.0,0.9523809523809523,nan,nan,nan,nan,nan,nan,0.004736609146538062,nan,nan,nan,nan
Figure 1,1.0,1,2026,True,,0.07927117237022484,0.13377428300531893,0.8521825396825399,nan,nan,nan,nan,1.0,0.625,nan,nan,nan,nan,nan,0.875,1.0,0.7559523809523809,0.8571428571428572
Figure 2,1.0,1,2026,True,,0.5313667356265116,0.5148055161054715,0.5502418544164152,nan,nan,nan,0.7009674176656608,nan,nan,nan,1.0,0.5,0.0,nan,nan,nan,nan,nan
Correlation Analysis,1.0,1,2026,True,,0.040388767720613075,0.4197132837668319,0.825944170771757,0.8571428571428571,nan,0.6666666666666666,0.7799671592775042,1.0,nan,nan,nan,nan,nan,nan,nan,nan,nan,nan
Variance Analysis,1.0,1,2026,True,,0.39389345163219536,0.37157866094164343,0.7341269841269842,nan,nan,nan,0.5773809523809523,nan,0.625,1.0,nan,nan,nan,nan,nan,nan,nan,nan
Logistic Regression,1.0,2,2027,True,,0.050944446275860394,0.5249785680709357,0.8348214285714286,0.875,1.0,0.6666666666666666,0.7976190476190477,nan,nan,nan,nan,nan,nan,nan,nan,nan,nan,nan
Multiple Linear Regression,1.0,2,2027,True,,0.02230213419786272,0.5082265834844168,0.7678571428571429,1.0,1.0,0.3333333333333333,0.7380952380952381,nan,nan,nan,nan,nan,nan,0.009400348526397262,nan,nan,nan,nan
Figure 1,1.0,2,2027,True,,0.08217123745644274,0.1386682957463653,0.8055555555555557,nan,nan,nan,nan,1.0,0.625,nan,nan,nan,nan,nan,0.875,0.6666666666666666,0.8333333333333335,0.8333333333333335
Figure 2,1.0,2,2027,True,,0.5116310322358285,0.49568491955972466,0.6568995901056605,nan,nan,nan,0.6275983604226418,nan,nan,nan,1.0,0.5,0.5,nan,nan,nan,nan,nan
Correlation Analysis,1.0,2,2027,True,,0.030910406623323963,0.3212157487989435,0.8487958401751505,0.8571428571428571,nan,0.6666666666666666,0.8713738368910783,1.0,nan,nan,nan,nan,nan,nan,nan,nan,nan,nan
Variance Analysis,1.0,2,2027,True,,0.3290106871401963,0.31037162475399627,0.638888888888889,nan,nan,nan,0.7916666666666667,nan,0.625,0.5,nan,nan,nan,nan,nan,nan,nan,nan
Logistic Regression,1.0,3,2028,True,,0.09711479866034986,1.0007604688278975,0.7931547619047619,0.625,1.0,0.6666666666666666,0.880952380952381,nan,nan,nan,nan,nan,nan,nan,nan,nan,nan,nan
Multiple Linear Regression,1.0,3,2028,True,,0.018614919868311805,0.4242014258624153,0.8616071428571428,1.0,0.875,0.6666666666666666,0.9047619047619049,nan,nan,nan,nan,nan,nan,0.010508852763266074,nan,nan,nan,nan
Figure 1,1.0,3,2028,True,,0.13021294208111328,0.21974120533452443,0.6359126984126985,nan,nan,nan,nan,0.3333333333333333,0.5,nan,nan,nan,nan,nan,0.875,0.6666666666666666,0.6666666666666667,0.7738095238095238
Figure 2,1.0,3,2028,True,,0.51380027474712,0.49778655283051393,0.5200584439829334,nan,nan,nan,0.5802337759317339,nan,nan,nan,1.0,0.5,0.0,nan,nan,nan,nan,nan
Correlation Analysis,1.0,3,2028,True,,0.04384038639677956,0.45558192474409537,0.6663929939792009,0.7857142857142857,nan,0.6666666666666666,0.8798576902025178,0.3333333333333333,nan,nan,nan,nan,nan,nan,nan,nan,nan,nan
Variance Analysis,1.0,3,2028,True,,0.3325091873037797,0.31367192842927116,0.5416666666666666,nan,nan,nan,0.625,nan,0.5,0.5,nan,nan,nan,nan,nan,nan,nan,nan
Logistic Regression,1.0,4,2029,True,,0.10738998935215863,1.1066455120538479,0.6279761904761905,0.75,1.0,0.3333333333333333,0.42857142857142855,nan,nan,nan,nan,nan,nan,nan,nan,nan,nan,nan
Multiple Linear Regression,1.0,4,2029,True,,0.024479171116525065,0.5578374424934726,0.7113095238095238,0.75,1.0,0.3333333333333333,0.761904761904762,nan,nan,nan,nan,nan,nan,0.013376964324149143,nan,nan,nan,nan
Figure 1,1.0,4,2029,True,,0.05278450747607302,0.08907663946765142,0.6478174603174603,nan,nan,nan,nan,0.0,1.0,nan,nan,nan,nan,nan,1.0,0.3333333333333333,0.9464285714285715,0.6071428571428572
Figure 2,1.0,4,2029,True,,0.5277865830346634,0.5113369468872467,0.6151908391103582,nan,nan,nan,0.4607633564414329,nan,nan,nan,1.0,0.5,0.5,nan,nan,nan,nan,nan
Correlation Analysis,1.0,4,2029,True,,0.04981134934917384,0.5176311678736517,0.6056034482758621,0.8928571428571429,nan,0.6666666666666666,0.8628899835796388,0.0,nan,nan,nan,nan,nan,nan,nan,nan,nan,nan
Variance Analysis,1.0,4,2029,True,,0.4149682676324473,0.3914595497366098,0.9861111111111112,nan,nan,nan,0.9583333333333334,nan,1.0,1.0,nan,nan,nan,nan,nan,nan,nan,nan
Logistic Regression,1.0,5,2030,True,,0.08583737003702084,0.8845474414423632,0.7470238095238095,0.75,1.0,0.6666666666666666,0.5714285714285714,nan,nan,nan,nan,nan,nan,nan,nan,nan,nan,nan
Multiple Linear Regression,1.0,5,2030,True,,0.02170218122339592,0.4945547058174896,0.7961309523809523,0.625,1.0,0.6666666666666666,0.8928571428571429,nan,nan,nan,nan,nan,nan,0.00822132871816772,nan,nan,nan,nan
Figure 1,1.0,5,2030,True,,0.1087748572208896,0.18356330679418686,0.5426587301587301,nan,nan,nan,nan,0.0,0.5,nan,nan,nan,nan,nan,1.0,0.3333333333333333,0.7797619047619049,0.6428571428571429
Figure 2,1.0,5,2030,True,,0.5088675856913931,0.4930076019386647,0.6887595457826716,nan,nan,nan,0.7550381831306863,nan,nan,nan,1.0,0.5,0.5,nan,nan,nan,nan,nan
Correlation Analysis,1.0,5,2030,True,,0.05181148708827149,0.5384162629839984,0.6414203612479474,0.7857142857142857,nan,1.0,0.7799671592775042,0.0,nan,nan,nan,nan,nan,nan,nan,nan,nan,nan
Variance Analysis,1.0,5,2030,True,,0.362590119161662,0.3420487200040289,0.5972222222222222,nan,nan,nan,0.7916666666666667,nan,0.5,0.5,nan,nan,nan,nan,nan,nan,nan,nan
Logistic Regression,1.0,6,2031,True,,0.08909684339984099,0.9181360616702268,0.7633928571428571,0.625,1.0,0.6666666666666666,0.761904761904762,nan,nan,nan,nan,nan,nan,nan,nan,nan,nan,nan
Multiple Linear Regression,1.0,6,2031,True,,0.030479087856097486,0.6945650380989227,0.9017857142857143,0.75,1.0,1.0,0.8571428571428572,nan,nan,nan,nan,nan,nan,0.0071263534654174565,nan,nan,nan,nan
Figure 1,1.0,6,2031,True,,0.10083707477893532,0.17016788039800182,0.7966269841269842,nan,nan,nan,nan,1.0,0.5,nan,nan,nan,nan,nan,0.75,1.0,0.6964285714285714,0.8333333333333335
Figure 2,1.0,6,2031,True,,0.5161109845747355,0.5000252442758355,0.6545071208477359,nan,nan,nan,0.6180284833909436,nan,nan,nan,1.0,0.5,0.5,nan,nan,nan,nan,nan
Correlation Analysis,1.0,6,2031,True,,0.03737511161432773,0.3883958761830535,0.830528188286809,0.7857142857142857,nan,0.6666666666666666,0.8697318007662835,1.0,nan,nan,nan,nan,nan,nan,nan,nan,nan,nan
Variance Analysis,1.0,6,2031,True,,0.38469688820474895,0.3629030997982042,0.5734126984126985,nan,nan,nan,0.7202380952380952,nan,0.5,0.5,nan,nan,nan,nan,nan,nan,nan,nan
Logistic Regression,1.0,7,2032,True,,0.1646632325795584,1.6968418419047397,0.5803571428571428,1.0,1.0,0.0,0.3214285714285714,nan,nan,nan,nan,nan,nan,nan,nan,nan,nan,nan
Multiple Linear Regression,1.0,7,2032,True,,0.021722414908599805,0.49501579607061236,0.6919642857142857,0.625,1.0,0.3333333333333333,0.8095238095238095,nan,nan,nan,nan,nan,nan,0.0003183680895845198,nan,nan,nan,nan
Figure 1,1.0,7,2032,True,,0.10284481630498966,0.1735560500828595,0.7351190476190476,nan,nan,nan,nan,1.0,0.875,nan,nan,nan,nan,nan,1.0,0.3333333333333333,0.8452380952380953,0.3571428571428571
Figure 2,1.0,7,2032,True,,0.5455198330445464,0.5285175009405624,0.5167472848054717,nan,nan,nan,0.566989139221887,nan,nan,nan,1.0,0.5,0.0,nan,nan,nan,nan,nan
Correlation Analysis,1.0,7,2032,True,,0.04538904618991307,0.4716753369449828,0.9331896551724137,0.8928571428571429,nan,1.0,0.8399014778325122,1.0,nan,nan,nan,nan,nan,nan,nan,nan,nan,nan
Variance Analysis,1.0,7,2032,True,,0.37628498781946895,0.3549677490880444,0.6805555555555555,nan,nan,nan,0.6666666666666666,nan,0.875,0.5,nan,nan,nan,nan,nan,nan,nan,nan
Logistic Regression,1.0,8,2033,True,,0.066374238461795,0.6839813799484361,0.7857142857142857,0.75,1.0,0.6666666666666666,0.7261904761904762,nan,nan,nan,nan,nan,nan,nan,nan,nan,nan,nan
Multiple Linear Regression,1.0,8,2033,True,,0.014419632198827812,0.3285981665474174,0.7514880952380953,0.875,1.0,0.3333333333333333,0.7976190476190477,nan,nan,nan,nan,nan,nan,0.00018425118990683664,nan,nan,nan,nan
Figure 1,1.0,8,2033,True,,0.07673475232468577,0.12949394044386903,0.7757936507936508,nan,nan,nan,nan,0.3333333333333333,0.75,nan,nan,nan,nan,nan,0.875,1.0,0.8035714285714286,0.8928571428571429
Figure 2,1.0,8,2033,True,,0.5284587756629224,0.5119881891455812,0.31518826855188664,nan,nan,nan,0.2607530742075467,nan,nan,nan,1.0,0.0,0.0,nan,nan,nan,nan,nan
Correlation Analysis,1.0,8,2033,True,,0.05135774505363336,0.5337010520456904,0.6631089217296114,0.7857142857142857,nan,0.6666666666666666,0.8667214012041599,0.3333333333333333,nan,nan,nan,nan,nan,nan,nan,nan,nan,nan
Variance Analysis,1.0,8,2033,True,,0.37245114964748616,0.3513511049211783,0.636904761904762,nan,nan,nan,0.6607142857142858,nan,0.75,0.5,nan,nan,nan,nan,nan,nan,nan,nan
Logistic Regression,1.0,9,2034,True,,0.13335646057756678,1.3742279843012546,0.6845238095238095,0.75,1.0,0.3333333333333333,0.6547619047619048,nan,nan,nan,nan,nan,nan,nan,nan,nan,nan,nan
Multiple Linear Regression,1.0,9,2034,True,,0.0304688041226885,0.6943306898231234,0.6547619047619048,0.625,0.875,0.3333333333333333,0.7857142857142858,nan,nan,nan,nan,nan,nan,0.0059198706382690425,nan,nan,nan,nan
Figure 1,1.0,9,2034,True,,0.08644963380078556,0.14588831515902148,0.5744047619047619,nan,nan,nan,nan,0.6666666666666666,0.625,nan,nan,nan,nan,nan,0.625,0.3333333333333333,0.7559523809523809,0.44047619047619047
Figure 2,1.0,9,2034,True,,0.5326393354796993,0.5160384525696701,0.5519875244910036,nan,nan,nan,0.7079500979640145,nan,nan,nan,1.0,0.5,0.0,nan,nan,nan,nan,nan
Correlation Analysis,1.0,9,2034,True,,0.0342969670135437,0.35640831500661174,0.8387383689107827,0.8571428571428571,nan,1.0,0.831143951833607,0.6666666666666666,nan,nan,nan,nan,nan,nan,nan,nan,nan,nan
Variance Analysis,1.0,9,2034,True,,0.31776901029752275,0.2997668096431327,0.7896825396825397,nan,nan,nan,0.7440476190476191,nan,0.625,1.0,nan,nan,nan,nan,nan,nan,nan,nan
Logistic Regression,1.0,10,2035,True,,0.14178777334471007,1.4611120085084321,0.6294642857142857,0.625,1.0,0.3333333333333333,0.5595238095238095,nan,nan,nan,nan,nan,nan,nan,nan,nan,nan,nan
Multiple Linear Regression,1.0,10,2035,True,,0.018966010603114574,0.4322021688881185,0.9389880952380952,0.875,1.0,1.0,0.880952380952381,nan,nan,nan,nan,nan,nan,0.0006128515336835116,nan,nan,nan,nan
Figure 1,1.0,10,2035,True,,0.09747682793847509,0.16449728668325186,0.8343253968253969,nan,nan,nan,nan,1.0,0.75,nan,nan,nan,nan,nan,0.875,0.6666666666666666,0.8095238095238095,0.9047619047619049
Figure 2,1.0,10,2035,True,,0.5039206155161357,0.4882148150299602,0.532697079858302,nan,nan,nan,0.6307883194332078,nan,nan,nan,1.0,0.5,0.0,nan,nan,nan,nan,nan
Correlation Analysis,1.0,10,2035,True,,0.04362077822405831,0.45329979353493177,0.8334701696770662,0.7857142857142857,nan,0.6666666666666666,0.8814997263273125,1.0,nan,nan,nan,nan,nan,nan,nan,nan,nan,nan
Variance Analysis,1.0,10,2035,True,,0.38154734183908406,0.35993198104444496,0.6904761904761904,nan,nan,nan,0.8214285714285714,nan,0.75,0.5,nan,nan,nan,nan,nan,nan,nan,nan
Logistic Regression,1.0,11,2036,True,,0.1090251867220594,1.1234960941391934,0.6770833333333334,0.875,1.0,0.3333333333333333,0.5,nan,nan,nan,nan,nan,nan,nan,nan,nan,nan,nan
Multiple Linear Regression,1.0,11,2036,True,,0.018196141951732126,0.41465821049595014,0.8422619047619047,0.875,0.875,0.6666666666666666,0.9523809523809523,nan,nan,nan,nan,nan,nan,0.008714559040245984,nan,nan,nan,nan
Figure 1,1.0,11,2036,True,,0.09549532146450698,0.161153390032052,0.7053571428571429,nan,nan,nan,nan,0.5,0.625,nan,nan,nan,nan,nan,0.875,0.6666666666666666,0.8273809523809524,0.7380952380952381
Figure 2,1.0,11,2036,True,,0.5105276964212021,0.49461597164597043,0.6372614511120522,nan,nan,nan,0.5490458044482089,nan,nan,nan,1.0,0.5,0.5,nan,nan,nan,nan,nan
Correlation Analysis,1.0,11,2036,True,,0.041318347845989936,0.4293733241435324,0.6955391351943077,0.7857142857142857,nan,0.6666666666666666,0.8297755883962781,0.5,nan,nan,nan,nan,nan,nan,nan,nan,nan,nan
Variance Analysis,1.0,11,2036,True,,0.3640539019062433,0.34342957675573976,0.638888888888889,nan,nan,nan,0.7916666666666667,nan,0.625,0.5,nan,nan,nan,nan,nan,nan,nan,nan
Logistic Regression,1.0,12,2037,True,,0.10114808206219658,1.0423231414980503,0.6056547619047619,0.625,1.0,0.3333333333333333,0.4642857142857143,nan,nan,nan,nan,nan,nan,nan,nan,nan,nan,nan
Multiple Linear Regression,1.0,12,2037,True,,0.018420247287395587,0.4197651786486117,0.8363095238095237,0.875,0.875,0.6666666666666666,0.9285714285714286,nan,nan,nan,nan,nan,nan,0.0024784318043463704,nan,nan,nan,nan
Figure 1,1.0,12,2037,True,,0.09892403018684474,0.1669395167821731,0.7619047619047619,nan,nan,nan,nan,0.5,0.75,nan,nan,nan,nan,nan,1.0,0.6666666666666666,0.9285714285714286,0.7261904761904762
Figure 2,1.0,12,2037,True,,0.5232100532484342,0.5069030547735563,0.8655366373416968,nan,nan,nan,0.9621465493667871,nan,nan,nan,1.0,1.0,0.5,nan,nan,nan,nan,nan
Correlation Analysis,1.0,12,2037,True,,0.05438780402899373,0.5651889154871541,0.6630405035577449,0.7142857142857143,nan,0.6666666666666666,0.7712096332785988,0.5,nan,nan,nan,nan,nan,nan,nan,nan,nan,nan
Variance Analysis,1.0,12,2037,True,,0.26993204459563774,0.254639896298009,0.6448412698412699,nan,nan,nan,0.6845238095238095,nan,0.75,0.5,nan,nan,nan,nan,nan,nan,nan,nan
Logistic Regression,1.0,13,2038,True,,0.11573423194435459,1.1926322848605873,0.6413690476190476,0.375,1.0,0.6666666666666666,0.5238095238095238,nan,nan,nan,nan,nan,nan,nan,nan,nan,nan,nan
Multiple Linear Regression,1.0,13,2038,True,,0.02284930789878315,0.5206957139328366,0.8288690476190476,0.875,1.0,0.6666666666666666,0.7738095238095238,nan,nan,nan,nan,nan,nan,0.00770302589408256,nan,nan,nan,nan
Figure 1,1.0,13,2038,True,,0.08145531594697136,0.13746014045164692,0.75,nan,nan,nan,nan,0.6666666666666666,0.875,nan,nan,nan,nan,nan,1.0,0.3333333333333333,0.9583333333333334,0.6666666666666667
Figure 2,1.0,13,2038,True,,0.5176548582442613,0.5015209997079191,0.35027781766811317,nan,nan,nan,0.4011112706724526,nan,nan,nan,1.0,0.0,0.0,nan,nan,nan,nan,nan
Correlation Analysis,1.0,13,2038,True,,0.042440971361743025,0.44103943897748715,0.7437397372742199,0.75,nan,0.6666666666666666,0.8916256157635468,0.6666666666666666,nan,nan,nan,nan,nan,nan,nan,nan,nan,nan
Variance Analysis,1.0,13,2038,True,,0.3498731400069284,0.3300521811787247,0.7202380952380952,nan,nan,nan,0.7857142857142858,nan,0.875,0.5,nan,nan,nan,nan,nan,nan,nan,nan
Logistic Regression,1.0,14,2039,True,,0.09605960996485949,0.9898868311519955,0.6026785714285714,0.375,1.0,0.3333333333333333,0.7023809523809524,nan,nan,nan,nan,nan,nan,nan,nan,nan,nan,nan
Multiple Linear Regression,1.0,14,2039,True,,0.01853971180139568,0.42248756571969803,0.7663690476190477,1.0,0.875,0.3333333333333333,0.8571428571428572,nan,nan,nan,nan,nan,nan,0.0044974275222807725,nan,nan,nan,nan
Figure 1,1.0,14,2039,True,,0.04432625483726922,0.07480289217211085,0.651984126984127,nan,nan,nan,nan,0.4,0.75,nan,nan,nan,nan,nan,0.875,0.3333333333333333,0.9702380952380952,0.5833333333333334
Figure 2,1.0,14,2039,True,,0.5190854452253116,0.5029069992817259,0.6739426033183576,nan,nan,nan,0.6957704132734307,nan,nan,nan,1.0,0.5,0.5,nan,nan,nan,nan,nan
Correlation Analysis,1.0,14,2039,True,,0.035223176214019526,0.36603332529847954,0.7078612479474548,0.8928571428571429,nan,0.6666666666666666,0.8719211822660098,0.4,nan,nan,nan,nan,nan,nan,nan,nan,nan,nan
Variance Analysis,1.0,14,2039,True,,0.37821668629187694,0.35679001327838844,0.876984126984127,nan,nan,nan,0.8809523809523809,nan,0.75,1.0,nan,nan,nan,nan,nan,nan,nan,nan
Logistic Regression,1.0,15,2040,True,,0.10735294131569037,1.106263734911161,0.8214285714285714,0.75,1.0,0.6666666666666666,0.8690476190476191,nan,nan,nan,nan,nan,nan,nan,nan,nan,nan,nan
Multiple Linear Regression,1.0,15,2040,True,,0.025815960540912744,0.588300532526343,0.7247023809523809,0.875,1.0,0.3333333333333333,0.6904761904761905,nan,nan,nan,nan,nan,nan,0.000640054695271175,nan,nan,nan,nan
Figure 1,1.0,15,2040,True,,0.10174799712818591,0.17170510989140955,0.6517857142857143,nan,nan,nan,nan,0.5,0.75,nan,nan,nan,nan,nan,1.0,0.3333333333333333,0.898809523809524,0.42857142857142855
Figure 2,1.0,15,2040,True,,0.5068811808604667,0.49108310780755626,0.6137672713695572,nan,nan,nan,0.455069085478229,nan,nan,nan,1.0,0.5,0.5,nan,nan,nan,nan,nan
Correlation Analysis,1.0,15,2040,True,,0.04780820397537542,0.49681481792915505,0.696360153256705,0.8571428571428571,nan,0.6666666666666666,0.7616310892172962,0.5,nan,nan,nan,nan,nan,nan,nan,nan,nan,nan
Variance Analysis,1.0,15,2040,True,,0.3793394237244232,0.35784914556415226,0.6924603174603176,nan,nan,nan,0.8273809523809524,nan,0.75,0.5,nan,nan,nan,nan,nan,nan,nan,nan
Logistic Regression,1.0,16,2041,True,,0.1520567093903142,1.5669325980902984,0.8258928571428571,0.875,1.0,0.6666666666666666,0.761904761904762,nan,nan,nan,nan,nan,nan,nan,nan,nan,nan,nan
Multiple Linear Regression,1.0,16,2041,True,,0.020468867835010958,0.4664496534407288,0.8571428571428571,1.0,1.0,0.6666666666666666,0.761904761904762,nan,nan,nan,nan,nan,nan,5.5241929678429e-06,nan,nan,nan,nan
Figure 1,1.0,16,2041,True,,0.07527535223891896,0.12703112585120022,0.7867063492063492,nan,nan,nan,nan,1.0,0.75,nan,nan,nan,nan,nan,0.625,0.6666666666666666,0.8690476190476191,0.8095238095238095
Figure 2,1.0,16,2041,True,,0.499202231494352,0.4836434898817005,0.6361648565369812,nan,nan,nan,0.5446594261479246,nan,nan,nan,1.0,0.5,0.5,nan,nan,nan,nan,nan
Correlation Analysis,1.0,16,2041,True,,0.03505961811255881,0.36433365700640363,0.8515667761357417,0.8214285714285714,nan,0.6666666666666666,0.9181718664477285,1.0,nan,nan,nan,nan,nan,nan,nan,nan,nan,nan
Variance Analysis,1.0,16,2041,True,,0.3690852020213147,0.34817584443753774,0.6488095238095238,nan,nan,nan,0.6964285714285714,nan,0.75,0.5,nan,nan,nan,nan,nan,nan,nan,nan
Logistic Regression,1.0,17,2042,True,,0.13943538157019678,1.4368707937028247,0.5178571428571428,0.5,1.0,0.3333333333333333,0.23809523809523803,nan,nan,nan,nan,nan,nan,nan,nan,nan,nan,nan
Multiple Linear Regression,1.0,17,2042,True,,0.019697436055328164,0.448870074091903,0.8497023809523809,0.875,1.0,0.6666666666666666,0.8571428571428572,nan,nan,nan,nan,nan,nan,0.003301784296488308,nan,nan,nan,nan
Figure 1,1.0,17,2042,True,,0.0980117076693298,0.16539992443099438,0.7123015873015873,nan,nan,nan,nan,1.0,0.625,nan,nan,nan,nan,nan,0.875,0.3333333333333333,0.75,0.6904761904761905
Figure 2,1.0,17,2042,True,,0.5248040289988052,0.5084473507443265,0.5,nan,nan,nan,0.5,nan,nan,nan,1.0,0.0,0.5,nan,nan,nan,nan,nan
Correlation Analysis,1.0,17,2042,True,,0.05401211450121402,0.5612848130774946,0.7863300492610837,0.7857142857142857,nan,0.6666666666666666,0.6929392446633826,1.0,nan,nan,nan,nan,nan,nan,nan,nan,nan,nan
Variance Analysis,1.0,17,2042,True,,0.30410784376171973,0.2868795733937359,0.6309523809523809,nan,nan,nan,0.7678571428571429,nan,0.625,0.5,nan,nan,nan,nan,nan,nan,nan,nan
Logistic Regression,1.0,18,2043,True,,0.10055196972095863,1.0361802500508075,0.8348214285714286,0.875,1.0,0.6666666666666666,0.7976190476190477,nan,nan,nan,nan,nan,nan,nan,nan,nan,nan,nan
Multiple Linear Regression,1.0,18,2043,True,,0.015802493128019082,0.3601111454956079,0.8690476190476191,1.0,1.0,0.6666666666666666,0.8095238095238095,nan,nan,nan,nan,nan,nan,0.002682462312302847,nan,nan,nan,nan
Figure 1,1.0,18,2043,True,,0.08430582501750843,0.14227052480335464,0.7589285714285715,nan,nan,nan,nan,0.6666666666666666,1.0,nan,nan,nan,nan,nan,1.0,0.3333333333333333,0.9821428571428572,0.5714285714285714
Figure 2,1.0,18,2043,True,,0.5224113909642417,0.5061292845658242,0.6170727142276276,nan,nan,nan,0.4682908569105099,nan,nan,nan,1.0,0.5,0.5,nan,nan,nan,nan,nan
Correlation Analysis,1.0,18,2043,True,,0.04388670589443694,0.4560632691762575,0.7259510125889436,0.75,nan,0.6666666666666666,0.8204707170224411,0.6666666666666666,nan,nan,nan,nan,nan,nan,nan,nan,nan,nan
Variance Analysis,1.0,18,2043,True,,0.40838468926385896,0.3852489432280032,0.9781746031746031,nan,nan,nan,0.9345238095238095,nan,1.0,1.0,nan,nan,nan,nan,nan,nan,nan,nan
Logistic Regression,1.0,19,2044,True,,0.17820741260683562,1.8364135667187194,0.7619047619047619,0.75,1.0,0.6666666666666666,0.6309523809523809,nan,nan,nan,nan,nan,nan,nan,nan,nan,nan,nan
Multiple Linear Regression,1.0,19,2044,True,,0.03062392831408181,0.6978656984957535,0.7232142857142858,0.75,1.0,0.3333333333333333,0.8095238095238095,nan,nan,nan,nan,nan,nan,0.002560565174943741,nan,nan,nan,nan
Figure 1,1.0,19,2044,True,,0.1270869960240507,0.2144660065454383,0.7509920634920636,nan,nan,nan,nan,1.0,0.75,nan,nan,nan,nan,nan,1.0,0.3333333333333333,0.8154761904761905,0.6071428571428572
Figure 2,1.0,19,2044,True,,0.5047205984849826,0.4889898647602887,0.7309085842298888,nan,nan,nan,0.923634336919555,nan,nan,nan,1.0,0.5,0.5,nan,nan,nan,nan,nan
Correlation Analysis,1.0,19,2044,True,,0.04926676281921007,0.511971916213205,0.8015188834154351,0.7857142857142857,nan,0.6666666666666666,0.7536945812807881,1.0,nan,nan,nan,nan,nan,nan,nan,nan,nan,nan
Variance Analysis,1.0,19,2044,True,,0.28134127520085156,0.2654027729416613,0.634920634920635,nan,nan,nan,0.6547619047619049,nan,0.75,0.5,nan,nan,nan,nan,nan,nan,nan,nan
Logistic Regression,1.0,20,2045,True,,0.1519686658844107,1.5660253165898403,0.36607142857142855,0.25,1.0,0.0,0.21428571428571425,nan,nan,nan,nan,nan,nan,nan,nan,nan,nan,nan
Multiple Linear Regression,1.0,20,2045,True,,0.014356791788379305,0.3271661436376968,0.8556547619047619,0.875,1.0,0.6666666666666666,0.880952380952381,nan,nan,nan,nan,nan,nan,0.0030623101857047974,nan,nan,nan,nan
Figure 1,1.0,20,2045,True,,0.11302899618217747,0.19074239059394954,0.8630952380952381,nan,nan,nan,nan,1.0,0.75,nan,nan,nan,nan,nan,1.0,0.6666666666666666,0.9285714285714286,0.8333333333333335
Figure 2,1.0,20,2045,True,,0.5116368651327424,0.4956905706615059,0.8246174116165125,nan,nan,nan,0.79846964646605,nan,nan,nan,1.0,0.5,1.0,nan,nan,nan,nan,nan
Correlation Analysis,1.0,20,2045,True,,0.04338437271651701,0.45084310724638016,0.8409619594964423,0.8928571428571429,nan,0.6666666666666666,0.8043240284619595,1.0,nan,nan,nan,nan,nan,nan,nan,nan,nan,nan
Variance Analysis,1.0,20,2045,True,,0.334707936693093,0.3157461146094217,0.5198412698412699,nan,nan,nan,0.8095238095238095,nan,0.75,0.0,nan,nan,nan,nan,nan,nan,nan,nan
Logistic Regression,1.0,21,2046,True,,0.09476925271271551,0.9765897997373761,0.7321428571428571,0.5,1.0,0.6666666666666666,0.761904761904762,nan,nan,nan,nan,nan,nan,nan,nan,nan,nan,nan
Multiple Linear Regression,1.0,21,2046,True,,0.019573562791672054,0.44604721933663727,0.9613095238095238,1.0,1.0,1.0,0.8452380952380953,nan,nan,nan,nan,nan,nan,0.004080496736183492,nan,nan,nan,nan
Figure 1,1.0,21,2046,True,,0.11098253700703724,0.18728888283484305,0.7291666666666666,nan,nan,nan,nan,0.6666666666666666,0.5,nan,nan,nan,nan,nan,1.0,0.6666666666666666,0.7202380952380953,0.8214285714285714
Figure 2,1.0,21,2046,True,,0.5113736130301488,0.495435523392915,0.3279481045941508,nan,nan,nan,0.3117924183766033,nan,nan,nan,1.0,0.0,0.0,nan,nan,nan,nan,nan
Correlation Analysis,1.0,21,2046,True,,0.03418393315011161,0.35523368610171147,0.8301518883415434,0.8214285714285714,nan,1.0,0.8325123152709359,0.6666666666666666,nan,nan,nan,nan,nan,nan,nan,nan,nan,nan
Variance Analysis,1.0,21,2046,True,,0.4340314514400874,0.4094427690137397,0.5396825396825397,nan,nan,nan,0.6190476190476191,nan,0.5,0.5,nan,nan,nan,nan,nan,nan,nan,nan
Logistic Regression,1.0,22,2047,True,,0.10631738157083112,1.0955923720492646,0.6964285714285714,0.5,1.0,0.6666666666666666,0.6190476190476191,nan,nan,nan,nan,nan,nan,nan,nan,nan,nan,nan
Multiple Linear Regression,1.0,22,2047,True,,0.025818146616082845,0.5883503493512748,0.8199404761904762,0.875,1.0,0.6666666666666666,0.7380952380952381,nan,nan,nan,nan,nan,nan,0.008787315688751907,nan,nan,nan,nan
Figure 1,1.0,22,2047,True,,0.059540680649941634,0.10047803792272868,0.8839285714285713,nan,nan,nan,nan,1.0,1.0,nan,nan,nan,nan,nan,0.875,0.6666666666666666,0.9523809523809524,0.8095238095238095
Figure 2,1.0,22,2047,True,,0.5024756260732285,0.48681486187887396,0.519025485853694,nan,nan,nan,0.5761019434147762,nan,nan,nan,1.0,0.5,0.0,nan,nan,nan,nan,nan
Correlation Analysis,1.0,22,2047,True,,0.04733731643701709,0.49192143379878495,0.7927613574165298,0.7857142857142857,nan,0.6666666666666666,0.7186644772851669,1.0,nan,nan,nan,nan,nan,nan,nan,nan,nan,nan
Variance Analysis,1.0,22,2047,True,,0.4180838676826169,0.3943986452962708,0.7123015873015873,nan,nan,nan,0.6369047619047619,nan,1.0,0.5,nan,nan,nan,nan,nan,nan,nan,nan
Logistic Regression,1.0,23,2048,True,,0.11841035638735171,1.2202095397090704,0.6130952380952381,0.5,1.0,0.3333333333333333,0.6190476190476191,nan,nan,nan,nan,nan,nan,nan,nan,nan,nan,nan
Multiple Linear Regression,1.0,23,2048,True,,0.020690144039111864,0.4714921506393772,0.8244047619047619,0.875,0.875,0.6666666666666666,0.880952380952381,nan,nan,nan,nan,nan,nan,0.0027649349895181308,nan,nan,nan,nan
Figure 1,1.0,23,2048,True,,0.1608676930990644,0.271472713971494,0.7142857142857143,nan,nan,nan,nan,1.0,0.5,nan,nan,nan,nan,nan,0.75,0.6666666666666666,0.6428571428571428,0.7261904761904762
Figure 2,1.0,23,2048,True,,0.5201430687838552,0.5039316596629583,0.30801086077811307,nan,nan,nan,0.23204344311245223,nan,nan,nan,1.0,0.0,0.0,nan,nan,nan,nan,nan
Correlation Analysis,1.0,23,2048,True,,0.049304953671900215,0.512368789133501,0.8179734537493157,0.75,nan,0.6666666666666666,0.8552271483305967,1.0,nan,nan,nan,nan,nan,nan,nan,nan,nan,nan
Variance Analysis,1.0,23,2048,True,,0.41076251048186196,0.38749205648739604,0.33730158730158727,nan,nan,nan,0.5119047619047619,nan,0.5,0.0,nan,nan,nan,nan,nan,nan,nan,nan
Logistic Regression,1.0,24,2049,True,,0.10252240996916026,1.0564854839985633,0.7321428571428572,1.0,1.0,0.3333333333333333,0.5952380952380952,nan,nan,nan,nan,nan,nan,nan,nan,nan,nan,nan
Multiple Linear Regression,1.0,24,2049,True,,0.020457221734756767,0.4661842592102667,0.71875,0.875,1.0,0.3333333333333333,0.6666666666666667,nan,nan,nan,nan,nan,nan,0.00015606783799215762,nan,nan,nan,nan
Figure 1,1.0,24,2049,True,,0.0844934506520758,0.1425871529543859,0.7906746031746031,nan,nan,nan,nan,1.0,0.875,nan,nan,nan,nan,nan,1.0,0.3333333333333333,0.9047619047619049,0.6309523809523809
Figure 2,1.0,24,2049,True,,0.5039476930479895,0.48824104863064743,0.5087723872790566,nan,nan,nan,0.5350895491162265,nan,nan,nan,1.0,0.5,0.0,nan,nan,nan,nan,nan
Correlation Analysis,1.0,24,2049,True,,0.04204358184868204,0.4369098339691075,0.8270388615216201,0.7857142857142857,nan,0.6666666666666666,0.8557744937055282,1.0,nan,nan,nan,nan,nan,nan,nan,nan,nan,nan
Variance Analysis,1.0,24,2049,True,,0.3797863994046135,0.35827079924747796,0.6964285714285715,nan,nan,nan,0.7142857142857143,nan,0.875,0.5,nan,nan,nan,nan,nan,nan,nan,nan
Logistic Regression,1.0,25,2050,True,,0.06848437224511184,0.7057261449421561,0.7351190476190477,1.0,1.0,0.3333333333333333,0.6071428571428572,nan,nan,nan,nan,nan,nan,nan,nan,nan,nan,nan
Multiple Linear Regression,1.0,25,2050,True,,0.014720934997099385,0.3354643296868417,0.7544642857142858,0.875,1.0,0.3333333333333333,0.8095238095238095,nan,nan,nan,nan,nan,nan,0.0026384138485229247,nan,nan,nan,nan
Figure 1,1.0,25,2050,True,,0.08600669056613729,0.14514082509604637,0.753968253968254,nan,nan,nan,nan,0.6666666666666666,0.75,nan,nan,nan,nan,nan,1.0,0.3333333333333333,0.9047619047619049,0.8690476190476191
Figure 2,1.0,25,2050,True,,0.5236265735740188,0.5073065933219907,0.5373660332279089,nan,nan,nan,0.6494641329116355,nan,nan,nan,1.0,0.0,0.5,nan,nan,nan,nan,nan
Correlation Analysis,1.0,25,2050,True,,0.04531318040797728,0.47088695249408624,0.7316981390257252,0.8214285714285714,nan,0.6666666666666666,0.7720306513409961,0.6666666666666666,nan,nan,nan,nan,nan,nan,nan,nan,nan,nan
Variance Analysis,1.0,25,2050,True,,0.3229634436241605,0.3046669687391133,0.6865079365079364,nan,nan,nan,0.8095238095238095,nan,0.75,0.5,nan,nan,nan,nan,nan,nan,nan,nan
Logistic Regression,1.0,26,2051,True,,0.10820367781074589,1.1150305085170913,0.730654761904762,0.875,1.0,0.3333333333333333,0.7142857142857143,nan,nan,nan,nan,nan,nan,nan,nan,nan,nan,nan
Multiple Linear Regression,1.0,26,2051,True,,0.03400144832054826,0.7748334648228528,0.6755952380952381,1.0,1.0,0.3333333333333333,0.369047619047619,nan,nan,nan,nan,nan,nan,0.0022970688178729493,nan,nan,nan,nan
Figure 1,1.0,26,2051,True,,0.07067782157925846,0.11927255045485514,0.8253968253968255,nan,nan,nan,nan,1.0,1.0,nan,nan,nan,nan,nan,0.75,0.6666666666666666,0.8333333333333333,0.7023809523809524
Figure 2,1.0,26,2051,True,,0.5058809781245734,0.4901140786020406,0.5183422643107547,nan,nan,nan,0.573369057243019,nan,nan,nan,1.0,0.5,0.0,nan,nan,nan,nan,nan
Correlation Analysis,1.0,26,2051,True,,0.03880371606539638,0.4032416934535794,0.8995963327859879,0.75,nan,1.0,0.8483853311439518,1.0,nan,nan,nan,nan,nan,nan,nan,nan,nan,nan
Variance Analysis,1.0,26,2051,True,,0.38385802116248174,0.3621117561214254,0.7380952380952381,nan,nan,nan,0.7142857142857142,nan,1.0,0.5,nan,nan,nan,nan,nan,nan,nan,nan
Logistic Regression,1.0,27,2052,True,,0.10807935716842933,1.1137493939392313,0.7113095238095238,0.75,1.0,0.3333333333333333,0.761904761904762,nan,nan,nan,nan,nan,nan,nan,nan,nan,nan,nan
Multiple Linear Regression,1.0,27,2052,True,,0.012159731431416613,0.2770989855342714,0.8616071428571428,0.875,1.0,0.6666666666666666,0.9047619047619049,nan,nan,nan,nan,nan,nan,0.00042941570388577155,nan,nan,nan,nan
Figure 1,1.0,27,2052,True,,0.11138597162867891,0.18796970003024896,0.5525793650793651,nan,nan,nan,nan,0.0,0.875,nan,nan,nan,nan,nan,0.75,0.3333333333333333,0.8571428571428572,0.5
Figure 2,1.0,27,2052,True,,0.5283576265199081,0.5118901925393169,0.5057220105189577,nan,nan,nan,0.5228880420758308,nan,nan,nan,1.0,0.0,0.5,nan,nan,nan,nan,nan
Correlation Analysis,1.0,27,2052,True,,0.04996869602378276,0.5192662880621836,0.5120073891625616,0.9642857142857143,nan,0.3333333333333333,0.7504105090311987,0.0,nan,nan,nan,nan,nan,nan,nan,nan,nan,nan
Variance Analysis,1.0,27,2052,True,,0.3217302352100083,0.3035036238566487,0.7083333333333334,nan,nan,nan,0.75,nan,0.875,0.5,nan,nan,nan,nan,nan,nan,nan,nan
Logistic Regression,1.0,28,2053,True,,0.13493285285059206,1.390472584423703,0.6324404761904762,0.625,1.0,0.3333333333333333,0.5714285714285714,nan,nan,nan,nan,nan,nan,nan,nan,nan,nan,nan
Multiple Linear Regression,1.0,28,2053,True,,0.029128320963846908,0.6637834260504146,0.8869047619047619,0.75,1.0,1.0,0.7976190476190477,nan,nan,nan,nan,nan,nan,0.0018003903835531743,nan,nan,nan,nan
Figure 1,1.0,28,2053,True,,0.12014394211195335,0.2027492369911764,0.748015873015873,nan,nan,nan,nan,1.0,0.875,nan,nan,nan,nan,nan,0.875,0.3333333333333333,0.7738095238095237,0.6309523809523809
Figure 2,1.0,28,2053,True,,0.5141401650568059,0.49811584970697487,0.7007615265009436,nan,nan,nan,0.8030461060037744,nan,nan,nan,1.0,0.5,0.5,nan,nan,nan,nan,nan
Correlation Analysis,1.0,28,2053,True,,0.04304520553037122,0.4473185388706396,0.8028530377668308,0.75,nan,0.6666666666666666,0.7947454844006567,1.0,nan,nan,nan,nan,nan,nan,nan,nan,nan,nan
Variance Analysis,1.0,28,2053,True,,0.36316690498669557,0.3425928298480184,0.611111111111111,nan,nan,nan,0.45833333333333326,nan,0.875,0.5,nan,nan,nan,nan,nan,nan,nan,nan
Logistic Regression,1.0,29,2054,True,,0.08442353662661772,0.8699779977926051,0.7023809523809524,1.0,1.0,0.3333333333333333,0.47619047619047616,nan,nan,nan,nan,nan,nan,nan,nan,nan,nan,nan
Multiple Linear Regression,1.0,29,2054,True,,0.028673483743669518,0.6534184823010197,0.6785714285714286,0.875,0.875,0.3333333333333333,0.6309523809523809,nan,nan,nan,nan,nan,nan,0.006765974963982679,nan,nan,nan,nan
Figure 1,1.0,29,2054,True,,0.07986212776885233,0.13477155139905864,0.6081349206349206,nan,nan,nan,nan,0.0,0.75,nan,nan,nan,nan,nan,0.75,0.6666666666666666,0.8392857142857144,0.6428571428571429
Figure 2,1.0,29,2054,True,,0.5244753173142644,0.5081288840864348,0.32301247550899637,nan,nan,nan,0.29204990203598546,nan,nan,nan,1.0,0.0,0.0,nan,nan,nan,nan,nan
Correlation Analysis,1.0,29,2054,True,,0.05877082051716934,0.6107364859350013,0.5515188834154351,0.8571428571428571,nan,0.6666666666666666,0.6822660098522167,0.0,nan,nan,nan,nan,nan,nan,nan,nan,nan,nan
Variance Analysis,1.0,29,2054,True,,0.4235759387077225,0.39957958036601826,0.6428571428571429,nan,nan,nan,0.6785714285714286,nan,0.75,0.5,nan,nan,nan,nan,nan,nan,nan,nan
Logistic Regression,1.0,30,2055,True,,0.12209085199979462,1.2581367615685253,0.5758928571428571,0.625,1.0,0.3333333333333333,0.34523809523809523,nan,nan,nan,nan,nan,nan,nan,nan,nan,nan,nan
Multiple Linear Regression,1.0,30,2055,True,,0.01969277221590652,0.44876379335867117,0.6979166666666667,0.75,0.875,0.3333333333333333,0.8333333333333335,nan,nan,nan,nan,nan,nan,0.010394000582584995,nan,nan,nan,nan
Figure 1,1.0,30,2055,True,,0.08208464091081012,0.138522159509744,0.701388888888889,nan,nan,nan,nan,0.5,0.75,nan,nan,nan,nan,nan,0.875,0.3333333333333333,0.9047619047619049,0.8452380952380953
Figure 2,1.0,30,2055,True,,0.5178564530818263,0.5017163113965112,0.325255058922325,nan,nan,nan,0.30102023568930003,nan,nan,nan,1.0,0.0,0.0,nan,nan,nan,nan,nan
Correlation Analysis,1.0,30,2055,True,,0.04448858827257801,0.46231792965806395,0.7936850027367268,0.8214285714285714,nan,1.0,0.8533114395183361,0.5,nan,nan,nan,nan,nan,nan,nan,nan,nan,nan
Variance Analysis,1.0,30,2055,True,,0.4448037928233386,0.41960483738478843,0.6924603174603176,nan,nan,nan,0.8273809523809524,nan,0.75,0.5,nan,nan,nan,nan,nan,nan,nan,nan
Logistic Regression,1.0,31,2056,True,,0.149871968810239,1.5444190158418283,0.6235119047619048,0.625,1.0,0.3333333333333333,0.5357142857142857,nan,nan,nan,nan,nan,nan,nan,nan,nan,nan,nan
Multiple Linear Regression,1.0,31,2056,True,,0.03592777664583868,0.8187311140229653,0.6130952380952381,0.625,0.875,0.3333333333333333,0.6190476190476191,nan,nan,nan,nan,nan,nan,0.004568204856278735,nan,nan,nan,nan
Figure 1,1.0,31,2056,True,,0.07159842390898193,0.12082611542569495,0.6785714285714285,nan,nan,nan,nan,0.6666666666666666,1.0,nan,nan,nan,nan,nan,0.875,0.3333333333333333,0.9583333333333334,0.23809523809523803
Figure 2,1.0,31,2056,True,,0.514095827230905,0.49807289376747854,0.4268925436845261,nan,nan,nan,0.20757017473810452,nan,nan,nan,1.0,0.0,0.5,nan,nan,nan,nan,nan
Correlation Analysis,1.0,31,2056,True,,0.04381422682513559,0.4553100788736649,0.7176724137931033,0.75,nan,0.6666666666666666,0.7873563218390804,0.6666666666666666,nan,nan,nan,nan,nan,nan,nan,nan,nan,nan
Variance Analysis,1.0,31,2056,True,,0.4335173926452711,0.4089578325979867,0.9583333333333334,nan,nan,nan,0.875,nan,1.0,1.0,nan,nan,nan,nan,nan,nan,nan,nan
Logistic Regression,1.0,32,2057,True,,0.15563433736661272,1.6037997769367915,0.6130952380952381,0.5,1.0,0.3333333333333333,0.6190476190476191,nan,nan,nan,nan,nan,nan,nan,nan,nan,nan,nan
Multiple Linear Regression,1.0,32,2057,True,,0.038504958746903066,0.87746058101571,0.6056547619047619,1.0,0.875,0.0,0.5476190476190477,nan,nan,nan,nan,nan,nan,0.014432656942956035,nan,nan,nan,nan
Figure 1,1.0,32,2057,True,,0.0828979645649724,0.1398946860592276,0.7450396825396824,nan,nan,nan,nan,0.6666666666666666,0.75,nan,nan,nan,nan,nan,1.0,0.3333333333333333,0.9464285714285714,0.7738095238095238
Figure 2,1.0,32,2057,True,,0.49619000704102606,0.48072514806549405,0.44018826855188664,nan,nan,nan,0.2607530742075467,nan,nan,nan,1.0,0.0,0.5,nan,nan,nan,nan,nan
Correlation Analysis,1.0,32,2057,True,,0.03798465358019447,0.3947301338127323,0.7720306513409961,0.8571428571428571,nan,0.6666666666666666,0.8976464148877942,0.6666666666666666,nan,nan,nan,nan,nan,nan,nan,nan,nan,nan
Variance Analysis,1.0,32,2057,True,,0.42436368327552804,0.4003226977508246,0.6964285714285715,nan,nan,nan,0.8392857142857144,nan,0.75,0.5,nan,nan,nan,nan,nan,nan,nan,nan
Logistic Regression,1.0,33,2058,True,,0.10109608514621028,1.0417873173112335,0.7023809523809523,0.5,1.0,0.6666666666666666,0.6428571428571429,nan,nan,nan,nan,nan,nan,nan,nan,nan,nan,nan
Multiple Linear Regression,1.0,33,2058,True,,0.022291998684363698,0.5079956128808071,0.7366071428571429,0.875,1.0,0.3333333333333333,0.7380952380952381,nan,nan,nan,nan,nan,nan,0.004041570256352989,nan,nan,nan,nan
Figure 1,1.0,33,2058,True,,0.09550155458684095,0.16116390875463651,0.7767857142857143,nan,nan,nan,nan,1.0,0.75,nan,nan,nan,nan,nan,1.0,0.3333333333333333,0.7559523809523809,0.8214285714285714
Figure 2,1.0,33,2058,True,,0.5150982684833999,0.49904409172127534,0.3702436285365765,nan,nan,nan,0.480974514146306,nan,nan,nan,1.0,0.0,0.0,nan,nan,nan,nan,nan
Correlation Analysis,1.0,33,2058,True,,0.04676726099867199,0.4859975135244149,0.8086001642036125,0.75,nan,0.6666666666666666,0.8177339901477833,1.0,nan,nan,nan,nan,nan,nan,nan,nan,nan,nan
Variance Analysis,1.0,33,2058,True,,0.39951445812704195,0.37688122704891064,0.8234126984126985,nan,nan,nan,0.7202380952380952,nan,0.75,1.0,nan,nan,nan,nan,nan,nan,nan,nan
Logistic Regression,1.0,34,2059,True,,0.10933388299646665,1.1266771853072006,0.65625,0.625,1.0,0.3333333333333333,0.6666666666666667,nan,nan,nan,nan,nan,nan,nan,nan,nan,nan,nan
Multiple Linear Regression,1.0,34,2059,True,,0.016825701359933793,0.383428269286791,0.8556547619047619,0.875,1.0,0.6666666666666666,0.880952380952381,nan,nan,nan,nan,nan,nan,6.643808574380294e-05,nan,nan,nan,nan
Figure 1,1.0,34,2059,True,,0.07613040563339203,0.12847407353768936,0.8988095238095237,nan,nan,nan,nan,1.0,0.875,nan,nan,nan,nan,nan,0.75,1.0,0.9226190476190477,0.8452380952380953
Figure 2,1.0,34,2059,True,,0.5142582274711749,0.4982302324450856,0.4203941031231507,nan,nan,nan,0.1815764124926027,nan,nan,nan,1.0,0.0,0.5,nan,nan,nan,nan,nan
Correlation Analysis,1.0,34,2059,True,,0.05252675616259867,0.5458492189493646,0.7751094690749862,0.6428571428571429,nan,0.6666666666666666,0.7909140667761356,1.0,nan,nan,nan,nan,nan,nan,nan,nan,nan,nan
Variance Analysis,1.0,34,2059,True,,0.4034389939247658,0.3805834306537003,0.628968253968254,nan,nan,nan,0.5119047619047619,nan,0.875,0.5,nan,nan,nan,nan,nan,nan,nan,nan
Logistic Regression,1.0,35,2060,True,,0.09944653859803215,1.0247888680565356,0.8303571428571428,0.75,1.0,0.6666666666666666,0.9047619047619049,nan,nan,nan,nan,nan,nan,nan,nan,nan,nan,nan
Multiple Linear Regression,1.0,35,2060,True,,0.021985063853274058,0.5010011055761203,0.7366071428571429,0.875,1.0,0.3333333333333333,0.7380952380952381,nan,nan,nan,nan,nan,nan,0.002543872312983364,nan,nan,nan,nan
Figure 1,1.0,35,2060,True,,0.08727243290353592,0.14727683202759748,0.7162698412698414,nan,nan,nan,nan,0.3333333333333333,0.75,nan,nan,nan,nan,nan,0.875,0.6666666666666666,0.7916666666666667,0.880952380952381
Figure 2,1.0,35,2060,True,,0.5144828705174226,0.4984478739939617,0.27380718233170387,nan,nan,nan,0.09522872932681559,nan,nan,nan,1.0,0.0,0.0,nan,nan,nan,nan,nan
Correlation Analysis,1.0,35,2060,True,,0.048938676145875985,0.5085624946636857,0.5914066776135742,0.8571428571428571,nan,0.3333333333333333,0.8418171866447729,0.3333333333333333,nan,nan,nan,nan,nan,nan,nan,nan,nan,nan
Variance Analysis,1.0,35,2060,True,,0.3313997932907737,0.31262538363371467,0.6527777777777778,nan,nan,nan,0.7083333333333334,nan,0.75,0.5,nan,nan,nan,nan,nan,nan,nan,nan
Logistic Regression,1.0,36,2061,True,,0.12724472827814953,1.3112470569277976,0.47619047619047616,0.25,1.0,0.3333333333333333,0.3214285714285714,nan,nan,nan,nan,nan,nan,nan,nan,nan,nan,nan
Multiple Linear Regression,1.0,36,2061,True,,0.019184848606609333,0.43718910376466275,0.8273809523809523,0.75,1.0,0.6666666666666666,0.8928571428571429,nan,nan,nan,nan,nan,nan,0.0019986340123225865,nan,nan,nan,nan
Figure 1,1.0,36,2061,True,,0.08407027709586487,0.14187302526614462,0.875,nan,nan,nan,nan,1.0,0.875,nan,nan,nan,nan,nan,0.875,0.6666666666666666,0.9642857142857143,0.8690476190476191
Figure 2,1.0,36,2061,True,,0.5083235590174008,0.4924805310591722,0.3222776916350054,nan,nan,nan,0.2891107665400216,nan,nan,nan,1.0,0.0,0.0,nan,nan,nan,nan,nan
Correlation Analysis,1.0,36,2061,True,,0.0371215146525251,0.3857605391921417,0.8229337712096333,0.7857142857142857,nan,0.6666666666666666,0.8393541324575807,1.0,nan,nan,nan,nan,nan,nan,nan,nan,nan,nan
Variance Analysis,1.0,36,2061,True,,0.4128718754380292,0.38948192202743487,0.9464285714285715,nan,nan,nan,0.9642857142857143,nan,0.875,1.0,nan,nan,nan,nan,nan,nan,nan,nan
Logistic Regression,1.0,37,2062,True,,0.1339921633229234,1.380778851792658,0.730654761904762,0.875,1.0,0.3333333333333333,0.7142857142857143,nan,nan,nan,nan,nan,nan,nan,nan,nan,nan,nan
Multiple Linear Regression,1.0,37,2062,True,,0.020629154542293707,0.47010230681002313,0.9300595238095238,0.875,1.0,1.0,0.8452380952380953,nan,nan,nan,nan,nan,nan,0.002902670517166306,nan,nan,nan,nan
Figure 1,1.0,37,2062,True,,0.08217094518340126,0.13866780252019748,0.8323412698412699,nan,nan,nan,nan,0.6666666666666666,0.875,nan,nan,nan,nan,nan,1.0,0.6666666666666666,0.8690476190476191,0.9166666666666667
Figure 2,1.0,37,2062,True,,0.5350660702304071,0.5183895527647475,0.9704781933587634,nan,nan,nan,0.8819127734350534,nan,nan,nan,1.0,1.0,1.0,nan,nan,nan,nan,nan
Correlation Analysis,1.0,37,2062,True,,0.0474414222896906,0.49300328431690915,0.7302271483305965,0.7857142857142857,nan,0.6666666666666666,0.8018609742747673,0.6666666666666666,nan,nan,nan,nan,nan,nan,nan,nan,nan,nan
Variance Analysis,1.0,37,2062,True,,0.40081945406641045,0.37811229256085427,0.6984126984126985,nan,nan,nan,0.7202380952380953,nan,0.875,0.5,nan,nan,nan,nan,nan,nan,nan,nan
Logistic Regression,1.0,38,2063,True,,0.11467980693363937,1.1817665168970681,0.5833333333333334,0.75,1.0,0.3333333333333333,0.24999999999999994,nan,nan,nan,nan,nan,nan,nan,nan,nan,nan,nan
Multiple Linear Regression,1.0,38,2063,True,,0.0319801462942335,0.7287715312917324,0.8452380952380952,0.75,0.75,1.0,0.880952380952381,nan,nan,nan,nan,nan,nan,0.010961062461825932,nan,nan,nan,nan
Figure 1,1.0,38,2063,True,,0.08840454255644571,0.14918732675819252,0.8422619047619048,nan,nan,nan,nan,1.0,0.875,nan,nan,nan,nan,nan,0.875,0.6666666666666666,0.9226190476190477,0.7142857142857143
Figure 2,1.0,38,2063,True,,0.5178342944185264,0.5016948433569605,0.6074552254418868,nan,nan,nan,0.429820901767547,nan,nan,nan,1.0,0.5,0.5,nan,nan,nan,nan,nan
Correlation Analysis,1.0,38,2063,True,,0.05053887352393795,0.5251914767823626,0.8091133004926108,0.8571428571428571,nan,0.6666666666666666,0.7126436781609196,1.0,nan,nan,nan,nan,nan,nan,nan,nan,nan,nan
Variance Analysis,1.0,38,2063,True,,0.3779553926579535,0.35654352241086196,0.7123015873015873,nan,nan,nan,0.7619047619047619,nan,0.875,0.5,nan,nan,nan,nan,nan,nan,nan,nan
Logistic Regression,1.0,39,2064,True,,0.11264368871419693,1.1607844765490798,0.6770833333333333,0.625,1.0,0.3333333333333333,0.75,nan,nan,nan,nan,nan,nan,nan,nan,nan,nan,nan
Multiple Linear Regression,1.0,39,2064,True,,0.024573532763597104,0.5599877791867196,0.7961309523809523,0.625,1.0,0.6666666666666666,0.8928571428571429,nan,nan,nan,nan,nan,nan,0.005236996049125531,nan,nan,nan,nan
Figure 1,1.0,39,2064,True,,0.07956711630671937,0.13427370400201408,0.6726190476190476,nan,nan,nan,nan,0.0,0.875,nan,nan,nan,nan,nan,0.875,0.6666666666666666,0.9285714285714286,0.6904761904761905
Figure 2,1.0,39,2064,True,,0.5099533899384615,0.4940595646949379,0.65670914308949,nan,nan,nan,0.6268365723579603,nan,nan,nan,1.0,0.5,0.5,nan,nan,nan,nan,nan
Correlation Analysis,1.0,39,2064,True,,0.05878900588118206,0.6109254651803963,0.48511904761904756,0.8214285714285714,nan,0.3333333333333333,0.7857142857142857,0.0,nan,nan,nan,nan,nan,nan,nan,nan,nan,nan
Variance Analysis,1.0,39,2064,True,,0.2911596062918273,0.2746648774634525,0.7222222222222223,nan,nan,nan,0.7916666666666667,nan,0.875,0.5,nan,nan,nan,nan,nan,nan,nan,nan
Logistic Regression,1.0,40,2065,True,,0.10129528709884543,1.0438400779847927,0.78125,0.625,1.0,0.6666666666666666,0.8333333333333335,nan,nan,nan,nan,nan,nan,nan,nan,nan,nan,nan
Multiple Linear Regression,1.0,40,2065,True,,0.017743068795380193,0.40433346667195724,0.8586309523809523,0.875,1.0,0.6666666666666666,0.8928571428571429,nan,nan,nan,nan,nan,nan,0.0016013482455127237,nan,nan,nan,nan
Figure 1,1.0,40,2065,True,,0.06320912495981952,0.10666873111705798,0.6765873015873015,nan,nan,nan,nan,0.3333333333333333,0.875,nan,nan,nan,nan,nan,0.875,0.3333333333333333,0.8928571428571429,0.75
Figure 2,1.0,40,2065,True,,0.49743516562334106,0.4819314985267174,0.8484875828246247,nan,nan,nan,0.8939503312984987,nan,nan,nan,1.0,1.0,0.5,nan,nan,nan,nan,nan
Correlation Analysis,1.0,40,2065,True,,0.03602760087086947,0.3743927710880866,0.7783935413245758,0.8571428571428571,nan,1.0,0.9230979748221128,0.3333333333333333,nan,nan,nan,nan,nan,nan,nan,nan,nan,nan
Variance Analysis,1.0,40,2065,True,,0.40567735971895397,0.38269498889630515,0.7261904761904763,nan,nan,nan,0.8035714285714286,nan,0.875,0.5,nan,nan,nan,nan,nan,nan,nan,nan
Logistic Regression,1.0,41,2066,True,,0.13209977635553433,1.3612779508505517,0.7336309523809523,0.625,1.0,0.6666666666666666,0.6428571428571429,nan,nan,nan,nan,nan,nan,nan,nan,nan,nan,nan
Multiple Linear Regression,1.0,41,2066,True,,0.015387283089163173,0.3506492358144979,0.7395833333333334,0.875,1.0,0.3333333333333333,0.75,nan,nan,nan,nan,nan,nan,0.0017542722910132147,nan,nan,nan,nan
Figure 1,1.0,41,2066,True,,0.07941717385202257,0.13402066820388758,0.746031746031746,nan,nan,nan,nan,0.5,0.75,nan,nan,nan,nan,nan,0.875,0.6666666666666666,0.9107142857142857,0.7738095238095238
Figure 2,1.0,41,2066,True,,0.5252850558232147,0.5089133853038832,0.375,nan,nan,nan,0.5,nan,nan,nan,1.0,0.0,0.0,nan,nan,nan,nan,nan
Correlation Analysis,1.0,41,2066,True,,0.05310436147280464,0.5518515962227861,0.6816502463054187,0.7857142857142857,nan,0.6666666666666666,0.7742200328407225,0.5,nan,nan,nan,nan,nan,nan,nan,nan,nan,nan
Variance Analysis,1.0,41,2066,True,,0.3206651579058744,0.30249888514665113,0.7023809523809524,nan,nan,nan,0.8571428571428572,nan,0.75,0.5,nan,nan,nan,nan,nan,nan,nan,nan
Logistic Regression,1.0,42,2067,True,,0.15389425946954846,1.5858684091526345,0.4851190476190476,0.5,1.0,0.0,0.44047619047619047,nan,nan,nan,nan,nan,nan,nan,nan,nan,nan,nan
Multiple Linear Regression,1.0,42,2067,True,,0.019944335168810626,0.45449647252522185,0.8497023809523809,0.875,1.0,0.6666666666666666,0.8571428571428572,nan,nan,nan,nan,nan,nan,0.0033978112604999833,nan,nan,nan,nan
Figure 1,1.0,42,2067,True,,0.08454899931961046,0.14268089425969482,0.5992063492063492,nan,nan,nan,nan,0.0,0.75,nan,nan,nan,nan,nan,0.875,0.3333333333333333,0.8630952380952381,0.7738095238095238
Figure 2,1.0,42,2067,True,,0.5003440503070944,0.48474972138582306,0.3226799139023414,nan,nan,nan,0.2907196556093655,nan,nan,nan,1.0,0.0,0.0,nan,nan,nan,nan,nan
Correlation Analysis,1.0,42,2067,True,,0.05623559251711163,0.5843908227951283,0.3952175697865353,0.75,nan,0.0,0.8308702791461412,0.0,nan,nan,nan,nan,nan,nan,nan,nan,nan,nan
Variance Analysis,1.0,42,2067,True,,0.33322716530360147,0.3143492316508754,0.6785714285714285,nan,nan,nan,0.7857142857142858,nan,0.75,0.5,nan,nan,nan,nan,nan,nan,nan,nan
Logistic Regression,1.0,43,2068,True,,0.09517693947413877,0.9807909801972544,0.8035714285714286,0.75,1.0,0.6666666666666666,0.7976190476190477,nan,nan,nan,nan,nan,nan,nan,nan,nan,nan,nan
Multiple Linear Regression,1.0,43,2068,True,,0.02020096279572664,0.4603445667433859,0.7976190476190476,0.75,1.0,0.6666666666666666,0.7738095238095238,nan,nan,nan,nan,nan,nan,0.004061498258329355,nan,nan,nan,nan
Figure 1,1.0,43,2068,True,,0.09227403100090531,0.15571729252982755,0.7202380952380953,nan,nan,nan,nan,0.3333333333333333,0.75,nan,nan,nan,nan,nan,0.875,0.6666666666666666,0.8035714285714286,0.8928571428571429
Figure 2,1.0,43,2068,True,,0.5026625728810699,0.4869959820759852,0.5111648565369812,nan,nan,nan,0.5446594261479246,nan,nan,nan,1.0,0.5,0.0,nan,nan,nan,nan,nan
Correlation Analysis,1.0,43,2068,True,,0.049078550166584,0.51001604197048,0.6561986863711001,0.7857142857142857,nan,0.6666666666666666,0.8390804597701149,0.3333333333333333,nan,nan,nan,nan,nan,nan,nan,nan,nan,nan
Variance Analysis,1.0,43,2068,True,,0.44071603227121164,0.4157486560090499,0.6686507936507936,nan,nan,nan,0.755952380952381,nan,0.75,0.5,nan,nan,nan,nan,nan,nan,nan,nan
Logistic Regression,1.0,44,2069,True,,0.17973205133948367,1.852124850621128,0.5550595238095238,0.875,1.0,0.0,0.34523809523809523,nan,nan,nan,nan,nan,nan,nan,nan,nan,nan,nan
Multiple Linear Regression,1.0,44,2069,True,,0.027263363926688048,0.6212843210351062,0.7008928571428572,0.875,1.0,0.3333333333333333,0.5952380952380952,nan,nan,nan,nan,nan,nan,0.001955093038014444,nan,nan,nan,nan
Figure 1,1.0,44,2069,True,,0.10134469356748152,0.1710245138682456,0.8244047619047619,nan,nan,nan,nan,1.0,0.875,nan,nan,nan,nan,nan,0.75,0.6666666666666666,0.9285714285714286,0.7261904761904762
Figure 2,1.0,44,2069,True,,0.5417422387576958,0.5248576437344348,0.368658171382102,nan,nan,nan,0.4746326855284079,nan,nan,nan,1.0,0.0,0.0,nan,nan,nan,nan,nan
Correlation Analysis,1.0,44,2069,True,,0.046708614541657326,0.4853880694030892,0.8948070607553367,0.8214285714285714,nan,1.0,0.7577996715927751,1.0,nan,nan,nan,nan,nan,nan,nan,nan,nan,nan
Variance Analysis,1.0,44,2069,True,,0.3137081764784879,0.2959360295513822,0.753968253968254,nan,nan,nan,0.886904761904762,nan,0.875,0.5,nan,nan,nan,nan,nan,nan,nan,nan
Logistic Regression,1.0,45,2070,True,,0.10728962765837344,1.1056112925825587,0.7127976190476191,0.875,1.0,0.3333333333333333,0.6428571428571429,nan,nan,nan,nan,nan,nan,nan,nan,nan,nan,nan
Multiple Linear Regression,1.0,45,2070,True,,0.028036246404404056,0.6388969592516864,0.7366071428571429,1.0,0.875,0.3333333333333333,0.7380952380952381,nan,nan,nan,nan,nan,nan,0.008923052968417222,nan,nan,nan,nan
Figure 1,1.0,45,2070,True,,0.08998529486590656,0.1518549296267298,0.6785714285714285,nan,nan,nan,nan,1.0,0.875,nan,nan,nan,nan,nan,0.875,0.0,0.8809523809523809,0.44047619047619047
Figure 2,1.0,45,2070,True,,0.5068402939854199,0.4910434952623984,0.6552449127430622,nan,nan,nan,0.6209796509722486,nan,nan,nan,1.0,0.5,0.5,nan,nan,nan,nan,nan
Correlation Analysis,1.0,45,2070,True,,0.05193998948730021,0.5397516383101619,0.8021004378762999,0.8928571428571429,nan,0.6666666666666666,0.6488779419813903,1.0,nan,nan,nan,nan,nan,nan,nan,nan,nan,nan
Variance Analysis,1.0,45,2070,True,,0.3066134162528278,0.28924320058093644,0.748015873015873,nan,nan,nan,0.8690476190476191,nan,0.875,0.5,nan,nan,nan,nan,nan,nan,nan,nan
Logistic Regression,1.0,46,2071,True,,0.09392525948551973,0.9678925149837925,0.8199404761904762,0.875,1.0,0.6666666666666666,0.7380952380952381,nan,nan,nan,nan,nan,nan,nan,nan,nan,nan,nan
Multiple Linear Regression,1.0,46,2071,True,,0.016703308248952196,0.38063914461897486,0.9315476190476191,0.875,0.875,1.0,0.9761904761904763,nan,nan,nan,nan,nan,nan,0.004443668269275003,nan,nan,nan,nan
Figure 1,1.0,46,2071,True,,0.12780600372149967,0.21567936994509035,0.7916666666666666,nan,nan,nan,nan,1.0,0.625,nan,nan,nan,nan,nan,0.875,0.6666666666666666,0.8095238095238095,0.7738095238095238
Figure 2,1.0,46,2071,True,,0.5210532374226227,0.5048134608831104,0.42865442804864734,nan,nan,nan,0.21461771219458942,nan,nan,nan,1.0,0.0,0.5,nan,nan,nan,nan,nan
Correlation Analysis,1.0,46,2071,True,,0.048953262266784044,0.5087140711798619,0.7945060207991241,0.75,nan,0.6666666666666666,0.7613574165298302,1.0,nan,nan,nan,nan,nan,nan,nan,nan,nan,nan
Variance Analysis,1.0,46,2071,True,,0.37316174253513634,0.3520214414108397,0.6448412698412699,nan,nan,nan,0.8095238095238096,nan,0.625,0.5,nan,nan,nan,nan,nan,nan,nan,nan
Logistic Regression,1.0,47,2072,True,,0.13013151468440126,1.3409951669705362,0.78125,0.625,1.0,0.6666666666666666,0.8333333333333335,nan,nan,nan,nan,nan,nan,nan,nan,nan,nan,nan
Multiple Linear Regression,1.0,47,2072,True,,0.029576268058533573,0.6739913559056744,0.8794642857142857,0.75,0.875,1.0,0.8928571428571429,nan,nan,nan,nan,nan,nan,0.009241962617528965,nan,nan,nan,nan
Figure 1,1.0,47,2072,True,,0.0838652504053126,0.1415270319156554,0.8521825396825397,nan,nan,nan,nan,1.0,0.75,nan,nan,nan,nan,nan,1.0,0.6666666666666666,0.8988095238095238,0.7976190476190477
Figure 2,1.0,47,2072,True,,0.5041148801613586,0.4884030249878665,0.5454569159005661,nan,nan,nan,0.6818276636022645,nan,nan,nan,1.0,0.5,0.0,nan,nan,nan,nan,nan
Correlation Analysis,1.0,47,2072,True,,0.04858218109087867,0.5048578579880983,0.7921113847837985,0.75,nan,0.6666666666666666,0.7517788724685276,1.0,nan,nan,nan,nan,nan,nan,nan,nan,nan,nan
Variance Analysis,1.0,47,2072,True,,0.3058164921006301,0.2884914236521284,0.6646825396825397,nan,nan,nan,0.7440476190476191,nan,0.75,0.5,nan,nan,nan,nan,nan,nan,nan,nan
Logistic Regression,1.0,48,2073,True,,0.08801895130155503,0.9070284671891918,0.6577380952380952,0.5,1.0,0.6666666666666666,0.4642857142857143,nan,nan,nan,nan,nan,nan,nan,nan,nan,nan,nan
Multiple Linear Regression,1.0,48,2073,True,,0.020257192787146536,0.4616259497794287,0.8318452380952381,0.875,1.0,0.6666666666666666,0.7857142857142858,nan,nan,nan,nan,nan,nan,0.002920734012130999,nan,nan,nan,nan
Figure 1,1.0,48,2073,True,,0.07809353483521077,0.13178695757318204,0.6736111111111112,nan,nan,nan,nan,0.5,0.75,nan,nan,nan,nan,nan,1.0,0.3333333333333333,0.9583333333333334,0.5
Figure 2,1.0,48,2073,True,,0.5006800736146327,0.4850752717838109,0.794392800325286,nan,nan,nan,0.6775712013011443,nan,nan,nan,1.0,0.5,1.0,nan,nan,nan,nan,nan
Correlation Analysis,1.0,48,2073,True,,0.04979527085854196,0.5174640829022111,0.622400109469075,0.7857142857142857,nan,0.3333333333333333,0.8705528188286809,0.5,nan,nan,nan,nan,nan,nan,nan,nan,nan,nan
Variance Analysis,1.0,48,2073,True,,0.44448408424471597,0.4193032408869439,0.7083333333333334,nan,nan,nan,0.875,nan,0.75,0.5,nan,nan,nan,nan,nan,nan,nan,nan
Logistic Regression,1.0,49,2074,True,,0.15185941199770153,1.56489946376007,0.6354166666666667,0.875,1.0,0.3333333333333333,0.33333333333333326,nan,nan,nan,nan,nan,nan,nan,nan,nan,nan,nan
Multiple Linear Regression,1.0,49,2074,True,,0.01814232683805382,0.41343185829477064,0.8139880952380952,0.875,1.0,0.6666666666666666,0.7142857142857143,nan,nan,nan,nan,nan,nan,0.004161913600638778,nan,nan,nan,nan
Figure 1,1.0,49,2074,True,,0.08948835762010385,0.15101632182305785,0.7579365079365079,nan,nan,nan,nan,0.6666666666666666,0.75,nan,nan,nan,nan,nan,0.75,0.6666666666666666,0.8928571428571429,0.8214285714285714
Figure 2,1.0,49,2074,True,,0.5008127593138708,0.48520382203977597,0.3766246101403439,nan,nan,nan,0.5064984405613755,nan,nan,nan,1.0,0.0,0.0,nan,nan,nan,nan,nan
Correlation Analysis,1.0,49,2074,True,,0.0424240920895352,0.4408640324185413,0.8324781061850027,0.8928571428571429,nan,1.0,0.7703886152162014,0.6666666666666666,nan,nan,nan,nan,nan,nan,nan,nan,nan,nan
Variance Analysis,1.0,49,2074,True,,0.3247123710988816,0.30631681624596585,0.6805555555555557,nan,nan,nan,0.7916666666666667,nan,0.75,0.5,nan,nan,nan,nan,nan,nan,nan,nan
Logistic Regression,1.0,50,2075,True,,0.1455873747733528,1.5002666065670294,0.6056547619047619,0.375,1.0,0.3333333333333333,0.7142857142857143,nan,nan,nan,nan,nan,nan,nan,nan,nan,nan,nan
Multiple Linear Regression,1.0,50,2075,True,,0.03013807443650535,0.6867939394397522,0.7366071428571428,0.625,1.0,0.6666666666666666,0.6547619047619048,nan,nan,nan,nan,nan,nan,0.008739723576010716,nan,nan,nan,nan
Figure 1,1.0,50,2075,True,,0.08055237831225544,0.13593638558501636,0.6507936507936508,nan,nan,nan,nan,0.3333333333333333,0.75,nan,nan,nan,nan,nan,0.875,0.3333333333333333,0.9583333333333334,0.6547619047619048
Figure 2,1.0,50,2075,True,,0.5463313745245826,0.5293037489355154,0.5907079406364151,nan,nan,nan,0.3628317625456601,nan,nan,nan,1.0,0.5,0.5,nan,nan,nan,nan,nan
Correlation Analysis,1.0,50,2075,True,,0.041880900935692196,0.43521928127214293,0.6733374384236454,0.8928571428571429,nan,0.6666666666666666,0.8004926108374384,0.3333333333333333,nan,nan,nan,nan,nan,nan,nan,nan,nan,nan
Variance Analysis,1.0,50,2075,True,,0.4552443333340465,0.4294539020148304,0.6825396825396824,nan,nan,nan,0.7976190476190477,nan,0.75,0.5,nan,nan,nan,nan,nan,nan,nan,nan
